
/*!40101 SET @OLD_CHARACTER_SET_CLIENT=@@CHARACTER_SET_CLIENT */;
/*!40101 SET @OLD_CHARACTER_SET_RESULTS=@@CHARACTER_SET_RESULTS */;
/*!40101 SET @OLD_COLLATION_CONNECTION=@@COLLATION_CONNECTION */;
/*!40101 SET NAMES utf8 */;
/*!40103 SET @OLD_TIME_ZONE=@@TIME_ZONE */;
/*!40103 SET TIME_ZONE='+00:00' */;
/*!40014 SET @OLD_UNIQUE_CHECKS=@@UNIQUE_CHECKS, UNIQUE_CHECKS=0 */;
/*!40014 SET @OLD_FOREIGN_KEY_CHECKS=@@FOREIGN_KEY_CHECKS, FOREIGN_KEY_CHECKS=0 */;
/*!40101 SET @OLD_SQL_MODE=@@SQL_MODE, SQL_MODE='NO_AUTO_VALUE_ON_ZERO' */;
/*!40111 SET @OLD_SQL_NOTES=@@SQL_NOTES, SQL_NOTES=0 */;
DROP TABLE IF EXISTS `accommodation_bookings`;
/*!40101 SET @saved_cs_client     = @@character_set_client */;
/*!40101 SET character_set_client = utf8 */;
CREATE TABLE `accommodation_bookings` (
  `id` int(10) unsigned NOT NULL AUTO_INCREMENT,
  `booking_id` int(11) NOT NULL,
  `name` varchar(255) COLLATE utf8mb4_unicode_ci NOT NULL,
  `star_category` decimal(2,1) NOT NULL,
  `total_pax` varchar(30) COLLATE utf8mb4_unicode_ci NOT NULL,
  `service_source` varchar(50) COLLATE utf8mb4_unicode_ci NOT NULL,
  `currency` varchar(10) COLLATE utf8mb4_unicode_ci NOT NULL,
  `total_price` decimal(8,2) NOT NULL,
  `status` varchar(20) COLLATE utf8mb4_unicode_ci NOT NULL,
  `total_rooms` smallint(6) NOT NULL,
  `country_code` varchar(5) COLLATE utf8mb4_unicode_ci NOT NULL,
  `destination_name` varchar(50) COLLATE utf8mb4_unicode_ci NOT NULL,
  `check_in` timestamp NULL DEFAULT NULL,
  `check_out` timestamp NULL DEFAULT NULL,
  `payment_deadline_date` timestamp NULL DEFAULT NULL,
  `cancelled_date` timestamp NULL DEFAULT NULL,
  `accommodation_details` text COLLATE utf8mb4_unicode_ci NOT NULL,
  `cancellation_details` varchar(500) COLLATE utf8mb4_unicode_ci DEFAULT NULL,
  `voucher_details` text COLLATE utf8mb4_unicode_ci,
  PRIMARY KEY (`id`),
  KEY `accommodation_bookings_booking_id_index` (`booking_id`),
  KEY `accommodation_bookings_service_source_index` (`service_source`),
  KEY `accommodation_bookings_currency_index` (`currency`),
  KEY `accommodation_bookings_country_code_index` (`country_code`),
  KEY `accommodation_bookings_check_in_index` (`check_in`),
  KEY `accommodation_bookings_check_out_index` (`check_out`),
  KEY `accommodation_bookings_payment_deadline_date_index` (`payment_deadline_date`),
  KEY `accommodation_bookings_cancelled_date_index` (`cancelled_date`)
) ENGINE=InnoDB AUTO_INCREMENT=41 DEFAULT CHARSET=utf8mb4 COLLATE=utf8mb4_unicode_ci;
/*!40101 SET character_set_client = @saved_cs_client */;

LOCK TABLES `accommodation_bookings` WRITE;
/*!40000 ALTER TABLE `accommodation_bookings` DISABLE KEYS */;
INSERT INTO `accommodation_bookings` VALUES (1,1,'Golden Tulip Al Barsha',4.0,'2(0-A, 2-C)','grn-connect','INR',625400.00,'confirmed',1,'UAE','Dubai','2018-01-05 00:00:00','2018-01-06 00:00:00','2018-01-05 00:00:00',NULL,'{\"description\":\"\\\"A deluxe hotel with variety of services and facilities, suitable for the comfortable stay of all types of travelers to Dubai. Golden Tulip Al Barsha Hotel has two banquet rooms for up to 100 people with modern meeting facilities \\u2013 all just few minutes from Dubai Internet City, Knowledge Village, Tecom and Palm Jumeirah. Sharaf DG Metro station is right behind hotel, providing fast transportation to any of Dubai\\u2019s attractions - Burj Khalifa and Dubai Fountain, Dubai Marina, the Gold Souq. Mall of the Emirates and Ski Dubai are within 15 min walking distance. The newly opened Al Maktoum International Airport, planned as the world\'s largest passenger and cargo hub, ten times larger than Dubai International Airport, is only 25 minutes drive away. The Golden Tulip Al Barsha offers a good choice of food and beverage venues including the FRESH all day dining as well as the Locker Room Sports Bar, the Catwalk Night Club and a 24 hours room service. We now have a rent a car desk at the disposition of our guests\",\"address\":\"Al Barsha 1 next to Sharaf DG Metro Station P.O. Box 125962 Dubai\",\"booking_reference\":\"bf4tpxam2aszjzz4uajhjtiyye\",\"booking_id\":\"GRN-201801-019883\",\"booking_comments\":\"Testing\",\"rooms\":[{\"price\":625399.75,\"cancellation_policy\":{\"under_cancellation\":false,\"details\":[{\"from\":\"2018-01-05T00:00:00\",\"flat_fee\":9864.35,\"currency\":\"INR\"}],\"cancel_by_date\":\"2018-01-04T23:59:59\",\"amount_type\":\"value\"},\"includes_boarding\":false,\"room_type\":\"Suite\",\"no_of_rooms\":1,\"no_of_children\":0,\"no_of_adults\":2}],\"paxes\":[{\"surname\":\"Gootla\",\"pax_id\":1,\"name\":\"Tirupathi\"},{\"surname\":\"Nalla\",\"pax_id\":2,\"name\":\"Manoj\"}],\"other_details\":{\"booking_reference\":\"bf4tpxam2aszjzz4uajhjtiyye\",\"booking_id\":\"GRN-201801-019883\"}}',NULL,NULL),(2,2,'Golden Tulip Al Barsha',4.0,'2(0-A, 2-C)','grn-connect','INR',625400.00,'confirmed',1,'UAE','Dubai','2018-01-05 00:00:00','2018-01-06 00:00:00','2018-01-05 00:00:00',NULL,'{\"description\":\"\\\"A deluxe hotel with variety of services and facilities, suitable for the comfortable stay of all types of travelers to Dubai. Golden Tulip Al Barsha Hotel has two banquet rooms for up to 100 people with modern meeting facilities \\u2013 all just few minutes from Dubai Internet City, Knowledge Village, Tecom and Palm Jumeirah. Sharaf DG Metro station is right behind hotel, providing fast transportation to any of Dubai\\u2019s attractions - Burj Khalifa and Dubai Fountain, Dubai Marina, the Gold Souq. Mall of the Emirates and Ski Dubai are within 15 min walking distance. The newly opened Al Maktoum International Airport, planned as the world\'s largest passenger and cargo hub, ten times larger than Dubai International Airport, is only 25 minutes drive away. The Golden Tulip Al Barsha offers a good choice of food and beverage venues including the FRESH all day dining as well as the Locker Room Sports Bar, the Catwalk Night Club and a 24 hours room service. We now have a rent a car desk at the disposition of our guests\",\"address\":\"Al Barsha 1 next to Sharaf DG Metro Station P.O. Box 125962 Dubai\",\"booking_reference\":\"bf4tpxam2aszjzz4uajhjtiyye\",\"booking_id\":\"GRN-201801-019883\",\"booking_comments\":\"Testing\",\"rooms\":[{\"price\":625399.75,\"cancellation_policy\":{\"under_cancellation\":false,\"details\":[{\"from\":\"2018-01-05T00:00:00\",\"flat_fee\":9864.35,\"currency\":\"INR\"}],\"cancel_by_date\":\"2018-01-04T23:59:59\",\"amount_type\":\"value\"},\"includes_boarding\":false,\"room_type\":\"Suite\",\"no_of_rooms\":1,\"no_of_children\":0,\"no_of_adults\":2}],\"paxes\":[{\"surname\":\"Gootla\",\"pax_id\":1,\"name\":\"Tirupathi\"},{\"surname\":\"Nalla\",\"pax_id\":2,\"name\":\"Manoj\"}],\"other_details\":{\"booking_reference\":\"bf4tpxam2aszjzz4uajhjtiyye\",\"booking_id\":\"GRN-201801-019883\"}}',NULL,NULL),(3,3,'Dubai Palm',3.0,'2(0-A, 2-C)','grn-connect','INR',172855.00,'confirmed',1,'UAE','Dubai','2018-01-05 00:00:00','2018-01-06 00:00:00','2018-01-05 00:00:00',NULL,'{\"description\":\"Dubai Palm Hotel is located in Deira, within walking distance from Al Ghurair Centre and Reef Mall. All of the spacious accommodations feature an individually controlled air conditioning, satellite TV, mini-fridge, hair dryer and IDD telephone. Safe deposit box is available at the reception. The hotel offers 2 restaurants and several night clubs that are located at the mezzanine floor. In room dining is also available via room service. Major attractions in Dubai include the Dubai Mall, Burj Khalifa, Mall of the Emirates, Gold Souk, Madinat Souk, Dubai Museum and the Palm Jumeirah. The Dubai Palm Hotel is approximately 10 minutes from Dubai International Airport.\",\"address\":\"P.O.Box 21969 Dubai\",\"booking_reference\":\"v26snj5dt6wxncjidq5pmbfeke\",\"booking_id\":\"GRN-201801-019886\",\"booking_comments\":\"Testing\",\"rooms\":[{\"price\":172854.56,\"cancellation_policy\":{\"under_cancellation\":true,\"details\":[{\"from\":\"2018-01-05T00:00:00\",\"flat_fee\":2726.41,\"currency\":\"INR\"},{\"from\":\"2018-01-04T00:00:00\",\"flat_fee\":2726.41,\"currency\":\"INR\"}],\"amount_type\":\"value\"},\"includes_boarding\":false,\"room_type\":\"Standard\",\"no_of_rooms\":1,\"no_of_children\":0,\"no_of_adults\":2}],\"paxes\":[{\"surname\":\"Gootla\",\"pax_id\":1,\"name\":\"Tirupathi\"},{\"surname\":\"Nalla\",\"pax_id\":2,\"name\":\"Manoj\"}],\"other_details\":{\"booking_reference\":\"v26snj5dt6wxncjidq5pmbfeke\",\"booking_id\":\"GRN-201801-019886\"}}',NULL,NULL),(4,4,'Danat Al Ain Resort',5.0,'22-A','grn-connect','INR',4028.00,'confirmed',1,'UAE','Abu Dhabi','2018-01-05 00:00:00','2018-01-06 00:00:00','2018-01-02 09:03:49',NULL,'{\"description\":\"This magnificent resort is nestled in a lush garden setting of Al Ain, within 75 minutes\' drive from Dubai and 90 minutes from Abu Dhabi. This impressive complex offers a variety of room types, all of them delightfully appointed in bright and cheery hues and cutting-edge comforts.  The units are air-conditioned and showcase commodious furniture and beds, where to curl up and watch a movie after all day out in the city. Furthermore, suites provide a fully furnished kitchenette and separate living and dining areas. This luxury hotel is home of various food and beverage outlets which include an international, authentic and Italian restaurants as well as Far East style restaurant featuring live cooking station. Visitors may while away at the sports bar, English pub, pool bar, tea lounge and Lebanese caf\\u00e9. Leisure facilities were designed with guests\' comfort in mind and include an outdoor swimming pool with rock formations and waterfalls, a fully equipped fitness centre, tennis and squash courts and a spa complemented with sauna and steam room.\",\"address\":\"P.O. Box 16031 Al Ain\",\"booking_reference\":\"r2p6wq25bgw25m2vz2xq6breju\",\"booking_id\":\"GRN-201801-019887\",\"booking_comments\":\"Testing\",\"rooms\":[{\"price\":4027.23,\"cancellation_policy\":{\"under_cancellation\":true,\"details\":[{\"percent\":100,\"from\":\"2018-01-02T09:03:49\",\"currency\":\"INR\"}],\"amount_type\":\"percent\"},\"room_type\":\"VIL.EJ\",\"description\":\"VILLA EXECUTIVE\",\"no_of_infants\":0,\"no_of_children\":0,\"no_of_adults\":2}],\"paxes\":[{\"type\":\"AD\",\"surname\":\"Nalla\",\"pax_id\":1,\"name\":\"Manoj\"},{\"type\":\"AD\",\"surname\":\"Gootla\",\"pax_id\":2,\"name\":\"Tirupathi\"}],\"other_details\":{\"booking_reference\":\"r2p6wq25bgw25m2vz2xq6breju\",\"booking_id\":\"GRN-201801-019887\"}}',NULL,NULL),(5,5,'Danat Al Ain Resort',5.0,'22-A','grn-connect','INR',3222.00,'confirmed',1,'UAE','Abu Dhabi','2018-01-05 00:00:00','2018-01-06 00:00:00','2018-01-02 09:06:14',NULL,'{\"description\":\"This magnificent resort is nestled in a lush garden setting of Al Ain, within 75 minutes\' drive from Dubai and 90 minutes from Abu Dhabi. This impressive complex offers a variety of room types, all of them delightfully appointed in bright and cheery hues and cutting-edge comforts.  The units are air-conditioned and showcase commodious furniture and beds, where to curl up and watch a movie after all day out in the city. Furthermore, suites provide a fully furnished kitchenette and separate living and dining areas. This luxury hotel is home of various food and beverage outlets which include an international, authentic and Italian restaurants as well as Far East style restaurant featuring live cooking station. Visitors may while away at the sports bar, English pub, pool bar, tea lounge and Lebanese caf\\u00e9. Leisure facilities were designed with guests\' comfort in mind and include an outdoor swimming pool with rock formations and waterfalls, a fully equipped fitness centre, tennis and squash courts and a spa complemented with sauna and steam room.\",\"address\":\"P.O. Box 16031 Al Ain\",\"booking_reference\":\"yu4h44xl53pfnqau3cmyda4peu\",\"booking_id\":\"GRN-201801-019888\",\"booking_comments\":\"Testing\",\"rooms\":[{\"price\":3221.92,\"cancellation_policy\":{\"under_cancellation\":true,\"details\":[{\"percent\":100,\"from\":\"2018-01-02T09:06:14\",\"currency\":\"INR\"}],\"amount_type\":\"percent\"},\"room_type\":\"SUI.EJ\",\"description\":\"SUITE EXECUTIVE\",\"no_of_infants\":0,\"no_of_children\":0,\"no_of_adults\":2}],\"paxes\":[{\"type\":\"AD\",\"surname\":\"Nalla\",\"pax_id\":1,\"name\":\"Manoj\"},{\"type\":\"AD\",\"surname\":\"Gootla\",\"pax_id\":2,\"name\":\"Tirupathi\"}],\"other_details\":{\"booking_reference\":\"yu4h44xl53pfnqau3cmyda4peu\",\"booking_id\":\"GRN-201801-019888\"}}',NULL,NULL),(6,6,'Al Diar Mina',3.0,'22-A','grn-connect','INR',2801.00,'confirmed',1,'UAE','Abu Dhabi','2018-01-05 00:00:00','2018-01-06 00:00:00','2018-01-02 10:52:21',NULL,'{\"description\":\"This hotel is located on Mina Road, close to Abu Dhabi\'s business and commercial districts. The city centre is 2 km from the accommodation and Abu Dhabi International Airport is some 45 km away.  This 105-room hotel combines the ambience of casual homeliness with the complete services of a hotel. Fully air-conditioned, it features a lobby with 24-hour reception and has a warm and friendly staff. Guests will find a caf\\u00e9, bar and restaurant on site, and room and laundry services are provided.  The standard rooms are fitted with either 1 king-size bed or twin single beds. All rooms and suites are en suite, and the bathrooms come with a bathtub with an overhead shower. Facilities available include a telephone, TV, radio, air conditioning units and a kitchenette with a minibar.\",\"address\":\"P.O. Box 44421 Mina Road Abu Dhabi  Mina Road\",\"booking_reference\":\"kuvydbxte5mdzaojud2clgyxq4\",\"booking_id\":\"GRN-201801-019904\",\"booking_comments\":\"Testing\",\"rooms\":[{\"price\":2800.26,\"cancellation_policy\":{\"under_cancellation\":true,\"details\":[{\"percent\":100,\"from\":\"2018-01-02T10:52:21\",\"currency\":\"INR\"}],\"amount_type\":\"percent\"},\"room_type\":\"DBL.ST\",\"description\":\"DOUBLE STANDARD\",\"no_of_infants\":0,\"no_of_children\":0,\"no_of_adults\":2}],\"paxes\":[{\"type\":\"AD\",\"surname\":\"Nalla\",\"pax_id\":1,\"name\":\"Manoj\"},{\"type\":\"AD\",\"surname\":\"Gootla\",\"pax_id\":2,\"name\":\"Tirupathi\"}],\"other_details\":{\"booking_reference\":\"kuvydbxte5mdzaojud2clgyxq4\",\"booking_id\":\"GRN-201801-019904\"}}',NULL,NULL),(7,7,'Al Diar Mina',3.0,'22-A','grn-connect','INR',2801.00,'confirmed',1,'UAE','Abu Dhabi','2018-01-05 00:00:00','2018-01-06 00:00:00','2018-01-02 10:52:21',NULL,'{\"description\":\"This hotel is located on Mina Road, close to Abu Dhabi\'s business and commercial districts. The city centre is 2 km from the accommodation and Abu Dhabi International Airport is some 45 km away.  This 105-room hotel combines the ambience of casual homeliness with the complete services of a hotel. Fully air-conditioned, it features a lobby with 24-hour reception and has a warm and friendly staff. Guests will find a caf\\u00e9, bar and restaurant on site, and room and laundry services are provided.  The standard rooms are fitted with either 1 king-size bed or twin single beds. All rooms and suites are en suite, and the bathrooms come with a bathtub with an overhead shower. Facilities available include a telephone, TV, radio, air conditioning units and a kitchenette with a minibar.\",\"address\":\"P.O. Box 44421 Mina Road Abu Dhabi  Mina Road\",\"booking_reference\":\"kuvydbxte5mdzaojud2clgyxq4\",\"booking_id\":\"GRN-201801-019904\",\"booking_comments\":\"Testing\",\"rooms\":[{\"price\":2800.26,\"cancellation_policy\":{\"under_cancellation\":true,\"details\":[{\"percent\":100,\"from\":\"2018-01-02T10:52:21\",\"currency\":\"INR\"}],\"amount_type\":\"percent\"},\"room_type\":\"DBL.ST\",\"description\":\"DOUBLE STANDARD\",\"no_of_infants\":0,\"no_of_children\":0,\"no_of_adults\":2}],\"paxes\":[{\"type\":\"AD\",\"surname\":\"Nalla\",\"pax_id\":1,\"name\":\"Manoj\"},{\"type\":\"AD\",\"surname\":\"Gootla\",\"pax_id\":2,\"name\":\"Tirupathi\"}],\"other_details\":{\"booking_reference\":\"kuvydbxte5mdzaojud2clgyxq4\",\"booking_id\":\"GRN-201801-019904\"}}',NULL,NULL),(8,8,'Al Diar Mina',3.0,'22-A','grn-connect','INR',3111.24,'unknown',1,'UAE','Abu Dhabi','2018-01-05 00:00:00','2018-01-06 00:00:00','2018-01-01 00:00:00',NULL,'{\"description\":\"This hotel is located on Mina Road, close to Abu Dhabi\'s business and commercial districts. The city centre is 2 km from the accommodation and Abu Dhabi International Airport is some 45 km away.  This 105-room hotel combines the ambience of casual homeliness with the complete services of a hotel. Fully air-conditioned, it features a lobby with 24-hour reception and has a warm and friendly staff. Guests will find a caf\\u00e9, bar and restaurant on site, and room and laundry services are provided.  The standard rooms are fitted with either 1 king-size bed or twin single beds. All rooms and suites are en suite, and the bathrooms come with a bathtub with an overhead shower. Facilities available include a telephone, TV, radio, air conditioning units and a kitchenette with a minibar.\",\"address\":\"P.O. Box 44421 Mina Road Abu Dhabi  Mina Road\",\"rooms\":[{\"price\":3111.24,\"cancellation_policy\":{\"under_cancellation\":true,\"details\":[{\"from\":\"2018-01-01T00:00:00\",\"flat_fee\":3111.24,\"currency\":\"INR\"}],\"amount_type\":\"value\"},\"includes_boarding\":false,\"room_type\":\"DBL.ST\",\"no_of_rooms\":1,\"description\":\"DOUBLE STANDARD\",\"no_of_children\":0,\"no_of_adults\":2}],\"paxes\":[{\"title\":\"Mr.\",\"name\":\"Tirupathi\",\"surname\":\"Gootla\",\"type\":\"AD\"},{\"title\":\"Mr.\",\"name\":\"Manoj\",\"surname\":\"Nalla\",\"type\":\"AD\"}],\"other_details\":[]}',NULL,NULL),(9,10,'Ramada Abu Dhabi Downtown',4.0,'22-A','grn-connect','INR',3855.08,'unknown',1,'UAE','Abu Dhabi','2018-02-21 00:00:00','2018-02-22 00:00:00','2018-02-16 00:00:00',NULL,'{\"description\":\"This luxury hotel is located in the heart of Abu Dhabi\'s banking district, just a few minutes from some of the most important venues and tourist attractions of the capital, such as the souks (open-air markets). Abu Dhabi International Airport is just a 28-minute drive from this stylish property. This unique establishment boasts an array of spacious, well-appointed rooms and suites to meet all travellers\' expectations. Ranging from the Amber Deluxe room to the Topaz Suite, all the accommodation units have been designed with contemporary luxury in mind. Dining facilities include a variety of dining options including a cosy caf\\u00e9 and restaurants serving authentic Korean dishes, fine wines and grilled seafood items. The rest of top quality facilities offer an outdoor swimming pool and a state-of-the-art gymnasium with views overlooking the skyline of Abu Dhabi.\",\"address\":\"8th Street Tourist Club Area P.O. 107523 Abu Dhabi 8th Street\",\"rooms\":[{\"price\":3855.08,\"cancellation_policy\":{\"under_cancellation\":false,\"details\":[{\"from\":\"2018-02-16T00:00:00\",\"flat_fee\":3855.08,\"currency\":\"INR\"}],\"cancel_by_date\":\"2018-02-15T23:59:59\",\"amount_type\":\"value\"},\"includes_boarding\":false,\"room_type\":\"DBL.QN-SU\",\"no_of_rooms\":1,\"description\":\"DOUBLE SUPERIOR QUEEN BED\",\"no_of_children\":0,\"no_of_adults\":2}],\"paxes\":[{\"title\":\"Mr.\",\"name\":\"Tirupathi\",\"surname\":\"Gootla\",\"type\":\"AD\"},{\"title\":\"Mr.\",\"name\":\"Manoj\",\"surname\":\"Nalla\",\"type\":\"AD\"}],\"other_details\":[]}',NULL,NULL),(10,11,'Al Diar Mina',3.0,'22-A','grn-connect','INR',3111.00,'confirmed',1,'UAE','Abu Dhabi','2018-01-06 00:00:00','2018-01-07 00:00:00','2018-01-02 00:00:00',NULL,'{\"description\":\"This hotel is located on Mina Road, close to Abu Dhabi\'s business and commercial districts. The city centre is 2 km from the accommodation and Abu Dhabi International Airport is some 45 km away.  This 105-room hotel combines the ambience of casual homeliness with the complete services of a hotel. Fully air-conditioned, it features a lobby with 24-hour reception and has a warm and friendly staff. Guests will find a caf\\u00e9, bar and restaurant on site, and room and laundry services are provided.  The standard rooms are fitted with either 1 king-size bed or twin single beds. All rooms and suites are en suite, and the bathrooms come with a bathtub with an overhead shower. Facilities available include a telephone, TV, radio, air conditioning units and a kitchenette with a minibar.\",\"address\":\"P.O. Box 44421 Mina Road Abu Dhabi  Mina Road\",\"booking_reference\":\"bbhnom2nh26i3hlxa24sgtzmyy\",\"booking_id\":\"GRN-201801-019953\",\"booking_comments\":\"Testing\",\"rooms\":[{\"price\":3110.95,\"cancellation_policy\":{\"under_cancellation\":true,\"details\":[{\"from\":\"2018-01-02T00:00:00\",\"flat_fee\":3110.95,\"currency\":\"INR\"}],\"amount_type\":\"value\"},\"room_type\":\"DBL.ST\",\"description\":\"DOUBLE STANDARD\",\"no_of_infants\":0,\"no_of_children\":0,\"no_of_adults\":2}],\"paxes\":[{\"type\":\"AD\",\"surname\":\"Nalla\",\"pax_id\":1,\"name\":\"Manoj\"},{\"type\":\"AD\",\"surname\":\"Gootla\",\"pax_id\":2,\"name\":\"Tirupathi\"}],\"other_details\":{\"booking_reference\":\"bbhnom2nh26i3hlxa24sgtzmyy\",\"booking_id\":\"GRN-201801-019953\"}}',NULL,NULL),(11,12,'Rush Inn',2.0,'11-A','grn-connect','INR',3597.00,'confirmed',1,'UAE','Dubai','2018-01-06 00:00:00','2018-01-07 00:00:00','2018-01-02 00:00:00',NULL,'{\"description\":\"The hotel is located in Bur Dubai, in the heart of Dubai\'s financial district. Numerous banks, airline offices, shopping malls and Dubai\'s famous Meena Bazar, are all situated nearby. The residence is also a ten-minute drive from the International Exhibition Centre, not far from Burjuman Shopping Mall and 10 km away from Dubai International Airport. This property will prove to be a smart choice for different types of travel, due to its convenient location and comfortable accommodation. The modern fa\\u00e7ade blends in with the other building on the street and it comprises a total of 140 rooms. All accommodation units are equipped with a minibar, a television set and individually adjustable air conditioning.\",\"address\":\"Khalid Bin Waleed Road P.O. Box 44099 Dubai  Khalid Bin Waleed Road\",\"booking_reference\":\"pzsut6a74brmuv7upmrslpghmm\",\"booking_id\":\"GRN-201801-020020\",\"booking_comments\":\"Testing\",\"rooms\":[{\"price\":3596.4,\"cancellation_policy\":{\"under_cancellation\":true,\"details\":[{\"from\":\"2018-01-02T00:00:00\",\"flat_fee\":3596.4,\"currency\":\"INR\"}],\"amount_type\":\"value\"},\"room_type\":\"DBL.ST\",\"description\":\"DOUBLE STANDARD\",\"no_of_infants\":0,\"no_of_children\":0,\"no_of_adults\":1}],\"paxes\":[{\"type\":\"AD\",\"surname\":\"Gootla\",\"pax_id\":1,\"name\":\"Tirupathi\"}],\"other_details\":{\"booking_reference\":\"pzsut6a74brmuv7upmrslpghmm\",\"booking_id\":\"GRN-201801-020020\"}}',NULL,NULL),(12,13,'One to One - The Village',4.0,'2(1-A, 1-C)','grn-connect','INR',5858.00,'cancelled',1,'UAE','Abu Dhabi','2018-06-21 00:00:00','2018-06-24 00:00:00','2018-06-17 00:00:00','2018-01-11 11:14:39','{\"description\":\"This boutique hotel enjoys a prime setting in Abu Dhabi, lying on a peaceful street at the heart of the city. This delightful hotel enjoys ease of access to the main attractions that the city has to offer. Guests will find themselves just a 5 minutes\' driving distance from the Al Wahda shopping centre and a 15 minutes\' driving distance from ADNEC. This wonderful hotel is set amidst palm trees, enjoying an air of peace and serenity. The interior is lavishly appointed, exuding regal elegance and splendour. The guest rooms are exquisitely decorated, providing a cocoon of luxury and serenity in which to escape the rest of the world. Guests are sure to be impressed by the extensive array of facilities that the hotel has to offer.\",\"address\":\"Al Salam Street P.O.Box: 128967 Abu Dhabi  Al Salam Street\",\"booking_reference\":\"nggsnc3vla47bw7ylqu74dlmkq\",\"booking_id\":\"GRN-201801-020027\",\"booking_comments\":\"Testing\",\"rooms\":[{\"price\":5857.98,\"cancellation_policy\":{\"under_cancellation\":false,\"details\":[{\"from\":\"2018-06-17T00:00:00\",\"flat_fee\":2180.79,\"currency\":\"INR\"}],\"cancel_by_date\":\"2018-06-16T23:59:59\",\"amount_type\":\"value\"},\"room_type\":\"DBL.SU\",\"description\":\"DOUBLE SUPERIOR\",\"no_of_infants\":0,\"no_of_children\":1,\"no_of_adults\":1}],\"paxes\":[{\"type\":\"AD\",\"surname\":\"Gootla\",\"pax_id\":1,\"name\":\"Tirupathi\"},{\"type\":\"CH\",\"surname\":\"Nalla\",\"pax_id\":2,\"name\":\"Manoj\",\"age\":8}],\"other_details\":{\"booking_reference\":\"nggsnc3vla47bw7ylqu74dlmkq\",\"booking_id\":\"GRN-201801-020027\"}}',NULL,NULL),(13,14,'One to One - The Village',4.0,'2(1-A, 1-C)','grn-connect','INR',5858.00,'unknown',1,'UAE','Abu Dhabi','2018-06-21 00:00:00','2018-06-24 00:00:00','2018-06-17 00:00:00',NULL,'{\"description\":\"This boutique hotel enjoys a prime setting in Abu Dhabi, lying on a peaceful street at the heart of the city. This delightful hotel enjoys ease of access to the main attractions that the city has to offer. Guests will find themselves just a 5 minutes\' driving distance from the Al Wahda shopping centre and a 15 minutes\' driving distance from ADNEC. This wonderful hotel is set amidst palm trees, enjoying an air of peace and serenity. The interior is lavishly appointed, exuding regal elegance and splendour. The guest rooms are exquisitely decorated, providing a cocoon of luxury and serenity in which to escape the rest of the world. Guests are sure to be impressed by the extensive array of facilities that the hotel has to offer.\",\"address\":\"Al Salam Street P.O.Box: 128967 Abu Dhabi  Al Salam Street\",\"booking_reference\":\"nggsnc3vla47bw7ylqu74dlmkq\",\"booking_id\":\"GRN-201801-020027\",\"booking_comments\":\"Testing\",\"rooms\":[{\"price\":5857.98,\"cancellation_policy\":{\"under_cancellation\":false,\"details\":[{\"from\":\"2018-06-17T00:00:00\",\"flat_fee\":2180.79,\"currency\":\"INR\"}],\"cancel_by_date\":\"2018-06-16T23:59:59\",\"amount_type\":\"value\"},\"room_type\":\"DBL.SU\",\"description\":\"DOUBLE SUPERIOR\",\"no_of_infants\":0,\"no_of_children\":1,\"no_of_adults\":1,\"room_code\":\"5heevnr65arerojf\",\"rate_key\":\"4phflpbw4qvczfstusng6hoq4llohjxe6ky6lhtz2jbrz7xcl2tq367pibuglfeysffe76odqfsswedz677soo6s2ovcrunq3prvrnmm47vadbspzeetetyulrc6mo2lx7brbizpca5hem6h7pdlqpxy4lh3yxe4px3tfsberrcibwi\",\"rate_comments\":{\"rc-1\":\"1x DOUBLE Estimated total amount of taxes & fees for this booking: 45.00 Utd. Arab Emir. Dirham   payable on arrival  \\r. Car park YES (without additional debit notes)   . Check-in hour 14:00 \\u2013 . . -Children who are under 12 years of age will be sharing existing bed with parents\\n-Check in is 14:00 and check out is 12:00\\n-No show charges as cancellation policy,early departure charges full stay\"}}],\"paxes\":[{\"type\":\"AD\",\"surname\":\"Gootla\",\"pax_id\":1,\"name\":\"Tirupathi\"},{\"type\":\"CH\",\"surname\":\"Nalla\",\"pax_id\":2,\"name\":\"Manoj\",\"age\":8}],\"other_details\":{\"booking_reference\":\"nggsnc3vla47bw7ylqu74dlmkq\",\"booking_id\":\"GRN-201801-020027\"}}',NULL,NULL),(14,15,'One to One - The Village',4.0,'2(1-A, 1-C)','grn-connect','INR',5858.00,'confirmed',1,'UAE','Abu Dhabi','2018-06-21 00:00:00','2018-06-24 00:00:00','2018-06-17 00:00:00',NULL,'{\"description\":\"This boutique hotel enjoys a prime setting in Abu Dhabi, lying on a peaceful street at the heart of the city. This delightful hotel enjoys ease of access to the main attractions that the city has to offer. Guests will find themselves just a 5 minutes\' driving distance from the Al Wahda shopping centre and a 15 minutes\' driving distance from ADNEC. This wonderful hotel is set amidst palm trees, enjoying an air of peace and serenity. The interior is lavishly appointed, exuding regal elegance and splendour. The guest rooms are exquisitely decorated, providing a cocoon of luxury and serenity in which to escape the rest of the world. Guests are sure to be impressed by the extensive array of facilities that the hotel has to offer.\",\"address\":\"Al Salam Street P.O.Box: 128967 Abu Dhabi  Al Salam Street\",\"booking_reference\":\"nggsnc3vla47bw7ylqu74dlmkq\",\"booking_id\":\"GRN-201801-020027\",\"booking_comments\":\"Testing\",\"rooms\":[{\"price\":5857.98,\"cancellation_policy\":{\"under_cancellation\":false,\"details\":[{\"from\":\"2018-06-17T00:00:00\",\"flat_fee\":2180.79,\"currency\":\"INR\"}],\"cancel_by_date\":\"2018-06-16T23:59:59\",\"amount_type\":\"value\"},\"room_type\":\"DBL.SU\",\"description\":\"DOUBLE SUPERIOR\",\"no_of_infants\":0,\"no_of_children\":1,\"no_of_adults\":1,\"room_code\":\"5heevnr65arerojf\",\"rate_key\":\"4phflpbw4qvczfstusng6hoq4llohjxe6ky6lhtz2jbrz7xcl2tq367pibuglfeysffe76odqfsswedz677soo6s2ovcrunq3prvrnmm47vadbspzeetetyulrc6mo2lx7brbizpca5hem6h7pdlqpxy4lh3yxe4px3tfsberrcibwi\",\"rate_comments\":{\"rc-1\":\"1x DOUBLE Estimated total amount of taxes & fees for this booking: 45.00 Utd. Arab Emir. Dirham   payable on arrival  \\r. Car park YES (without additional debit notes)   . Check-in hour 14:00 \\u2013 . . -Children who are under 12 years of age will be sharing existing bed with parents\\n-Check in is 14:00 and check out is 12:00\\n-No show charges as cancellation policy,early departure charges full stay\"}}],\"paxes\":[{\"type\":\"AD\",\"surname\":\"Gootla\",\"pax_id\":1,\"name\":\"Tirupathi\"},{\"type\":\"CH\",\"surname\":\"Nalla\",\"pax_id\":2,\"name\":\"Manoj\",\"age\":8}],\"other_details\":{\"booking_reference\":\"nggsnc3vla47bw7ylqu74dlmkq\",\"booking_id\":\"GRN-201801-020027\"},\"additional_info\":{\"booking_note\":\"If holder is not one of the paxes, one of the adult paxes will be considered as holder\"}}',NULL,NULL),(15,16,'One to One - The Village',4.0,'2(1-A, 1-C)','grn-connect','INR',5858.00,'confirmed',1,'UAE','Abu Dhabi','2018-06-21 00:00:00','2018-06-24 00:00:00','2018-06-17 00:00:00',NULL,'{\"description\":\"This boutique hotel enjoys a prime setting in Abu Dhabi, lying on a peaceful street at the heart of the city. This delightful hotel enjoys ease of access to the main attractions that the city has to offer. Guests will find themselves just a 5 minutes\' driving distance from the Al Wahda shopping centre and a 15 minutes\' driving distance from ADNEC. This wonderful hotel is set amidst palm trees, enjoying an air of peace and serenity. The interior is lavishly appointed, exuding regal elegance and splendour. The guest rooms are exquisitely decorated, providing a cocoon of luxury and serenity in which to escape the rest of the world. Guests are sure to be impressed by the extensive array of facilities that the hotel has to offer.\",\"address\":\"Al Salam Street P.O.Box: 128967 Abu Dhabi  Al Salam Street\",\"booking_reference\":\"nggsnc3vla47bw7ylqu74dlmkq\",\"booking_id\":\"GRN-201801-020027\",\"booking_comments\":\"Testing\",\"rooms\":[{\"price\":5857.98,\"cancellation_policy\":{\"under_cancellation\":false,\"details\":[{\"from\":\"2018-06-17T00:00:00\",\"flat_fee\":2180.79,\"currency\":\"INR\"}],\"cancel_by_date\":\"2018-06-16T23:59:59\",\"amount_type\":\"value\"},\"room_type\":\"DBL.SU\",\"description\":\"DOUBLE SUPERIOR\",\"no_of_infants\":0,\"no_of_children\":1,\"no_of_adults\":1,\"room_code\":\"5heevnr65arerojf\",\"rate_key\":\"4phflpbw4qvczfstusng6hoq4llohjxe6ky6lhtz2jbrz7xcl2tq367pibuglfeysffe76odqfsswedz677soo6s2ovcrunq3prvrnmm47vadbspzeetetyulrc6mo2lx7brbizpca5hem6h7pdlqpxy4lh3yxe4px3tfsberrcibwi\",\"rate_comments\":{\"rc-1\":\"1x DOUBLE Estimated total amount of taxes & fees for this booking: 45.00 Utd. Arab Emir. Dirham   payable on arrival  \\r. Car park YES (without additional debit notes)   . Check-in hour 14:00 \\u2013 . . -Children who are under 12 years of age will be sharing existing bed with parents\\n-Check in is 14:00 and check out is 12:00\\n-No show charges as cancellation policy,early departure charges full stay\"}}],\"paxes\":[{\"type\":\"AD\",\"surname\":\"Gootla\",\"pax_id\":1,\"name\":\"Tirupathi\"},{\"type\":\"CH\",\"surname\":\"Nalla\",\"pax_id\":2,\"name\":\"Manoj\",\"age\":8}],\"other_details\":{\"booking_reference\":\"nggsnc3vla47bw7ylqu74dlmkq\",\"booking_id\":\"GRN-201801-020027\"},\"additional_info\":{\"booking_note\":\"If holder is not one of the paxes, one of the adult paxes will be considered as holder\"}}',NULL,NULL),(16,17,'One to One - The Village',4.0,'2(1-A, 1-C)','grn-connect','INR',5858.00,'confirmed',1,'UAE','Abu Dhabi','2018-06-21 00:00:00','2018-06-24 00:00:00','2018-06-17 00:00:00',NULL,'{\"description\":\"This boutique hotel enjoys a prime setting in Abu Dhabi, lying on a peaceful street at the heart of the city. This delightful hotel enjoys ease of access to the main attractions that the city has to offer. Guests will find themselves just a 5 minutes\' driving distance from the Al Wahda shopping centre and a 15 minutes\' driving distance from ADNEC. This wonderful hotel is set amidst palm trees, enjoying an air of peace and serenity. The interior is lavishly appointed, exuding regal elegance and splendour. The guest rooms are exquisitely decorated, providing a cocoon of luxury and serenity in which to escape the rest of the world. Guests are sure to be impressed by the extensive array of facilities that the hotel has to offer.\",\"address\":\"Al Salam Street P.O.Box: 128967 Abu Dhabi  Al Salam Street\",\"booking_reference\":\"nggsnc3vla47bw7ylqu74dlmkq\",\"booking_id\":\"GRN-201801-020027\",\"booking_comments\":\"Testing\",\"rooms\":[{\"price\":5857.98,\"cancellation_policy\":{\"under_cancellation\":false,\"details\":[{\"from\":\"2018-06-17T00:00:00\",\"flat_fee\":2180.79,\"currency\":\"INR\"}],\"cancel_by_date\":\"2018-06-16T23:59:59\",\"amount_type\":\"value\"},\"room_type\":\"DBL.SU\",\"description\":\"DOUBLE SUPERIOR\",\"no_of_infants\":0,\"no_of_children\":1,\"no_of_adults\":1,\"room_code\":\"5heevnr65arerojf\",\"rate_key\":\"4phflpbw4qvczfstusng6hoq4llohjxe6ky6lhtz2jbrz7xcl2tq367pibuglfeysffe76odqfsswedz677soo6s2ovcrunq3prvrnmm47vadbspzeetetyulrc6mo2lx7brbizpca5hem6h7pdlqpxy4lh3yxe4px3tfsberrcibwi\",\"rate_comments\":{\"rc-1\":\"1x DOUBLE Estimated total amount of taxes & fees for this booking: 45.00 Utd. Arab Emir. Dirham   payable on arrival  \\r. Car park YES (without additional debit notes)   . Check-in hour 14:00 \\u2013 . . -Children who are under 12 years of age will be sharing existing bed with parents\\n-Check in is 14:00 and check out is 12:00\\n-No show charges as cancellation policy,early departure charges full stay\"}}],\"paxes\":[{\"type\":\"AD\",\"surname\":\"Gootla\",\"pax_id\":1,\"name\":\"Tirupathi\"},{\"type\":\"CH\",\"surname\":\"Nalla\",\"pax_id\":2,\"name\":\"Manoj\",\"age\":8}],\"other_details\":{\"booking_reference\":\"nggsnc3vla47bw7ylqu74dlmkq\",\"booking_id\":\"GRN-201801-020027\"},\"additional_info\":{\"booking_note\":\"If holder is not one of the paxes, one of the adult paxes will be considered as holder\"}}',NULL,NULL),(17,18,'One to One - The Village',4.0,'2(1-A, 1-C)','grn-connect','INR',5858.00,'confirmed',1,'UAE','Abu Dhabi','2018-06-21 00:00:00','2018-06-24 00:00:00','2018-06-17 00:00:00',NULL,'{\"description\":\"This boutique hotel enjoys a prime setting in Abu Dhabi, lying on a peaceful street at the heart of the city. This delightful hotel enjoys ease of access to the main attractions that the city has to offer. Guests will find themselves just a 5 minutes\' driving distance from the Al Wahda shopping centre and a 15 minutes\' driving distance from ADNEC. This wonderful hotel is set amidst palm trees, enjoying an air of peace and serenity. The interior is lavishly appointed, exuding regal elegance and splendour. The guest rooms are exquisitely decorated, providing a cocoon of luxury and serenity in which to escape the rest of the world. Guests are sure to be impressed by the extensive array of facilities that the hotel has to offer.\",\"address\":\"Al Salam Street P.O.Box: 128967 Abu Dhabi  Al Salam Street\",\"booking_reference\":\"nggsnc3vla47bw7ylqu74dlmkq\",\"booking_id\":\"GRN-201801-020027\",\"booking_comments\":\"Testing\",\"rooms\":[{\"price\":5857.98,\"cancellation_policy\":{\"under_cancellation\":false,\"details\":[{\"from\":\"2018-06-17T00:00:00\",\"flat_fee\":2180.79,\"currency\":\"INR\"}],\"cancel_by_date\":\"2018-06-16T23:59:59\",\"amount_type\":\"value\"},\"room_type\":\"DBL.SU\",\"description\":\"DOUBLE SUPERIOR\",\"no_of_infants\":0,\"no_of_children\":1,\"no_of_adults\":1,\"room_code\":\"5heevnr65arerojf\",\"rate_key\":\"4phflpbw4qvczfstusng6hoq4llohjxe6ky6lhtz2jbrz7xcl2tq367pibuglfeysffe76odqfsswedz677soo6s2ovcrunq3prvrnmm47vadbspzeetetyulrc6mo2lx7brbizpca5hem6h7pdlqpxy4lh3yxe4px3tfsberrcibwi\",\"rate_comments\":{\"rc-1\":\"1x DOUBLE Estimated total amount of taxes & fees for this booking: 45.00 Utd. Arab Emir. Dirham   payable on arrival  \\r. Car park YES (without additional debit notes)   . Check-in hour 14:00 \\u2013 . . -Children who are under 12 years of age will be sharing existing bed with parents\\n-Check in is 14:00 and check out is 12:00\\n-No show charges as cancellation policy,early departure charges full stay\"}}],\"paxes\":[{\"type\":\"AD\",\"surname\":\"Gootla\",\"pax_id\":1,\"name\":\"Tirupathi\"},{\"type\":\"CH\",\"surname\":\"Nalla\",\"pax_id\":2,\"name\":\"Manoj\",\"age\":8}],\"other_details\":{\"booking_reference\":\"nggsnc3vla47bw7ylqu74dlmkq\",\"booking_id\":\"GRN-201801-020027\"},\"additional_info\":{\"booking_note\":\"If holder is not one of the paxes, one of the adult paxes will be considered as holder\"}}',NULL,NULL),(18,19,'One to One - The Village',4.0,'2(1-A, 1-C)','grn-connect','INR',5858.00,'confirmed',1,'UAE','Abu Dhabi','2018-06-21 00:00:00','2018-06-24 00:00:00','2018-06-17 00:00:00',NULL,'{\"description\":\"This boutique hotel enjoys a prime setting in Abu Dhabi, lying on a peaceful street at the heart of the city. This delightful hotel enjoys ease of access to the main attractions that the city has to offer. Guests will find themselves just a 5 minutes\' driving distance from the Al Wahda shopping centre and a 15 minutes\' driving distance from ADNEC. This wonderful hotel is set amidst palm trees, enjoying an air of peace and serenity. The interior is lavishly appointed, exuding regal elegance and splendour. The guest rooms are exquisitely decorated, providing a cocoon of luxury and serenity in which to escape the rest of the world. Guests are sure to be impressed by the extensive array of facilities that the hotel has to offer.\",\"address\":\"Al Salam Street P.O.Box: 128967 Abu Dhabi  Al Salam Street\",\"booking_reference\":\"nggsnc3vla47bw7ylqu74dlmkq\",\"booking_id\":\"GRN-201801-020027\",\"booking_comments\":\"Testing\",\"rooms\":[{\"price\":5857.98,\"cancellation_policy\":{\"under_cancellation\":false,\"details\":[{\"from\":\"2018-06-17T00:00:00\",\"flat_fee\":2180.79,\"currency\":\"INR\"}],\"cancel_by_date\":\"2018-06-16T23:59:59\",\"amount_type\":\"value\"},\"room_type\":\"DBL.SU\",\"description\":\"DOUBLE SUPERIOR\",\"no_of_infants\":0,\"no_of_children\":1,\"no_of_adults\":1,\"room_code\":\"5heevnr65arerojf\",\"rate_key\":\"4phflpbw4qvczfstusng6hoq4llohjxe6ky6lhtz2jbrz7xcl2tq367pibuglfeysffe76odqfsswedz677soo6s2ovcrunq3prvrnmm47vadbspzeetetyulrc6mo2lx7brbizpca5hem6h7pdlqpxy4lh3yxe4px3tfsberrcibwi\",\"rate_comments\":{\"rc-1\":\"1x DOUBLE Estimated total amount of taxes & fees for this booking: 45.00 Utd. Arab Emir. Dirham   payable on arrival  \\r. Car park YES (without additional debit notes)   . Check-in hour 14:00 \\u2013 . . -Children who are under 12 years of age will be sharing existing bed with parents\\n-Check in is 14:00 and check out is 12:00\\n-No show charges as cancellation policy,early departure charges full stay\"}}],\"paxes\":[{\"type\":\"AD\",\"surname\":\"Gootla\",\"pax_id\":1,\"name\":\"Tirupathi\"},{\"type\":\"CH\",\"surname\":\"Nalla\",\"pax_id\":2,\"name\":\"Manoj\",\"age\":8}],\"other_details\":{\"booking_reference\":\"nggsnc3vla47bw7ylqu74dlmkq\",\"booking_id\":\"GRN-201801-020027\"},\"additional_info\":{\"booking_note\":\"If holder is not one of the paxes, one of the adult paxes will be considered as holder\"}}',NULL,NULL),(19,20,'Jannah Burj Al Sarab',4.0,'3(2-A, 1-C)','grn-connect','INR',7810.00,'cancelled',1,'UAE','Abu Dhabi','2018-05-16 00:00:00','2018-05-18 00:00:00','2018-05-11 00:00:00','2018-01-12 09:20:14','{\"description\":\"This exclusive hotel boasts a privileged position in the city of Abu Dhabi. There are several points of interest not far from the establishment, including the Corniche area with cycling paths and parks and the modern Abu Dhabi Mall for shopping lovers. Boasting a strategic position just 30 minutes from Abu Dhabi International Airport, this property is highly recommendable both for business and leisure travellers alike. Visitors might wish to stay in different accommodation units, depending on the reason of their trip and if they travel alone or with the family. However, either if they choose to stay in a standard room, a luxurious suite or an ample penthouse, they will be pleased with the elegant and modern amenities included and the homey atmosphere. The property offers a wide range of stunning facilities and services, including a rooftop swimming pool and a Jacuzzi to relax and a state-of-the-art workout room to keep fit.*\",\"address\":\"Mina Street Tourist Club Area Abu Dhabi  Mina Street\",\"booking_reference\":\"seofixvp2ofearxmpf4642ylry\",\"booking_id\":\"GRN-201801-020028\",\"booking_comments\":\"Testing\",\"rooms\":[{\"price\":7809.41,\"cancellation_policy\":{\"under_cancellation\":false,\"details\":[{\"from\":\"2018-05-11T00:00:00\",\"flat_fee\":3904.71,\"currency\":\"INR\"}],\"cancel_by_date\":\"2018-05-10T23:59:59\",\"amount_type\":\"value\"},\"boarding_details\":[\"BED AND BREAKFAST\"],\"room_type\":\"DBT.DX\",\"description\":\"Double or Twin DELUXE\",\"no_of_infants\":0,\"no_of_children\":1,\"no_of_adults\":2,\"room_code\":\"4dhvdkrx4yrcppzs2a\",\"rate_key\":\"4phflpbw44usxfstusng6hot4hnohjxe6ky6lht43jab567dl2tq3y7pk5swlfmqs4nuz57tqedbuxt3676saonn56qgdkobvlxsvq4c46oqtbskz55uisdefy2jiocfykyrbkjkmvcx4mob7o63gpmpt65m2x4rp34utmcz\",\"rate_comments\":{\"rc-1\":\"1x Double or Twin Estimated total amount of taxes & fees for this booking: 30.00 Utd. Arab Emir. Dirham   payable on arrival  \\r. Car park YES (without additional debit notes)   . . Rates valid for all markets.\\nRates are not valid for the stays more than 30 days.\"}}],\"paxes\":[{\"type\":\"AD\",\"surname\":\"Gootla\",\"pax_id\":1,\"name\":\"Tirupathi\"},{\"type\":\"AD\",\"surname\":\"Nalla\",\"pax_id\":2,\"name\":\"Manoj\"},{\"type\":\"CH\",\"surname\":\"Bolla\",\"pax_id\":3,\"name\":\"Ramesh\",\"age\":6}],\"other_details\":{\"booking_reference\":\"seofixvp2ofearxmpf4642ylry\",\"booking_id\":\"GRN-201801-020028\"},\"additional_info\":{\"booking_note\":\"If holder is not one of the paxes, one of the adult paxes will be considered as holder\"}}',NULL,NULL),(20,21,'Nehal Hotel by Bin Majid Hotels & Resorts',3.0,'4(2-A, 2-C)','grn-connect','INR',12301.00,'confirmed',1,'UAE','Abu Dhabi','2018-07-09 00:00:00','2018-07-11 00:00:00','2018-07-04 00:00:00',NULL,'{\"description\":\"Nehal Hotel is located in Abu Dhabi where shopping malls, business districts and city\\u2019s tourist attractions are all easily accessible as well as the Corniche. The hotel features 134 rooms and suites, each provide comfort and convenience with modern amenities such as air conditioning, direct dial telephone, work desk with lamp, flat screen TV, tea\\/coffee making facility and bathroom with all essential amenities. Guests can dine in at the all day restaurant serving international cuisines, starting from appetizers, main courses, desserts and beverages. Room service is available 24 hours a day. Relax and unwind with the hotel\\u2019s spa and beauty salon offering full array of treatments or guest can have a workout at the fully equipped fitness centre. The Nehal Hotel is approximately 35 minutes drive from Abu Dhabi International Airport.\",\"address\":\"Hamdan Bin Mohammed St Abu Dhabi   Hamdan Bin Mohammed St\",\"booking_reference\":\"w67qpui4voq5horou2k67tex54\",\"booking_id\":\"GRN-201801-020029\",\"booking_comments\":\"Testing\",\"rooms\":[{\"price\":12300.8,\"cancellation_policy\":{\"under_cancellation\":false,\"details\":[{\"from\":\"2018-07-04T00:00:00\",\"flat_fee\":6150.41,\"currency\":\"INR\"}],\"cancel_by_date\":\"2018-07-03T23:59:59\",\"amount_type\":\"value\"},\"room_type\":\"DBL.ST\",\"description\":\"DOUBLE STANDARD\",\"no_of_infants\":0,\"no_of_children\":2,\"no_of_adults\":2,\"room_code\":\"4ddflkrv4qrcppzs2a\",\"rate_key\":\"4phflpbw4uucjfstusng6hor4hj6hjxe6ky6lht33ncrr7pkl2tq367pibuwleeqs5ffz6xtv54bqebuxczwq547thwgzy56v6is3q4n4dwxjackzn4ueoatlqyo6nzzwpaghjk5cm7hamwp6db46n734tg3yjerpxztrszkqu5ybux6\",\"rate_comments\":{\"rc-1\":\"1x DOUBLE Estimated total amount of taxes & fees for this booking: 30.00 Utd. Arab Emir. Dirham   payable on arrival  \\r. Car park NO   . Check-in hour 14:00 \\u2013 . No alcohol is served.\"}}],\"paxes\":[{\"type\":\"AD\",\"surname\":\"Gootla\",\"pax_id\":1,\"name\":\"Tirupathi\"},{\"type\":\"AD\",\"surname\":\"Nalla\",\"pax_id\":2,\"name\":\"Manoj\"},{\"type\":\"CH\",\"surname\":\"Bolla\",\"pax_id\":3,\"name\":\"Ramesh\",\"age\":6},{\"type\":\"CH\",\"surname\":\"Sulla\",\"pax_id\":4,\"name\":\"Vamshi\",\"age\":8}],\"other_details\":{\"booking_reference\":\"w67qpui4voq5horou2k67tex54\",\"booking_id\":\"GRN-201801-020029\"},\"additional_info\":{\"booking_note\":\"If holder is not one of the paxes, one of the adult paxes will be considered as holder\"}}',NULL,NULL),(21,22,'Marmara Hotel Apartments',4.0,'4(3-A, 1-C)','grn-connect','INR',6557.00,'cancelled',1,'UAE','Dubai','2018-07-09 00:00:00','2018-07-10 00:00:00','2018-01-03 00:00:00','2018-01-26 17:44:05','{\"description\":\"These first-class apartments are conveniently located only minutes away from the Sheikh Zayed Road and in the heart of what is now known as \\u201cNew Dubai\\u201d. The property is just a few steps away from the exciting shopping and entertainment venues, like the Mall of the Emirates which includes Ski Dubai, or only 20 minutes by car from Dubai International Airport. The establishment boasts spacious and comfortable suites of different sizes with an en-suite bathroom and modern amenities for a welcoming stay. They also boast a separate living room, a fully equipped kitchen and a balcony. Other thoughtful amenities include complimentary high speed Wi-Fi Internet access in all hotel areas and a sumptuous daily buffet breakfast every morning. Moreover, there is a rooftop private swimming pool with sauna and fitness room for visitors to keep active while on holidays.\",\"address\":\"Al Barsha 1 PO Box 63907 Dubai  Al Barsha 1\",\"booking_comments\":\"\",\"rooms\":[{\"price\":6556.67,\"cancellation_policy\":{\"under_cancellation\":true,\"details\":[{\"from\":\"2018-01-03T00:00:00\",\"flat_fee\":6556.67,\"currency\":\"INR\"}],\"amount_type\":\"value\"},\"includes_boarding\":null,\"boarding_details\":null,\"room_code\":\"5deevmrr5arerojf\",\"rate_key\":\"4phflpbw4uucjfstusng6hor4hjohjxe6ky6lht32jgrt5hkl2ybv7xpkehwlhedqnfez5g52bsswecxrh6wu5e5ttwgly6gsomvtqmnshwqjab5ymgtonasfyzzcob4ytcglurjmy6xknvr7ta4wmh34db3gj7jbd7dzrjdra6pnlpvbusa\",\"rate_comments\":{\"rc-1\":\"1x SUITE Estimated total amount of taxes & fees for this booking: 10.00 Utd. Arab Emir. Dirham   payable on arrival  \\r. Car park YES (without additional debit notes)   . \"},\"room_type\":\"SUI.B2\",\"no_of_rooms\":null,\"description\":\"SUITE TWO BEDROOMS\",\"no_of_infants\":0,\"no_of_children\":1,\"no_of_adults\":3}],\"paxes\":[{\"type\":\"AD\",\"surname\":\"Gootla\",\"pax_id\":1,\"name\":\"Tirupathi\"},{\"type\":\"AD\",\"surname\":\"Nalla\",\"pax_id\":2,\"name\":\"Manoj\"},{\"type\":\"AD\",\"surname\":\"Bolla\",\"pax_id\":3,\"name\":\"Ramesh\"},{\"type\":\"CH\",\"surname\":\"Sulla\",\"pax_id\":4,\"name\":\"Vamshi\",\"age\":6}],\"additional_info\":{\"booking_note\":\"If holder is not one of the paxes, one of the adult paxes will be considered as holder\"},\"payables_at_hotel\":[],\"other_details\":{\"booking_reference\":\"hvkitctuyn75peui7ribzgh5zm\",\"booking_id\":\"GRN-201801-020030\"}}','{\"supplier_cancellation_reference\":\"RVOGJLZSDY\",\"status\":\"confirmed\",\"cancellation_reference\":\"uhi7xncraegkqcoetzhnzfz4zq\",\"cancellation_charges\":{\"currency\":\"INR\",\"amount\":6557},\"cancel_date\":\"2018-01-26T23:14:06\",\"booking_reference\":\"hvkitctuyn75peui7ribzgh5zm\",\"booking_id\":\"GRN-201801-020030\"}',NULL),(22,23,'Golden Sands',3.0,'4(0-A, 4-C)','grn-connect','INR',613617.00,'confirmed',1,'UAE','Dubai','2018-05-07 00:00:00','2018-05-09 00:00:00','2018-01-07 00:00:00',NULL,'{\"description\":\"This hotel is ideally located in the heart of Burj Dubai. Exclusive Shopping Centres, Textile and Electronic market, Dubai Museum, Heritage Village, the new Metro Junction, Khalid bin Al Walid and Al Musalla Stations, a variety of Restaurants, and Nightclubs are just a stroll away. The Central Business District, World Trade Centre and Convention halls, Burj Downtown area where the world\'s tallest tower Burj Khalifa stands are just approximately 4 kms away. Golden Sands has 3 different building which is Golden Sands 3 , 5 and 10. Studios & Family Suite are located in Golden Sands 3 while 2 Bedroom & 3 Bedroom are located in Golden Sands 10.\",\"address\":\"Al Mankhool Street Bur Dubai P.O. Box 9168  Al Mankhool Street\",\"booking_reference\":\"qbdqtkvs5hj6ubsybmixssbd6q\",\"booking_id\":\"GRN-201801-020031\",\"booking_comments\":\"Testing\",\"rooms\":[{\"price\":613616.01,\"cancellation_policy\":{\"under_cancellation\":false,\"details\":[{\"from\":\"2018-01-07T00:00:00\",\"flat_fee\":9689.34,\"currency\":\"INR\"}],\"cancel_by_date\":\"2018-01-06T23:59:59\",\"amount_type\":\"value\"},\"includes_boarding\":false,\"room_type\":\"Family Suite\",\"no_of_rooms\":1,\"no_of_children\":0,\"no_of_adults\":4}],\"paxes\":[{\"surname\":\"Gootla\",\"pax_id\":1,\"name\":\"Tirupathi\"},{\"surname\":\"Sulla\",\"pax_id\":2,\"name\":\"Vamshi\"},{\"surname\":\"Bolla\",\"pax_id\":3,\"name\":\"Ramesh\"},{\"surname\":\"Nalla\",\"pax_id\":4,\"name\":\"Manoj\"}],\"other_details\":{\"booking_reference\":\"qbdqtkvs5hj6ubsybmixssbd6q\",\"booking_id\":\"GRN-201801-020031\"},\"additional_info\":{\"booking_note\":\"If holder is not one of the paxes, one of the adult paxes will be considered as holder\"}}',NULL,NULL),(23,24,'Al Manar Deluxe Hotel Apartments',4.0,'5(4-A, 1-C)','grn-connect','INR',6705.00,'confirmed',2,'UAE','Dubai','2018-05-07 00:00:00','2018-05-08 00:00:00','2018-01-04 12:00:15','2018-01-26 18:03:31','{\"description\":\"This establishment is located in the heart of Dubai, just a 5-minute drive from both the major shopping centre of Al Mamzar Park and Al Mamzar beach. Moreover, it is only an approximate 10-minute drive from Dubai International Airport, being ideal for both business and leisure travellers alike. This apartment hotel offers several types of accommodation units, all of them boasting a warm and soothing decoration with standard amenities. The hotel features two swimming pools, a sauna and a steam room for guests to rest and relax. Massage and spa treatments are also offered. Guests will find jet skiing, motor boating, sailing, catamaran sailing and beach volleyball at the nearby sandy beach and pool snooker and bowling are also offered on-site. Breakfast is served as a continental-style buffet, while lunch and dinner are available either \\u00e0 la carte, from a set menu or as a buffet.\",\"address\":\"Hor Al Anz East corner 24th Street & 9th Street P.O Box: 111695 Dubai  Hor Al Anz East corner 24th Street & 9th Street\",\"booking_comments\":\"\",\"rooms\":[{\"price\":3352.23,\"cancellation_policy\":{\"under_cancellation\":true,\"details\":[{\"from\":\"2018-01-04T12:00:15\",\"flat_fee\":3352.23,\"currency\":\"INR\"}],\"amount_type\":\"value\"},\"includes_boarding\":false,\"boarding_details\":null,\"room_code\":\"4lhvpnbi4ircpizpyy\",\"rate_key\":\"4hhflpshtzkvxucqu6jgmhg4qpj2zr5p7o76zvl43fgrf67kc3ih6\",\"rate_comments\":null,\"room_type\":\"Standard Studio\",\"no_of_rooms\":null,\"description\":\"Standard Studio\",\"no_of_infants\":0,\"no_of_children\":1,\"no_of_adults\":2},{\"price\":3352.23,\"cancellation_policy\":{\"under_cancellation\":true,\"details\":[{\"from\":\"2018-01-04T12:00:15\",\"flat_fee\":3352.23,\"currency\":\"INR\"}],\"amount_type\":\"value\"},\"includes_boarding\":false,\"boarding_details\":null,\"room_code\":\"4lhvpnbi4ircpizpyy\",\"rate_key\":\"4hhflpshtzkvxucqu6jgmhg4qpj2zr5p7o76zvl43fgrf67kc3ih6\",\"rate_comments\":null,\"room_type\":\"Standard Studio\",\"no_of_rooms\":null,\"description\":\"Standard Studio\",\"no_of_infants\":0,\"no_of_children\":0,\"no_of_adults\":2}],\"paxes\":[{\"type\":\"AD\",\"surname\":\"Gootla\",\"pax_id\":1,\"name\":\"Tirupathi\"},{\"type\":\"AD\",\"surname\":\"Nalla\",\"pax_id\":2,\"name\":\"Manoj\"},{\"type\":\"AD\",\"surname\":\"Gootla\",\"pax_id\":3,\"name\":\"Tirupathi\"},{\"type\":\"AD\",\"surname\":\"Nalla\",\"pax_id\":4,\"name\":\"Manoj\"},{\"type\":\"CH\",\"surname\":\"Bolla\",\"pax_id\":5,\"name\":\"Ramesh\",\"age\":6}],\"additional_info\":\"\",\"payables_at_hotel\":[],\"other_details\":{\"booking_reference\":\"phdojgwwki2yc44fo2jpisc4by\",\"booking_id\":\"GRN-201801-020034\"}}','{\"supplier_cancellation_reference\":\"802785\",\"status\":\"confirmed\",\"cancellation_reference\":\"gn2v6vc5vskmjrpgksbswfnkve\",\"cancellation_charges\":{\"currency\":\"INR\",\"amount\":6705},\"cancel_date\":\"2018-01-26T23:33:32\",\"booking_reference\":\"phdojgwwki2yc44fo2jpisc4by\",\"booking_id\":\"GRN-201801-020034\"}','{\"supplier_reference\":\"phdojgwwki2yc44fo2jpisc4by\",\"url\":\"https:\\/\\/cdn.grnconnect.com\\/hotels\\/images\\/33\\/1d\\/331d953cb37d9264f68e1b780ff9282f400fd98a.jpg\",\"phone_number\":\"+97142658999\",\"image\":\"33\\/1d\\/331d953cb37d9264f68e1b780ff9282f400fd98a.jpg\",\"fax\":\"+97142658998\",\"email\":\"reservation@almanarhotel.ae\"}'),(24,25,'Panorama Grand Hotel',3.0,'4(4-A)','grn-connect','INR',387336.00,'cancelled',2,'UAE','Dubai','2018-03-13 00:00:00','2018-03-14 00:00:00','2018-03-13 00:00:00','2018-01-31 21:26:07','{\"description\":\"This city hotel\'s location in the heart of the city provides guests with easy access to the World Trade Exhibition and Convention Centre, the Free Zones, ports, textile and gold souks, banks and the best beaches in Dubai. The air-conditioned hotel is one the most excellent properties in which guests could wish to stay, whether they are in Dubai for business or leisure. The hotel has well-equipped guest rooms, all of which have been tastefully decorated and carefully designed to ensure that guests\' stays are as comfortable and enjoyable as possible. There are golf courses nearby. Whether they are travelling for business or leisure, guests will find friendly and efficient service at the hotel.*\",\"address\":\"Khalid Bin Al Waleed Road 30 PO Box 773 Dubai  Khalid Bin Waleed Street\",\"booking_comments\":\"\",\"rooms\":[{\"price\":387335.7,\"cancellation_policy\":{\"under_cancellation\":false,\"details\":[{\"from\":\"2018-03-13T00:00:00\",\"flat_fee\":6116.25,\"currency\":\"INR\"},{\"from\":\"2018-03-12T00:00:00\",\"flat_fee\":6116.25,\"currency\":\"INR\"}],\"cancel_by_date\":\"2018-03-11T23:59:59\",\"amount_type\":\"value\"},\"includes_boarding\":false,\"boarding_details\":null,\"room_code\":\"\",\"rate_key\":\"\",\"rate_comments\":null,\"room_type\":\"Standard Room\",\"no_of_rooms\":2,\"description\":\"\",\"no_of_infants\":0,\"no_of_children\":0,\"no_of_adults\":4}],\"paxes\":[{\"surname\":\"Gootla\",\"pax_id\":1,\"name\":\"Tirupathi\"},{\"surname\":\"Bolla\",\"pax_id\":2,\"name\":\"Ramesh\"},{\"surname\":\"Nalla\",\"pax_id\":3,\"name\":\"Manoj\"},{\"surname\":\"Gootla\",\"pax_id\":4,\"name\":\"Tirupathi\"}],\"additional_info\":{\"booking_note\":\"If holder is not one of the paxes, one of the adult paxes will be considered as holder\"},\"payables_at_hotel\":[{\"name\":\"Tourism Dirham Fee\",\"included\":false,\"currency\":\"INR\",\"amount_type\":\"value\",\"amount\":172.36}],\"other_details\":{\"booking_reference\":\"rhxmrrzbh5q2indvuiz4arke5y\",\"booking_id\":\"GRN-201801-020038\"}}',NULL,'{\"supplier_reference\":\"rhxmrrzbh5q2indvuiz4arke5y\",\"url\":\"https:\\/\\/cdn.grnconnect.com\\/hotels\\/images\\/2b\\/08\\/2b085b8e8993d4f7c355b705fa5a2520b1b35e83.jpg\",\"phone_number\":\"+97143934777\",\"image\":\"2b\\/08\\/2b085b8e8993d4f7c355b705fa5a2520b1b35e83.jpg\",\"fax\":\"+97143934466\",\"email\":\"reservation@panoramagrouphotels.com\"}'),(25,26,'Panorama Bur Dubai Hotel',2.0,'4(4-A)','grn-connect','INR',3435.00,'cancelled',2,'UAE','Dubai','2018-05-15 00:00:00','2018-05-16 00:00:00','2018-01-05 00:00:00','2018-01-13 08:13:10','{\"description\":\"The Panorama Bur Dubai is a comfortable city hotel conveniently located on Al Mankhool Road in Bur Dubai. The hotel is ideally situated near the commercial and business areas of the city making it the perfect choice for business travellers. It enjoys an easily accessible setting just 8 kms from Dubai International Airport. The beach is also within easy driving distance of the hotel.The hotel offers the convenience of in-house restaurants and a pub and its cosy bedrooms offer a relaxing ambience. This is the ideal base for guests looking for affordable accommodation close to the bustle and array of attractions the city of Dubai has to offer*\",\"address\":\"Al Mankhool Road PO Box 14703 Bur Dubai Dubai Al Mankhool Road\",\"booking_comments\":\"\",\"rooms\":[{\"price\":3434.68,\"cancellation_policy\":{\"under_cancellation\":true,\"details\":[{\"from\":\"2018-01-05T00:00:00\",\"flat_fee\":3434.68,\"currency\":\"INR\"}],\"amount_type\":\"value\"},\"includes_boarding\":null,\"boarding_details\":null,\"room_code\":\"4thevmrs5arerojf\",\"rate_key\":\"4phflpbw44usrfstusng6hot4hkohjxe6ky6lhtq2jcrdme6mc3wdzevn55frah4rm2urso5wjfrqxt36t7smom74hjgfxgc22jvvm7t5siqbcsizr7t4nddf4266tceykyg3kk6mnfxaogg7kylappxsk5msvmsodydnmcs7m\",\"rate_comments\":{\"rc-1\":\"2x Double or Twin Estimated total amount of taxes & fees for this booking: 20.00 Utd. Arab Emir. Dirham   payable on arrival  \\r. Car park NO   . Check-in hour 14:00 \\u2013 14:00. Identification card at arrival. Marriage certificate required for a couple to share room. \"},\"room_type\":\"DBT.ST\",\"no_of_rooms\":null,\"description\":\"Double or Twin STANDARD\",\"no_of_infants\":0,\"no_of_children\":0,\"no_of_adults\":2},{\"price\":3434.68,\"cancellation_policy\":{\"under_cancellation\":true,\"details\":[{\"from\":\"2018-01-05T00:00:00\",\"flat_fee\":3434.68,\"currency\":\"INR\"}],\"amount_type\":\"value\"},\"includes_boarding\":null,\"boarding_details\":null,\"room_code\":\"4thevmrs5arerojf\",\"rate_key\":\"4phflpbw44usrfstusng6hot4hkohjxe6ky6lhtq2jcrdme6mc3wdzevn55frah4rm2urso5wjfrqxt36t7smom74hjgfxgc22jvvm7t5siqbcsizr7t4nddf4266tceykyg3kk6mnfxaogg7kylappxsk5msvmsodydnmcs7m\",\"rate_comments\":{\"rc-1\":\"2x Double or Twin Estimated total amount of taxes & fees for this booking: 20.00 Utd. Arab Emir. Dirham   payable on arrival  \\r. Car park NO   . Check-in hour 14:00 \\u2013 14:00. Identification card at arrival. Marriage certificate required for a couple to share room. \"},\"room_type\":\"DBT.ST\",\"no_of_rooms\":null,\"description\":\"Double or Twin STANDARD\",\"no_of_infants\":0,\"no_of_children\":0,\"no_of_adults\":2}],\"paxes\":[{\"type\":\"AD\",\"surname\":\"Gootla\",\"pax_id\":1,\"name\":\"Tirupathi\"},{\"type\":\"AD\",\"surname\":\"Nalla\",\"pax_id\":2,\"name\":\"Manoj\"},{\"type\":\"AD\",\"surname\":\"Gootla\",\"pax_id\":3,\"name\":\"Tirupathi\"},{\"type\":\"AD\",\"surname\":\"Nalla\",\"pax_id\":4,\"name\":\"Manoj\"}],\"additional_info\":{\"booking_note\":\"If holder is not one of the paxes, one of the adult paxes will be considered as holder\"},\"payables_at_hotel\":[],\"other_details\":{\"booking_reference\":\"33ujwhu4wzjoi3qwm6ooqvshdm\",\"booking_id\":\"GRN-201801-020102\"}}',NULL,NULL),(26,27,'Sea View',4.0,'6(4-A, 2-C)','grn-connect','INR',6680.00,'cancelled',2,'UAE','Dubai','2018-05-15 00:00:00','2018-05-16 00:00:00','2018-05-12 14:00:00','2018-01-12 12:28:24','{\"description\":\"This city hotel stands at 4 km from WTC and a 15 minutes\' walk from Burjaman Shopping Mall. It is the perfect hub for anyone who wants to combine his sun soaked vacation with world-class shopping since there are several major shopping outlets just a 5-minute drive away and the Meena Bazar is across the road. Deira city centre, Dubai Creek and the sandy beach are all under a 10 minutes\' drive from the hotel. Located on its 7th floor is the conference centre, which besides the spectacular views of Dubai and its famous Gulf, offers state of the art technology and specially trained staff\'s to facilitate any business meeting. After the busy day guests can head to The Kohinoor - Moughlai speciality restaurant, which serves authentic Indian cuisine and transports them back to ancient India with its intricate and exquisite craftsmanship and original pieces from India\'s royal families.\",\"address\":\"Al Meena Road Opposite to Dubai Customs Building Bur Dubai PO Box 52700 Al Meena Road\",\"booking_comments\":\"\",\"rooms\":[{\"price\":6679.06,\"cancellation_policy\":{\"under_cancellation\":false,\"details\":[{\"from\":\"2018-05-12T14:00:00\",\"flat_fee\":6680,\"currency\":\"INR\"}],\"cancel_by_date\":\"2018-05-12T13:59:59\",\"amount_type\":\"value\"},\"includes_boarding\":false,\"boarding_details\":null,\"room_code\":\"47gfpmri4aqcpubi3l4w2f6u4di2rsno6w267wds3fcbr67mcpix7ba\",\"rate_key\":\"\",\"rate_comments\":null,\"room_type\":\"Deluxe Room\",\"no_of_rooms\":null,\"description\":\"\",\"no_of_infants\":0,\"no_of_children\":0,\"no_of_adults\":2},{\"price\":6679.06,\"cancellation_policy\":{\"under_cancellation\":false,\"details\":[{\"from\":\"2018-05-12T14:00:00\",\"flat_fee\":6680,\"currency\":\"INR\"}],\"cancel_by_date\":\"2018-05-12T13:59:59\",\"amount_type\":\"value\"},\"includes_boarding\":false,\"boarding_details\":null,\"room_code\":\"47gfpmri4aqcpubi3l4w2f6u4di2rsno6w267wds3fcbr67mcpix7ba\",\"rate_key\":\"\",\"rate_comments\":null,\"room_type\":\"Deluxe Room\",\"no_of_rooms\":null,\"description\":\"\",\"no_of_infants\":0,\"no_of_children\":2,\"no_of_adults\":2}],\"paxes\":[{\"type\":\"AD\",\"surname\":\"Gootla\",\"pax_id\":1,\"name\":\"Tirupathi\"},{\"type\":\"AD\",\"surname\":\"Nalla\",\"pax_id\":2,\"name\":\"Manoj\"},{\"type\":\"CH\",\"surname\":\"Bolla\",\"pax_id\":3,\"name\":\"Ramesh\",\"age\":6},{\"type\":\"CH\",\"surname\":\"Sulla\",\"pax_id\":4,\"name\":\"Vamshi\",\"age\":8},{\"type\":\"AD\",\"surname\":\"Gootla\",\"pax_id\":5,\"name\":\"Tirupathi\"},{\"type\":\"AD\",\"surname\":\"Nalla\",\"pax_id\":6,\"name\":\"Manoj\"}],\"additional_info\":{\"spl_checkin_instructions\":\"24-hour airport shuttle service is available on request. Contact the property in advance to make arrangements.\",\"checkin_instructions\":\"Extra-person charges may apply and vary depending on property policy. Government-issued photo identification and a credit card are required at check-in for incidental charges. Special requests are subject to availability upon check-in and may incur additional charges. Special requests cannot be guaranteed. \",\"booking_note\":\"If holder is not one of the paxes, one of the adult paxes will be considered as holder\"},\"payables_at_hotel\":[{\"name\":\"MandatoryFee\",\"included\":false,\"currency\":\"INR\",\"amount_type\":\"value\",\"amount\":517.62}],\"other_details\":{\"booking_reference\":\"o2sp4k2wf3jbrmmwr3e3encr3a\",\"booking_id\":\"GRN-201801-020105\"}}',NULL,NULL),(27,28,'Danat Al Ain Resort',5.0,'22-A','grn-connect','INR',1577.00,'confirmed',1,'UAE','Abu Dhabi','2018-02-14 00:00:00','2018-02-15 00:00:00','2018-01-31 07:04:34','2018-02-16 20:43:26','{\"description\":\"This magnificent resort is nestled in a lush garden setting of Al Ain, within 75 minutes\' drive from Dubai and 90 minutes from Abu Dhabi. This impressive complex offers a variety of room types, all of them delightfully appointed in bright and cheery hues and cutting-edge comforts.  The units are air-conditioned and showcase commodious furniture and beds, where to curl up and watch a movie after all day out in the city. Furthermore, suites provide a fully furnished kitchenette and separate living and dining areas. This luxury hotel is home of various food and beverage outlets which include an international, authentic and Italian restaurants as well as Far East style restaurant featuring live cooking station. Visitors may while away at the sports bar, English pub, pool bar, tea lounge and Lebanese caf\\u00e9. Leisure facilities were designed with guests\' comfort in mind and include an outdoor swimming pool with rock formations and waterfalls, a fully equipped fitness centre, tennis and squash courts and a spa complemented with sauna and steam room.\",\"address\":\"P.O. Box 16031 Al Ain\",\"booking_reference\":\"npfkqpcerqso7d5mqr32i45mki\",\"booking_id\":\"GRN-201802-021808\",\"booking_comments\":\"Testing\",\"rooms\":[{\"price\":1576.44,\"cancellation_policy\":{\"under_cancellation\":true,\"details\":[{\"percent\":100,\"from\":\"2018-01-31T07:04:34\",\"currency\":\"INR\"}],\"amount_type\":\"percent\"},\"room_type\":\"DBL.ST\",\"description\":\"DOUBLE STANDARD\",\"no_of_infants\":0,\"no_of_children\":0,\"no_of_adults\":2,\"room_code\":\"4pguvnbx5arerojf\",\"rate_key\":\"4phflpbw4austfstusng6hou4hl6hjxe6ky6lhtq2ngrx6ngm2qqhgmsi5avbfuoq5kuz2v3yvftmi3zsxmvi56q4habfy6bshswprwjvhtxb52kzv4eona6fi36gob7wpcgjjk2mnfhamwhrw6lsm724pclox4vakcehoks6m6plj4eozlv54astsga\",\"rate_comments\":{\"rc-1\":\"Car park YES (without additional debit notes)   . Check-in hour 14:00 \\u2013 .\"}}],\"paxes\":[{\"type\":\"AD\",\"surname\":\"Nalla\",\"pax_id\":1,\"name\":\"Manoj\"},{\"type\":\"AD\",\"surname\":\"Gootla\",\"pax_id\":2,\"name\":\"Tirupathi\"}],\"other_details\":{\"booking_reference\":\"npfkqpcerqso7d5mqr32i45mki\",\"booking_id\":\"GRN-201802-021808\"},\"additional_info\":{\"booking_note\":\"If holder is not one of the paxes, one of the adult paxes will be considered as holder\"}}','{\"cancellation_charges\":{\"currency\":\"INR\",\"amount\":\"1577.00\"}}','{\"supplier_reference\":\"npfkqpcerqso7d5mqr32i45mki\",\"url\":\"https:\\/\\/cdn.grnconnect.com\\/hotels\\/images\\/06\\/65\\/0665e64d3d234d158e888694e0b623ab4866f79f.jpg\",\"phone_number\":\"+97137046000\",\"image\":\"06\\/65\\/0665e64d3d234d158e888694e0b623ab4866f79f.jpg\",\"fax\":\"+97137046009\",\"email\":\"info.alain@danathotels.com\"}'),(28,29,'Traders Qaryat Al Beri',4.0,'2(2-A)','grn-connect','INR',4095.00,'confirmed',1,'UAE','Abu Dhabi','2018-04-19 00:00:00','2018-04-20 00:00:00','2018-04-14 00:00:00','2018-02-05 11:17:18','{\"description\":\"The very elegant Hotel is set on a private beach in the centre of Abu Dhabi, only 15 minutes away from Downtown. Abu Dhabi National Convention Center and Sheikh Zayed Grand Mosque are close-by, the international airport can be reached within minutes. The hotel has 24-hour reception, express check-in and check-out, concierge service, currency exchange, free WIFI throughout, meeting rooms, 24-hour business centre, restaurant, bar, fitness centre, outdoor pool, laundry service and free on-site parking. Wheelchair accessible.\",\"address\":\"Khor Al Maqta P.O. Box: 128881 Abu Dhabi\",\"booking_reference\":\"6lxmristhwwkos7eag5nzwcmuu\",\"booking_id\":\"GRN-201802-021820\",\"booking_comments\":\"Testing\",\"rooms\":[{\"price\":4094.89,\"cancellation_policy\":{\"under_cancellation\":false,\"details\":[{\"from\":\"2018-04-09T00:00:00\",\"flat_fee\":2047.78,\"currency\":\"INR\"},{\"from\":\"2018-04-14T00:00:00\",\"flat_fee\":4094.89,\"currency\":\"INR\"}],\"cancel_by_date\":\"2018-04-08T23:59:59\",\"amount_type\":\"value\"},\"boarding_details\":[\"BED AND BREAKFAST\"],\"room_type\":\"DBL.KG-PE\",\"description\":\"DOUBLE PREMIER KING BED\",\"no_of_infants\":0,\"no_of_children\":0,\"no_of_adults\":2,\"room_code\":\"4tduvmzr5arerojf\",\"rate_key\":\"4phflpbw4yusjfstusng6hos4ljohjxe6ky6lhtz3farx77jl2tq367plb5djauuxexev2wnz52twwb5xlbvioorttibltntsptgprgl4xkuz7b4z4fuksisle6jkp2lys3wbvjjmnchonfurs3lsrpy47gmewxhbl5efos27bcibkuapbpfh53e4odwv7a\",\"rate_comments\":{\"rc-1\":\"Car park YES (without additional debit notes)   . Check-in hour 14:00 \\u2013 .\"}}],\"paxes\":[{\"type\":\"AD\",\"surname\":\"Nalla\",\"pax_id\":1,\"name\":\"Manoj\"},{\"type\":\"AD\",\"surname\":\"Gootla\",\"pax_id\":2,\"name\":\"Tirupathi\"}],\"other_details\":{\"booking_reference\":\"6lxmristhwwkos7eag5nzwcmuu\",\"booking_id\":\"GRN-201802-021820\"},\"additional_info\":{\"booking_note\":\"If holder is not one of the paxes, one of the adult paxes will be considered as holder\"}}','{\"supplier_cancellation_reference\":\"XNIVTFXXQK\",\"status\":\"confirmed\",\"cancellation_reference\":\"hld2iburnfq2euyumbcs6m5g7m\",\"cancellation_charges\":{\"currency\":\"INR\",\"amount\":0},\"cancel_date\":\"2018-02-05T16:59:29\",\"booking_reference\":\"6lxmristhwwkos7eag5nzwcmuu\",\"booking_id\":\"GRN-201802-021820\"}',NULL),(29,30,'Sea View',4.0,'6(4-A, 2-C)','grn-connect','INR',52161.00,'cancelled',2,'UAE','Dubai','2018-03-05 00:00:00','2018-03-09 00:00:00','2018-03-02 14:00:00','2018-02-16 19:42:08','{\"description\":\"This city hotel stands at 4 km from WTC and a 15 minutes\' walk from Burjaman Shopping Mall. It is the perfect hub for anyone who wants to combine his sun soaked vacation with world-class shopping since there are several major shopping outlets just a 5-minute drive away and the Meena Bazar is across the road. Deira city centre, Dubai Creek and the sandy beach are all under a 10 minutes\' drive from the hotel. Located on its 7th floor is the conference centre, which besides the spectacular views of Dubai and its famous Gulf, offers state of the art technology and specially trained staff\'s to facilitate any business meeting. After the busy day guests can head to The Kohinoor - Moughlai speciality restaurant, which serves authentic Indian cuisine and transports them back to ancient India with its intricate and exquisite craftsmanship and original pieces from India\'s royal families.\",\"address\":\"Al Meena Road Opposite to Dubai Customs Building Bur Dubai PO Box 52700 Al Meena Road\",\"booking_comments\":\"\",\"rooms\":[{\"price\":52160.89,\"cancellation_policy\":{\"under_cancellation\":false,\"details\":[{\"from\":\"2018-03-02T14:00:00\",\"flat_fee\":21355.8,\"currency\":\"INR\"}],\"cancel_by_date\":\"2018-03-02T13:59:59\",\"amount_type\":\"value\"},\"includes_boarding\":false,\"boarding_details\":null,\"room_code\":\"4xdfhnbu7qqsluc33xsqkf644ljkzrva6wz63uds2fdbr7hnctjh3b7s\",\"rate_key\":\"\",\"rate_comments\":null,\"room_type\":\"Deluxe Room\",\"no_of_rooms\":null,\"description\":\"\",\"no_of_infants\":0,\"no_of_children\":2,\"no_of_adults\":2},{\"price\":52160.89,\"cancellation_policy\":{\"under_cancellation\":false,\"details\":[{\"from\":\"2018-03-02T14:00:00\",\"flat_fee\":21355.8,\"currency\":\"INR\"}],\"cancel_by_date\":\"2018-03-02T13:59:59\",\"amount_type\":\"value\"},\"includes_boarding\":false,\"boarding_details\":null,\"room_code\":\"4xdfhnbu7qqsluc33xsqkf644ljkzrva6wz63uds2fdbr7hnctjh3b7s\",\"rate_key\":\"\",\"rate_comments\":null,\"room_type\":\"Deluxe Room\",\"no_of_rooms\":null,\"description\":\"\",\"no_of_infants\":0,\"no_of_children\":0,\"no_of_adults\":2}],\"paxes\":[{\"type\":\"AD\",\"surname\":\"Gootla\",\"pax_id\":1,\"name\":\"Tirupathi\"},{\"type\":\"AD\",\"surname\":\"Nalla\",\"pax_id\":2,\"name\":\"Manoj\"},{\"type\":\"CH\",\"surname\":\"Bolla\",\"pax_id\":3,\"name\":\"Ramesh\",\"age\":6},{\"type\":\"CH\",\"surname\":\"Sulla\",\"pax_id\":4,\"name\":\"Vamshi\",\"age\":8},{\"type\":\"AD\",\"surname\":\"Gootla\",\"pax_id\":5,\"name\":\"Tirupathi\"},{\"type\":\"AD\",\"surname\":\"Nalla\",\"pax_id\":6,\"name\":\"Manoj\"}],\"additional_info\":{\"spl_checkin_instructions\":\"24-hour airport shuttle service is available on request. Contact the property in advance to make arrangements.\",\"checkin_instructions\":\"Extra-person charges may apply and vary depending on property policy. Government-issued photo identification and a credit card are required at check-in for incidental charges. Special requests are subject to availability upon check-in and may incur additional charges. Special requests cannot be guaranteed. \",\"booking_note\":\"If holder is not one of the paxes, one of the adult paxes will be considered as holder\"},\"payables_at_hotel\":[{\"name\":\"MandatoryFee\",\"included\":false,\"currency\":\"INR\",\"amount_type\":\"value\",\"amount\":2099.1}],\"other_details\":{\"booking_reference\":\"6kqu7avpqujkx7ru26anhxuulq\",\"booking_id\":\"GRN-201802-022061\"},\"lead_passenger_details\":{\"name\":\"Mr. Tirupathi Gootla\",\"mobile\":\"7093096349\",\"email\":\"chagamkamalakar@gmail.com\",\"nationality\":\"IN\"}}','{\"status\":\"confirmed\",\"cancellation_reference\":\"ie72s2ueb7sjky26ccqndov7wa\",\"cancellation_charges\":{\"currency\":\"INR\",\"amount\":0},\"cancel_date\":\"2018-02-16T23:30:36\",\"booking_reference\":\"6kqu7avpqujkx7ru26anhxuulq\",\"booking_id\":\"GRN-201802-022061\"}',NULL),(30,31,'Holiday Inn Express Dubai - Jumeirah',2.0,'2(2-A)','grn-connect','INR',3428.00,'confirmed',1,'UAE','Dubai','2018-03-14 18:30:00','2018-03-15 18:30:00','2018-03-09 18:30:00',NULL,'{\"description\":\"This comfortable hotel is located in the centre of Dubai and offers a convenient starting point for business and leisure travelers who wish to enjoy a centric location with good public transport links. The Dubai-Abu Dhabi highway is within easy reach from the hotel and Dubai Creek and Dubai Museum are also easily accessible. Other sites of touristic interest include Jumeirah Mosque, Zabeel Park and Bur Dubai. Dubai International Airport is around 8 km away*\",\"address\":\"Jumeirah Road P.O. Box 71256 Dubai  Jumeirah Road\",\"booking_reference\":\"7yvcf6plxizdbljidso2ziyy4u\",\"booking_id\":\"GRN-201802-022755\",\"booking_comments\":\"Testing\",\"rooms\":[{\"price\":3427.2,\"cancellation_policy\":{\"under_cancellation\":false,\"details\":[{\"from\":\"2018-03-06T00:00:00\",\"flat_fee\":856.8,\"currency\":\"INR\"},{\"from\":\"2018-03-10T00:00:00\",\"flat_fee\":3427.2,\"currency\":\"INR\"}],\"cancel_by_date\":\"2018-03-05T23:59:59\",\"amount_type\":\"value\"},\"includes_boarding\":true,\"boarding_details\":[\"Full Breakfast\"],\"room_type\":\"Standard Room\",\"description\":\"Standard Room\",\"no_of_infants\":0,\"no_of_children\":0,\"no_of_adults\":2,\"room_code\":\"4lifnyjv5arfjjbt\",\"rate_key\":\"4hhflpsotvkcjuctuwjw6f5v4lj23qnc6g3olw3s2nbbr5a\"}],\"paxes\":[{\"type\":\"AD\",\"title\":\"Mr.\",\"surname\":\"Gootla\",\"pax_id\":1,\"name\":\"Tirupathi\"},{\"type\":\"AD\",\"title\":\"Mr.\",\"surname\":\"Nalla\",\"pax_id\":2,\"name\":\"Manoj\"}],\"other_details\":{\"booking_reference\":\"7yvcf6plxizdbljidso2ziyy4u\",\"booking_id\":\"GRN-201802-022755\"}}',NULL,NULL),(31,32,'Millennium Hotel Fujairah',3.0,'2(2-A)','grn-connect','INR',14700.00,'confirmed',1,'UAE','Fujairah','2018-05-01 18:30:00','2018-05-04 18:30:00','2018-04-26 18:30:00',NULL,'{\"description\":\"Set against the backdrop of the Hajar Mountains, the upscale Millennium Hotel Fujairah is located on Sheikh Khalifa Bin Zayed Road in the Haleefat area \\u2013 the gateway to the city \\u2013 just off the main highway from Dubai and Sharjah, a mere 50-minute drive from Dubai and a short distance to the beach, historic forts and heritage village.\",\"address\":\"Haleefat Area Hamad Bin Abdulla Road West Fujairah  Hamad Bin Abdullah Road\",\"booking_reference\":\"vofhqaor2tpdmch6zsgqhj2f5m\",\"booking_id\":\"GRN-201802-022756\",\"booking_comments\":\"Testing\",\"rooms\":[{\"price\":14699.16,\"cancellation_policy\":{\"under_cancellation\":false,\"details\":[{\"from\":\"2018-04-22T00:00:00\",\"flat_fee\":7349.93,\"currency\":\"INR\"},{\"from\":\"2018-04-27T00:00:00\",\"flat_fee\":14699.16,\"currency\":\"INR\"}],\"cancel_by_date\":\"2018-04-21T23:59:59\",\"amount_type\":\"value\"},\"room_type\":\"ROO.ST\",\"description\":\"Room STANDARD\",\"no_of_infants\":0,\"no_of_children\":0,\"no_of_adults\":2,\"room_code\":\"4phvlkru44rcppzs2a\",\"rate_key\":\"4phflpbw44uc7fstusng6hot4dl6hjxe6ky6lht43fdbv77cl2yqb6hpibuwlg4vtistz56qzjftmi3zqdeeebe7t3wgnyoasovvpnue4giat4koxb7tcnatfuyjgojyyxbwjkjcn5ehiofu77dmqqxv47clmkxfbcdddrjhqi77rjekbuxsg\",\"rate_comments\":{\"rc-1\":\"Car park YES (with additional debit notes) 0 AED Per person\\/stay. Check-in hour 07:00 \\u2013 17:00. No alcohol is served.\"}}],\"paxes\":[{\"type\":\"AD\",\"title\":\"Mr.\",\"surname\":\"Nalla\",\"pax_id\":1,\"name\":\"Manoj\"},{\"type\":\"AD\",\"title\":\"Mr.\",\"surname\":\"Gootla\",\"pax_id\":2,\"name\":\"Tirupathi\"}],\"other_details\":{\"booking_reference\":\"vofhqaor2tpdmch6zsgqhj2f5m\",\"booking_id\":\"GRN-201802-022756\"},\"additional_info\":{\"booking_note\":\"If holder is not one of the paxes, one of the adult paxes will be considered as holder\"}}',NULL,NULL),(32,33,'Mangrove by Bin Majid Hotels & Resorts',4.0,'5(4-A, 1-C)','grn-connect','INR',38545.00,'confirmed',2,'UAE','Ras al-Khaimah','2018-06-09 18:30:00','2018-06-12 18:30:00','2018-06-06 09:30:00',NULL,'{\"description\":\"Facing the creek of Ras Al Khaimah, this hotel places its guests just next to the city centre. They will be within a 5-minute walk from the Al Safir Shopping Mall and a 10-minute drive from the Ras Al Khaimah Airport. Those who want to explore the region will be within a convenient drive from the majestic mountains and some of the historical sites of Arabia and the onsite tour desk can help them will organizing their trips and tours. The venue itself offers elegantly decorated rooms and suites that are perfect for relaxing at the end of the exciting day. Those who are looking for a place where to refresh can head to the outdoor pool for a swim or for some sunbathing. For dining guests can enjoy delicious international specialities and panoramic views of the creek at the onsite restaurant. The cafe offers shisha pipes and is the perfect place where to unwind at the end of the day*\",\"address\":\"Al Khor Road Near Corniche Hall Ras Al Khaimah 2035  Al Khor Road\",\"booking_reference\":\"irx3uxwdvtqhfniaauafhoix4i\",\"booking_id\":\"GRN-201802-022787\",\"booking_comments\":\"Testing\",\"rooms\":[{\"price\":38544.02,\"cancellation_policy\":{\"under_cancellation\":false,\"details\":[{\"from\":\"2018-06-06T15:00:00\",\"flat_fee\":21255.38,\"currency\":\"INR\"}],\"cancel_by_date\":\"2018-06-06T14:59:59\",\"amount_type\":\"value\"},\"includes_boarding\":false,\"room_type\":\"Standard Twin Mangrove View\",\"no_of_children\":0,\"no_of_adults\":2,\"room_code\":\"4lfv3pb67qqczuc33xsqkf644lj25qnp6g6oxv3s2fdbr7hnc7lh7ahq\"},{\"price\":38544.02,\"cancellation_policy\":{\"under_cancellation\":false,\"details\":[{\"from\":\"2018-06-06T15:00:00\",\"flat_fee\":21255.38,\"currency\":\"INR\"}],\"cancel_by_date\":\"2018-06-06T14:59:59\",\"amount_type\":\"value\"},\"includes_boarding\":false,\"room_type\":\"Standard Twin Mangrove View\",\"no_of_children\":0,\"no_of_adults\":2,\"room_code\":\"4lfv3pb67qqczuc33xsqkf644lj25qnp6g6oxv3s2fdbr7hnc7lh7ahq\"}],\"paxes\":[{\"type\":\"AD\",\"title\":\"Mr.\",\"surname\":\"Gootla\",\"pax_id\":1,\"name\":\"Tirupathi\"},{\"type\":\"AD\",\"title\":\"Mr.\",\"surname\":\"Nalla\",\"pax_id\":2,\"name\":\"Manoj\"},{\"type\":\"CH\",\"title\":\"Mstr.\",\"surname\":\"Bolla\",\"pax_id\":3,\"name\":\"Ramesh\",\"age\":4},{\"type\":\"AD\",\"title\":\"Mr.\",\"surname\":\"Gootla\",\"pax_id\":4,\"name\":\"Tirupathi\"},{\"type\":\"AD\",\"title\":\"Mr.\",\"surname\":\"Nalla\",\"pax_id\":5,\"name\":\"Manoj\"}],\"other_details\":{\"booking_reference\":\"irx3uxwdvtqhfniaauafhoix4i\",\"booking_id\":\"GRN-201802-022787\"},\"additional_info\":{\"spl_checkin_instructions\":\"24-hour airport shuttle service is available. Contact the property in advance to get details.\",\"checkin_instructions\":\"Extra-person charges may apply and vary depending on property policy. Government-issued photo identification and a credit card or cash deposit are required at check-in for incidental charges. Special requests are subject to availability upon check-in and may incur additional charges. Special requests cannot be guaranteed.  The name on the credit card used at check-in to pay for incidentals must be the primary name on the guestroom reservation.  The credit card used to book the reservation must be presented at the time of check-in. For more details, please contact the property using the information on the reservation confirmation received after booking. Local guests are required to provide a valid Emirates identification card; tourists must provide a passport at check-in. For more details, please contact the property using the information on the reservation confirmation received after booking.\",\"booking_note\":\"If holder is not one of the paxes, one of the adult paxes will be considered as holder\"}}',NULL,NULL),(33,34,'Aryana Hotel',4.0,'4(4-A)','grn-connect','INR',22873.00,'confirmed',2,'UAE','Sharjah & Ajman','2018-05-09 18:30:00','2018-05-11 18:30:00','2018-05-03 18:30:00',NULL,'{\"description\":\"This hotel is located near a shopping district and only 500 metres from extensive shopping areas. It is a 2-minute walk from Qanat Al Qasba and is a 10-minute drive from Al Mamzar Beach. It has an airport shuttle service available on request. Spacious rooms at the hotel overlook the lagoon. They have luxury bedding and feature large windows with black-out curtains. Each unit has free Internet access, air conditioning, and a work desk. The hotel has an indoor pool with city views. Guests can relax under an umbrella near the pool, or enjoy a free use of the fitness centre. International cuisine and local specialties such as Arabic bread and spicy stews are served at the hotel\'s restaurant. The hotel provides a buffet breakfast and can organise room service. Complimentary private parking is also available.\",\"address\":\"Qant Qasba Al Khan Sharjah 84443  Al Taawun Street\",\"booking_reference\":\"da4hx5fvpqeoqojhoaloz7b63q\",\"booking_id\":\"GRN-201802-022799\",\"booking_comments\":\"Testing\",\"rooms\":[{\"price\":22872.45,\"cancellation_policy\":{\"under_cancellation\":false,\"details\":[{\"from\":\"2018-05-04T00:00:00\",\"flat_fee\":11436.23,\"currency\":\"INR\"}],\"cancel_by_date\":\"2018-05-03T23:59:59\",\"amount_type\":\"value\"},\"room_type\":\"DBL.ST\",\"description\":\"DOUBLE STANDARD\",\"no_of_infants\":0,\"no_of_children\":0,\"no_of_adults\":2,\"room_code\":\"4lgf3krx4arcppzs2a\",\"rate_key\":\"4phflpbw44us3fstusng6hot4hiohjxe6ky6lhtz3rar37xnl2tq367pibuwlfeysfffz6xtv54bqebxxczwq5m72pobjxfu36kf3m7r4snxdbciz55tcplgfy6oopslwlbwlis5c5hxmmgc7c6lwm7x5k34sumyop7d7t2s6nga\",\"rate_comments\":{\"rc-1\":\"Car park YES (without additional debit notes)   . Check-in hour 14:00 \\u2013 . . Business Executive : standard\\nCheck in is 14:00 and check out is 12:00.\\nNo show charges 1 night and early departure charges full stay. \\nChildren who are under 10 years of age will be sharing existing bed with parents.\"}},{\"price\":22872.45,\"cancellation_policy\":{\"under_cancellation\":false,\"details\":[{\"from\":\"2018-05-04T00:00:00\",\"flat_fee\":11436.23,\"currency\":\"INR\"}],\"cancel_by_date\":\"2018-05-03T23:59:59\",\"amount_type\":\"value\"},\"room_type\":\"DBL.ST\",\"description\":\"DOUBLE STANDARD\",\"no_of_infants\":0,\"no_of_children\":0,\"no_of_adults\":2,\"room_code\":\"4lgf3krx4arcppzs2a\",\"rate_key\":\"4phflpbw44us3fstusng6hot4hiohjxe6ky6lhtz3rar37xnl2tq367pibuwlfeysfffz6xtv54bqebxxczwq5m72pobjxfu36kf3m7r4snxdbciz55tcplgfy6oopslwlbwlis5c5hxmmgc7c6lwm7x5k34sumyop7d7t2s6nga\",\"rate_comments\":{\"rc-1\":\"Car park YES (without additional debit notes)   . Check-in hour 14:00 \\u2013 . . Business Executive : standard\\nCheck in is 14:00 and check out is 12:00.\\nNo show charges 1 night and early departure charges full stay. \\nChildren who are under 10 years of age will be sharing existing bed with parents.\"}}],\"paxes\":[{\"type\":\"AD\",\"title\":\"Mr.\",\"surname\":\"Gootla\",\"pax_id\":1,\"name\":\"Tirupathi\"},{\"type\":\"AD\",\"title\":\"Mr.\",\"surname\":\"Nalla\",\"pax_id\":2,\"name\":\"Manoj\"},{\"type\":\"AD\",\"title\":\"Mr.\",\"surname\":\"Gootla\",\"pax_id\":3,\"name\":\"Tirupathi\"},{\"type\":\"AD\",\"title\":\"Mr.\",\"surname\":\"Nalla\",\"pax_id\":4,\"name\":\"Manoj\"}],\"other_details\":{\"booking_reference\":\"da4hx5fvpqeoqojhoaloz7b63q\",\"booking_id\":\"GRN-201802-022799\"},\"additional_info\":{\"booking_note\":\"If holder is not one of the paxes, one of the adult paxes will be considered as holder\"}}',NULL,NULL),(34,35,'Novotel Abu Dhabi Al Bustan',4.0,'5(4-A, 1-C)','grn-connect','INR',11797.00,'confirmed',2,'UAE','Abu Dhabi','2018-06-14 18:30:00','2018-06-15 18:30:00','2018-06-13 07:30:00',NULL,'{\"description\":\"This outstanding hotel features a convenient location just minutes from the Abu Dhabi Exhibition Centre, Sheikh Zayed Sports City and Government institutions. Just 20 minutes from Abu Dhabi International Airport and 15 minutes from the city centre, it provides the perfect base from which to explore all this vibrant region has to offer. The tastefully decorated guest rooms feature a contemporary design and offer all the necessary services and amenities to enjoy a truly memorable stay, including a fully-equipped bathroom. The onsite dining options include a steak house as well as different bars ideal for casual dining. Corporate travellers will find a range of meeting facilities completely equipped to guarantee the success of any event, while the relaxation area includes sauna and Jacuzzi, ideal to enjoy unwind after a busy day of work or sightseeing.\",\"address\":\"Sheikh Rashid Bin Saeed Street Airport Road 29th Street Abu Dhabi Sheikh Rashid Bin Saeed Street\",\"booking_reference\":\"t6by6ghajjwcbcsn7tup56e224\",\"booking_id\":\"GRN-201802-022802\",\"booking_comments\":\"Testing\",\"rooms\":[{\"price\":11796.1,\"cancellation_policy\":{\"under_cancellation\":false,\"details\":[{\"from\":\"2018-06-13T13:00:00\",\"flat_fee\":11797,\"currency\":\"INR\"}],\"cancel_by_date\":\"2018-06-13T12:59:59\",\"amount_type\":\"value\"},\"includes_boarding\":false,\"room_type\":\"Superior Room, 1 Queen Bed\",\"no_of_children\":1,\"no_of_adults\":2,\"room_code\":\"4dhvjnjs7qus3uc33xsqkf644ljk3qfi7o26ruds2fdbr7hjc3ihndxy\"},{\"price\":11796.1,\"cancellation_policy\":{\"under_cancellation\":false,\"details\":[{\"from\":\"2018-06-13T13:00:00\",\"flat_fee\":11797,\"currency\":\"INR\"}],\"cancel_by_date\":\"2018-06-13T12:59:59\",\"amount_type\":\"value\"},\"includes_boarding\":false,\"room_type\":\"Superior Room, 1 Queen Bed\",\"no_of_children\":1,\"no_of_adults\":2,\"room_code\":\"4dhvjnjs7qus3uc33xsqkf644ljk3qfi7o26ruds2fdbr7hjc3ihndxy\"}],\"paxes\":[{\"type\":\"AD\",\"title\":\"Mr.\",\"surname\":\"Gootla\",\"pax_id\":1,\"name\":\"Tirupathi\"},{\"type\":\"AD\",\"title\":\"Mr.\",\"surname\":\"Nalla\",\"pax_id\":2,\"name\":\"Manoj\"},{\"type\":\"AD\",\"title\":\"Mr.\",\"surname\":\"Gootla\",\"pax_id\":3,\"name\":\"Tirupathi\"},{\"type\":\"AD\",\"title\":\"Mr.\",\"surname\":\"Nalla\",\"pax_id\":4,\"name\":\"Manoj\"},{\"type\":\"CH\",\"title\":\"Mstr.\",\"surname\":\"Bolla\",\"pax_id\":5,\"name\":\"Ramesh\",\"age\":3}],\"other_details\":{\"booking_reference\":\"t6by6ghajjwcbcsn7tup56e224\",\"booking_id\":\"GRN-201802-022802\"},\"additional_info\":{\"checkin_instructions\":\"Extra-person charges may apply and vary depending on property policy. Government-issued photo identification and a credit card or cash deposit are required at check-in for incidental charges. Special requests are subject to availability upon check-in and may incur additional charges. Special requests cannot be guaranteed.\",\"booking_note\":\"If holder is not one of the paxes, one of the adult paxes will be considered as holder\"}}',NULL,NULL),(35,36,'Hafez Hotel Apartments',2.5,'5(4-A, 1-C)','grn-connect','INR',12721.00,'confirmed',2,'UAE','Dubai','2018-05-09 18:30:00','2018-05-11 18:30:00','2018-05-07 08:30:00',NULL,'{\"description\":\"Property Location With a stay at Hafez Hotel Apartment in Dubai (Bur Dubai), you\'ll be minutes from Spice Souk and The Dubai Heritage Village. This hotel is within close proximity of Grand Mosque and Sheikh Saeed Al Maktoum House.Rooms Make yourself at home in one of the 59 air-conditioned rooms featuring kitchens with refrigerators and stovetops. LED televisions with cable programming provide entertainment, while complimentary wireless Internet access keeps you connected. Conveniences include phones, as well as desks and blackout drapes\\/curtains.Amenities Make use of convenient amenities, which include complimentary wireless Internet access and tour\\/ticket assistance.Dining Take advantage of the hotel\'s room service (during limited hours).Business, Other Amenities Featured amenities include complimentary high-speed (wired) Internet access, a business center, and complimentary newspapers in the lobby.\",\"address\":\"Al Ahmadiya Street 12 Next to E NBD Bank Building Al Ras Dubai Al Ahmadiya Street\",\"booking_reference\":\"6gah74cfkifbu34zm4xfqjaqdm\",\"booking_id\":\"GRN-201802-022861\",\"booking_comments\":\"Testing\",\"rooms\":[{\"price\":12720.87,\"cancellation_policy\":{\"under_cancellation\":false,\"details\":[{\"from\":\"2018-05-07T14:00:00\",\"flat_fee\":7652.81,\"currency\":\"INR\"}],\"cancel_by_date\":\"2018-05-07T13:59:59\",\"amount_type\":\"value\"},\"includes_boarding\":false,\"room_type\":\"Studio (2 Adults)\",\"no_of_children\":1,\"no_of_adults\":2,\"room_code\":\"4dhvzmzr7qwsxuc33xsqkf644ljkxrvi6c26jwts2fdbr7hdchnxnahz\",\"other_inclusions\":[\"Free Internet\"]},{\"price\":12720.87,\"cancellation_policy\":{\"under_cancellation\":false,\"details\":[{\"from\":\"2018-05-07T14:00:00\",\"flat_fee\":7652.81,\"currency\":\"INR\"}],\"cancel_by_date\":\"2018-05-07T13:59:59\",\"amount_type\":\"value\"},\"includes_boarding\":false,\"room_type\":\"Studio (2 Adults)\",\"no_of_children\":1,\"no_of_adults\":2,\"room_code\":\"4dhvzmzr7qwsxuc33xsqkf644ljkxrvi6c26jwts2fdbr7hdchnxnahz\",\"other_inclusions\":[\"Free Internet\"]}],\"paxes\":[{\"type\":\"AD\",\"title\":\"Mr.\",\"surname\":\"Gootla\",\"pax_id\":1,\"name\":\"Tirupathi\"},{\"type\":\"AD\",\"title\":\"Mr.\",\"surname\":\"Nalla\",\"pax_id\":2,\"name\":\"Manoj\"},{\"type\":\"AD\",\"title\":\"Mr.\",\"surname\":\"Gootla\",\"pax_id\":3,\"name\":\"Tirupathi\"},{\"type\":\"AD\",\"title\":\"Mr.\",\"surname\":\"Nalla\",\"pax_id\":4,\"name\":\"Manoj\"},{\"type\":\"CH\",\"title\":\"Mstr.\",\"surname\":\"Bolla\",\"pax_id\":5,\"name\":\"Ramesh\",\"age\":2}],\"other_details\":{\"booking_reference\":\"6gah74cfkifbu34zm4xfqjaqdm\",\"booking_id\":\"GRN-201802-022861\"},\"additional_info\":{\"checkin_instructions\":\"Extra-person charges may apply and vary depending on property policy. Government-issued photo identification and a cash deposit are required at check-in for incidental charges. Special requests are subject to availability upon check-in and may incur additional charges. Special requests cannot be guaranteed.  No onsite parking is available.  This property accepts cash only for all bookings where payment for the stay will be made on site instead of at the time of booking, and for all purchases made on site, including incidentals. For more details, please contact the property using the information on the reservation confirmation received after booking.\",\"booking_note\":\"If holder is not one of the paxes, one of the adult paxes will be considered as holder\"}}',NULL,'{\"supplier_reference\":\"6gah74cfkifbu34zm4xfqjaqdm\",\"url\":\"https:\\/\\/cdn.grnconnect.com\\/hotels\\/images\\/1f\\/96\\/1f9606cba0fe8b1f7923f3e69852904126fffeaf.jpg\",\"phone_number\":\"+97142353200\",\"image\":\"1f\\/96\\/1f9606cba0fe8b1f7923f3e69852904126fffeaf.jpg\",\"fax\":\"+97142353007\",\"email\":\"info@hafezhotel.com\"}'),(36,37,'Marjan Island Resort & Spa',5.0,'6(4-A, 2-C)','grn-connect','INR',62445.00,'confirmed',2,'UAE','Ras al-Khaimah','2018-06-03 18:30:00','2018-06-06 18:30:00','2018-06-02 07:30:00',NULL,'{\"description\":\"Property Location With a stay at Marjan Island Resort & Spa Managed by AccorHotels in Ras Al Khaimah, you\'ll be by the sea and close to Al Hamra Marina and Yacht Club.  This 5-star hotel is within the region of Iceland Water Park and Dreamland.Rooms Make yourself at home in one of the 299 air-conditioned rooms featuring minibars and flat-screen televisions. Complimentary wireless Internet access keeps you connected, and satellite programming is available for your entertainment. Private bathrooms with bathtubs or showers feature rainfall showerheads and complimentary toiletries. Conveniences include phones, as well as safes and desks.Amenities Pamper yourself with a visit to the spa, which offers massages, body treatments, and facials. You\'re sure to appreciate the recreational amenities, which include 2 indoor swimming pools, a health club, and an outdoor tennis court. Additional amenities include complimentary wireless Internet access, concierge services, and babysitting\\/childcare (surcharge). Guests can catch a ride to nearby destinations on the area shuttle (surcharge).Dining Enjoy a meal at one of the hotel\'s dining establishments, which include 5 restaurants and a coffee shop\\/caf\\u00e9. From your room, you can also access 24-hour room service. Relax with your favorite drink at a beach bar or a poolside bar. Buffet breakfasts are available daily for a fee.Business, Other Amenities Featured amenities include a business center, limo\\/town car service, and complimentary newspapers in the lobby. This hotel has 4 meeting rooms available for events. A roundtrip airport shuttle is provided for a surcharge (available on request), and free valet parking is available onsite.\",\"address\":\"Marjan Island Boulevard Marjan Island Ras al Khaimah 14745  Marjan Island Boulevard\",\"booking_reference\":\"fs3ntjioiksgzmcxzllg72bwmq\",\"booking_id\":\"GRN-201802-022871\",\"booking_comments\":\"Testing\",\"rooms\":[{\"price\":62444.53,\"cancellation_policy\":{\"under_cancellation\":false,\"details\":[{\"from\":\"2018-06-02T13:00:00\",\"flat_fee\":26244.77,\"currency\":\"INR\"}],\"cancel_by_date\":\"2018-06-02T12:59:59\",\"amount_type\":\"value\"},\"includes_boarding\":false,\"room_type\":\"Superior Room, 2 Twin Beds, Sea View\",\"no_of_children\":1,\"no_of_adults\":2,\"room_code\":\"4tdfpnbs7qqcluc33xsqkf644ljktq5o6gy6vuls2fdbr7pidpix5bxy\"},{\"price\":62444.53,\"cancellation_policy\":{\"under_cancellation\":false,\"details\":[{\"from\":\"2018-06-02T13:00:00\",\"flat_fee\":26244.77,\"currency\":\"INR\"}],\"cancel_by_date\":\"2018-06-02T12:59:59\",\"amount_type\":\"value\"},\"includes_boarding\":false,\"room_type\":\"Superior Room, 2 Twin Beds, Sea View\",\"no_of_children\":1,\"no_of_adults\":2,\"room_code\":\"4tdfpnbs7qqcluc33xsqkf644ljktq5o6gy6vuls2fdbr7pidpix5bxy\"}],\"paxes\":[{\"type\":\"AD\",\"title\":\"Mr.\",\"surname\":\"Gootla\",\"pax_id\":1,\"name\":\"Tirupathi\"},{\"type\":\"AD\",\"title\":\"Mr.\",\"surname\":\"Nalla\",\"pax_id\":2,\"name\":\"Manoj\"},{\"type\":\"CH\",\"title\":\"Mstr.\",\"surname\":\"Bolla\",\"pax_id\":3,\"name\":\"Ramesh\",\"age\":5},{\"type\":\"AD\",\"title\":\"Mr.\",\"surname\":\"Gootla\",\"pax_id\":4,\"name\":\"Tirupathi\"},{\"type\":\"AD\",\"title\":\"Mr.\",\"surname\":\"Nalla\",\"pax_id\":5,\"name\":\"Manoj\"},{\"type\":\"CH\",\"title\":\"Mstr.\",\"surname\":\"Bolla\",\"pax_id\":6,\"name\":\"Ramesh\",\"age\":4}],\"other_details\":{\"booking_reference\":\"fs3ntjioiksgzmcxzllg72bwmq\",\"booking_id\":\"GRN-201802-022871\"},\"additional_info\":{\"spl_checkin_instructions\":\"24-hour airport shuttle service is available on request. Contact the property in advance to make arrangements.\",\"checkin_instructions\":\"Extra-person charges may apply and vary depending on property policy. Government-issued photo identification and a credit card or cash deposit are required at check-in for incidental charges. Special requests are subject to availability upon check-in and may incur additional charges. Special requests cannot be guaranteed.  The name on the credit card used at check-in to pay for incidentals must be the primary name on the guestroom reservation.\",\"booking_note\":\"If holder is not one of the paxes, one of the adult paxes will be considered as holder\"}}',NULL,'{\"supplier_reference\":\"fs3ntjioiksgzmcxzllg72bwmq\",\"url\":\"https:\\/\\/cdn.grnconnect.com\\/hotels\\/images\\/63\\/91\\/63914fddab59ffa6a8a0ce05d1848771d39d58ba.jpg\",\"phone_number\":\"+97172036666\",\"image\":\"63\\/91\\/63914fddab59ffa6a8a0ce05d1848771d39d58ba.jpg\",\"fax\":\"+97172036667\",\"email\":\"ha0d2@accor.com\"}'),(37,39,'Mangrove by Bin Majid Hotels & Resorts',4.0,'6(4-A, 2-C)','grn-connect','INR',63698.00,'confirmed',2,'UAE','Ras al-Khaimah','2018-06-03 18:30:00','2018-06-06 18:30:00','2018-05-31 09:30:00',NULL,'{\"description\":\"Facing the creek of Ras Al Khaimah, this hotel places its guests just next to the city centre. They will be within a 5-minute walk from the Al Safir Shopping Mall and a 10-minute drive from the Ras Al Khaimah Airport. Those who want to explore the region will be within a convenient drive from the majestic mountains and some of the historical sites of Arabia and the onsite tour desk can help them will organizing their trips and tours. The venue itself offers elegantly decorated rooms and suites that are perfect for relaxing at the end of the exciting day. Those who are looking for a place where to refresh can head to the outdoor pool for a swim or for some sunbathing. For dining guests can enjoy delicious international specialities and panoramic views of the creek at the onsite restaurant. The cafe offers shisha pipes and is the perfect place where to unwind at the end of the day*\",\"address\":\"Al Khor Road Near Corniche Hall Ras Al Khaimah 2035  Al Khor Road\",\"booking_reference\":\"42h3ptistugo6oqemyo743lg6i\",\"booking_id\":\"GRN-201802-022906\",\"booking_comments\":\"Testing\",\"booking_items\":[{\"price\":63697.47,\"cancellation_policy\":{\"under_cancellation\":false,\"details\":[{\"from\":\"2018-05-31T15:00:00\",\"flat_fee\":36907.26,\"currency\":\"INR\"}],\"cancel_by_date\":\"2018-05-31T14:59:59\",\"amount_type\":\"value\"},\"includes_boarding\":false,\"room_code\":\"4tdvbmzs7qxsxuc33xsqkf644lj25qnp6g6oxvds2fdbr7hlctnhxahz\",\"rooms\":[{\"room_type\":\"Suite King or Twin\",\"no_of_children\":1,\"no_of_adults\":2},{\"room_type\":\"Suite King or Twin\",\"no_of_children\":1,\"no_of_adults\":2}]}],\"paxes\":[{\"type\":\"AD\",\"title\":\"Mr.\",\"surname\":\"Gootla\",\"pax_id\":1,\"name\":\"Tirupathi\"},{\"type\":\"AD\",\"title\":\"Mr.\",\"surname\":\"Nalla\",\"pax_id\":2,\"name\":\"Manoj\"},{\"type\":\"CH\",\"title\":\"Mstr.\",\"surname\":\"Bolla\",\"pax_id\":3,\"name\":\"Ramesh\",\"age\":5},{\"type\":\"AD\",\"title\":\"Mr.\",\"surname\":\"Gootla\",\"pax_id\":4,\"name\":\"Tirupathi\"},{\"type\":\"AD\",\"title\":\"Mr.\",\"surname\":\"Nalla\",\"pax_id\":5,\"name\":\"Manoj\"},{\"type\":\"CH\",\"title\":\"Mstr.\",\"surname\":\"Bolla\",\"pax_id\":6,\"name\":\"Ramesh\",\"age\":4}],\"other_details\":{\"booking_reference\":\"42h3ptistugo6oqemyo743lg6i\",\"booking_id\":\"GRN-201802-022906\"},\"additional_info\":{\"spl_checkin_instructions\":\"24-hour airport shuttle service is available. Contact the property in advance to get details.\",\"checkin_instructions\":\"Extra-person charges may apply and vary depending on property policy. Government-issued photo identification and a credit card or cash deposit are required at check-in for incidental charges. Special requests are subject to availability upon check-in and may incur additional charges. Special requests cannot be guaranteed.  The name on the credit card used at check-in to pay for incidentals must be the primary name on the guestroom reservation.  The credit card used to book the reservation must be presented at the time of check-in. For more details, please contact the property using the information on the reservation confirmation received after booking. Local guests are required to provide a valid Emirates identification card; tourists must provide a passport at check-in. For more details, please contact the property using the information on the reservation confirmation received after booking.\",\"booking_note\":\"If holder is not one of the paxes, one of the adult paxes will be considered as holder\"}}',NULL,NULL),(38,40,'Mangrove by Bin Majid Hotels & Resorts',4.0,'6(4-A, 2-C)','grn-connect','INR',50643.00,'confirmed',2,'UAE','Ras al-Khaimah','2018-06-03 18:30:00','2018-06-06 18:30:00','2018-05-31 09:30:00',NULL,'{\"description\":\"Facing the creek of Ras Al Khaimah, this hotel places its guests just next to the city centre. They will be within a 5-minute walk from the Al Safir Shopping Mall and a 10-minute drive from the Ras Al Khaimah Airport. Those who want to explore the region will be within a convenient drive from the majestic mountains and some of the historical sites of Arabia and the onsite tour desk can help them will organizing their trips and tours. The venue itself offers elegantly decorated rooms and suites that are perfect for relaxing at the end of the exciting day. Those who are looking for a place where to refresh can head to the outdoor pool for a swim or for some sunbathing. For dining guests can enjoy delicious international specialities and panoramic views of the creek at the onsite restaurant. The cafe offers shisha pipes and is the perfect place where to unwind at the end of the day*\",\"address\":\"Al Khor Road Near Corniche Hall Ras Al Khaimah 2035  Al Khor Road\",\"booking_reference\":\"axcovvpat6dch5zsvtuowenqem\",\"booking_id\":\"GRN-201802-022911\",\"booking_comments\":\"Testing\",\"booking_items\":[{\"price\":50642.85,\"cancellation_policy\":{\"under_cancellation\":false,\"details\":[{\"from\":\"2018-05-31T15:00:00\",\"flat_fee\":31420.5,\"currency\":\"INR\"}],\"cancel_by_date\":\"2018-05-31T14:59:59\",\"amount_type\":\"value\"},\"includes_boarding\":false,\"room_code\":\"4xevnpbt7qwsluc33xsqkf644lj25qnp6g6oxuls2fdbr7hlctnhxahu\",\"rooms\":[{\"room_type\":\"Executive King or Twin\",\"no_of_children\":1,\"no_of_adults\":2},{\"room_type\":\"Executive King or Twin\",\"no_of_children\":1,\"no_of_adults\":2}]}],\"paxes\":[{\"type\":\"AD\",\"title\":\"Mr.\",\"surname\":\"Gootla\",\"pax_id\":1,\"name\":\"Tirupathi\"},{\"type\":\"AD\",\"title\":\"Mr.\",\"surname\":\"Nalla\",\"pax_id\":2,\"name\":\"Manoj\"},{\"type\":\"CH\",\"title\":\"Mstr.\",\"surname\":\"Bolla\",\"pax_id\":3,\"name\":\"Ramesh\",\"age\":4},{\"type\":\"AD\",\"title\":\"Mr.\",\"surname\":\"Gootla\",\"pax_id\":4,\"name\":\"Tirupathi\"},{\"type\":\"AD\",\"title\":\"Mr.\",\"surname\":\"Nalla\",\"pax_id\":5,\"name\":\"Manoj\"},{\"type\":\"CH\",\"title\":\"Mstr.\",\"surname\":\"Bolla\",\"pax_id\":6,\"name\":\"Ramesh\",\"age\":5}],\"other_details\":{\"booking_reference\":\"axcovvpat6dch5zsvtuowenqem\",\"booking_id\":\"GRN-201802-022911\"},\"additional_info\":{\"spl_checkin_instructions\":\"24-hour airport shuttle service is available. Contact the property in advance to get details.\",\"checkin_instructions\":\"Extra-person charges may apply and vary depending on property policy. Government-issued photo identification and a credit card or cash deposit are required at check-in for incidental charges. Special requests are subject to availability upon check-in and may incur additional charges. Special requests cannot be guaranteed.  The name on the credit card used at check-in to pay for incidentals must be the primary name on the guestroom reservation.  The credit card used to book the reservation must be presented at the time of check-in. For more details, please contact the property using the information on the reservation confirmation received after booking. Local guests are required to provide a valid Emirates identification card; tourists must provide a passport at check-in. For more details, please contact the property using the information on the reservation confirmation received after booking.\",\"booking_note\":\"If holder is not one of the paxes, one of the adult paxes will be considered as holder\"}}',NULL,'{\"supplier_reference\":\"axcovvpat6dch5zsvtuowenqem\",\"url\":\"https:\\/\\/cdn.grnconnect.com\\/hotels\\/images\\/0b\\/7c\\/0b7c9e6b61551d526a4e54fc1239e80165b769e9.jpg\",\"phone_number\":\"+97172050505\",\"image\":\"0b\\/7c\\/0b7c9e6b61551d526a4e54fc1239e80165b769e9.jpg\",\"fax\":\"\",\"email\":\"contactus@binmajid.com\"}'),(39,41,'Africana Hotel',1.0,'2(2-A)','grn-connect','INR',3562.00,'confirmed',1,'UAE','Dubai','2018-02-28 18:30:00','2018-03-01 18:30:00',NULL,NULL,'{\"description\":\"Property Location A stay at Africana Hotel places you in the heart of Dubai, convenient to Fish Roundabout and Gold Souk.  This hotel is within close proximity of Naif Souq and Al Ghurair Centre.Rooms Make yourself at home in one of the 48 air-conditioned guestrooms. Complimentary wireless Internet access is available to keep you connected. Private bathrooms have complimentary toiletries and hair dryers. Conveniences include phones, and housekeeping is provided daily.Amenities Make use of convenient amenities, which include complimentary wireless Internet access and concierge services.Dining Breakfast is available for a fee.Business, Other Amenities Featured amenities include dry cleaning\\/laundry services, a 24-hour front desk, and an elevator (lift). A roundtrip airport shuttle is provided for a surcharge (available on request), and self parking (subject to charges) is available onsite.\",\"address\":\"28 C Street Fish Roundabout Deira PO Box 83954 28 C Street\",\"booking_reference\":\"efsqwfdlav6iiftscsqgn6buce\",\"booking_id\":\"GRN-201802-022918\",\"booking_comments\":\"Testing\",\"booking_items\":[{\"price\":3561.61,\"includes_boarding\":false,\"room_code\":\"4lgvnmji44ucpubi3l4w2f6u4dlk7snk62yo5wds3fcbr5hlchih5bq\",\"other_inclusions\":[\"Free Wireless Internet\"],\"rooms\":[{\"room_type\":\"Triple Room\",\"no_of_children\":0,\"no_of_adults\":2}]}],\"paxes\":[{\"type\":\"AD\",\"title\":\"Mr.\",\"surname\":\"Gootla\",\"pax_id\":1,\"name\":\"Tirupathi\"},{\"type\":\"AD\",\"title\":\"Mr.\",\"surname\":\"Nalla\",\"pax_id\":2,\"name\":\"Manoj\"}],\"other_details\":{\"booking_reference\":\"efsqwfdlav6iiftscsqgn6buce\",\"booking_id\":\"GRN-201802-022918\"},\"additional_info\":{\"spl_checkin_instructions\":\"24-hour airport shuttle service is available on request. Contact the property in advance to make arrangements.\",\"checkin_instructions\":\"Extra-person charges may apply and vary depending on property policy. Government-issued photo identification and a cash deposit are required at check-in for incidental charges. Special requests are subject to availability upon check-in and may incur additional charges. Special requests cannot be guaranteed.\",\"booking_note\":\"If holder is not one of the paxes, one of the adult paxes will be considered as holder\"}}',NULL,'{\"voucher_issue_date\":\"2018-02-28T13:21:46\",\"supports_cancellation\":true,\"supports_amendment\":false,\"supplier_reference\":\"efsqwfdlav6iiftscsqgn6buce\",\"supplier_code\":\"GRNconnect\",\"payment_type\":\"AT_WEB\",\"payable_by\":\"Travelscape LLC\",\"nationality\":\"IN\",\"hotel\":{\"url\":\"https:\\/\\/cdn.grnconnect.com\\/hotels\\/images\\/05\\/79\\/05798f2b4e73fccf597a6a974275300dfb12a0de.jpg\",\"phone_number\":\"+97142590089\",\"paxes\":[{\"type\":\"AD\",\"surname\":\"Nalla\",\"pax_id\":2,\"name\":\"Manoj\"},{\"type\":\"AD\",\"surname\":\"Gootla\",\"pax_id\":1,\"name\":\"Tirupathi\"}],\"name\":\"Africana Hotel\",\"image\":\"05\\/79\\/05798f2b4e73fccf597a6a974275300dfb12a0de.jpg\",\"hotel_code\":\"H!0436142\",\"geolocation\":{\"longitude\":\"55.2744\",\"latitude\":\"25.2153\"},\"fax\":\"+97142590078\",\"email\":\"reservations@africanahotel.ae\",\"description\":\"Property Location A stay at Africana Hotel places you in the heart of Dubai, convenient to Fish Roundabout and Gold Souk.  This hotel is within close proximity of Naif Souq and Al Ghurair Centre.Rooms Make yourself at home in one of the 48 air-conditioned guestrooms. Complimentary wireless Internet access is available to keep you connected. Private bathrooms have complimentary toiletries and hair dryers. Conveniences include phones, and housekeeping is provided daily.Amenities Make use of convenient amenities, which include complimentary wireless Internet access and concierge services.Dining Breakfast is available for a fee.Business, Other Amenities Featured amenities include dry cleaning\\/laundry services, a 24-hour front desk, and an elevator (lift). A roundtrip airport shuttle is provided for a surcharge (available on request), and self parking (subject to charges) is available onsite.\",\"country_code\":\"AE\",\"city_code\":\"C!000968\",\"category\":1,\"booking_items\":[{\"rooms\":[{\"room_type\":\"Triple Room\",\"room_reference\":\"1234\",\"no_of_children\":0,\"no_of_adults\":2}],\"room_code\":\"4lgvnmji44ucpubi3l4w2f6u4dlk7snk62yo5wds3fcbr5hlchih5bq\",\"rate_comments\":{\"spl_checkin_instructions\":\"24-hour airport shuttle service is available on request. Contact the property in advance to make arrangements.\",\"checkin_instructions\":\"Know Before You Go   Local laws may restrict unmarried guests from sharing rooms. Guests are responsible for providing proof of marriage, if requested by the property.  This property\'s policy is to refuse certain bookings for the purpose of group events or parties, including pre-wedding stag\\/bachelor and hen\\/bachelorette parties.  One child 5 years old or younger stays free when occupying the parent or guardian\'s room, using existing bedding. Alcohol is not served or permitted at this property.  Fees The following fees and deposits are charged by the property at time of service, check-in, or check-out.                    Rollaway bed fee: AED 100.0 per night             The above list may not be comprehensive. Fees and deposits may not include tax and are subject to change. Mandatory Fees and Taxes You\'ll be asked to pay the following charges at the property: Tourism fee: AED 7.00 per accommodation, per night We have included all charges provided to us by the property. However, charges can vary, for example, based on length of stay or the room you book. \"},\"other_inclusions\":[\"Free Wireless Internet\"],\"includes_boarding\":false}],\"address\":\"28 C Street Fish Roundabout Deira PO Box 83954 28 C Street\"},\"holder\":{\"title\":\"Mr.\",\"surname\":\"Gootla\",\"phone_number\":\"7093096349\",\"name\":\"Tirupathi\",\"email\":\"chagamkamalakar@gmail.com\"},\"grn_booking_status\":\"C\",\"checkout\":\"2018-03-02\",\"checkin\":\"2018-03-01\",\"booking_type\":\"B\",\"booking_status\":\"Confirmed\",\"booking_reference\":\"efsqwfdlav6iiftscsqgn6buce\",\"booking_name\":\"Booking Name\",\"booking_id\":\"GRN-201802-022918\",\"booking_date\":\"2018-02-28T07:51:46\",\"additional_info\":{\"spl_checkin_instructions\":\"24-hour airport shuttle service is available on request. Contact the property in advance to make arrangements.\",\"checkin_instructions\":\"Extra-person charges may apply and vary depending on property policy. Government-issued photo identification and a cash deposit are required at check-in for incidental charges. Special requests are subject to availability upon check-in and may incur additional charges. Special requests cannot be guaranteed. \",\"booking_note\":\"If holder is not one of the paxes, one of the adult paxes will be considered as holder\"}}'),(40,43,'Prime Hotel',0.0,'2(2-A)','grn-connect','INR',3109.00,'confirmed',1,'UAE','Dubai','2018-03-20 00:00:00','2018-03-21 00:00:00','2018-03-17 19:59:00',NULL,'{\"description\":\"Property Location With a stay at Prime Hotel in Dubai (Deira), you\'ll be minutes from Naif Souq and close to Gold Souk.  This hotel is within close proximity of Fish Roundabout and Al Ghurair Centre.Rooms Make yourself at home in one of the 27 air-conditioned rooms featuring refrigerators and LED televisions. Complimentary wireless Internet access keeps you connected, and cable programming is available for your entertainment. Private bathrooms with showers feature complimentary toiletries and bathrobes. Conveniences include complimentary newspapers and ceiling fans, and housekeeping is provided daily.Amenities Make use of convenient amenities, which include complimentary wireless Internet access and tour\\/ticket assistance.Dining Satisfy your appetite at the hotel\'s restaurant, which serves breakfast, lunch, and dinner, or stay in and take advantage of 24-hour room service.Business, Other Amenities Featured amenities include complimentary newspapers in the lobby, dry cleaning\\/laundry services, and a 24-hour front desk. A roundtrip airport shuttle is provided for a surcharge (available 24 hours).\",\"address\":\"Near Naser Masjid Dubai\",\"booking_reference\":\"3rk36wlnz7lijiy43ipuhaypuy\",\"booking_id\":\"GRN-201803-024087\",\"booking_comments\":\"Testing\",\"booking_items\":[{\"price\":3108.37,\"cancellation_policy\":{\"under_cancellation\":true,\"details\":[{\"from\":\"2018-03-17T19:59:00\",\"flat_fee\":3109,\"currency\":\"INR\"}],\"amount_type\":\"value\"},\"includes_boarding\":false,\"room_code\":\"4pdvjnri4eucpubi3l4w2f6u4dk27q5k662otwds3fcbt6hldlih3dq\",\"other_inclusions\":[\"Free Wireless Internet\"],\"rooms\":[{\"room_type\":\"Standard Room, 1 Queen Bed\",\"no_of_children\":0,\"no_of_adults\":2}]}],\"paxes\":[{\"type\":\"AD\",\"title\":\"Mr.\",\"surname\":\"Gootla\",\"pax_id\":1,\"name\":\"Tirupathi\"},{\"type\":\"AD\",\"title\":\"Mr.\",\"surname\":\"Nalla\",\"pax_id\":2,\"name\":\"Manoj\"}],\"other_details\":{\"booking_reference\":\"3rk36wlnz7lijiy43ipuhaypuy\",\"booking_id\":\"GRN-201803-024087\"},\"additional_info\":{\"spl_checkin_instructions\":\"24-hour airport shuttle service is available. Contact the property in advance to get details.\",\"checkin_instructions\":\"Extra-person charges may apply and vary depending on property policy. Government-issued photo identification and a credit card or cash deposit are required at check-in for incidental charges. Special requests are subject to availability upon check-in and may incur additional charges. Special requests cannot be guaranteed.  No onsite parking is available.\",\"booking_note\":\"If holder is not one of the paxes, one of the adult paxes will be considered as holder\"}}',NULL,NULL);
/*!40000 ALTER TABLE `accommodation_bookings` ENABLE KEYS */;
UNLOCK TABLES;
DROP TABLE IF EXISTS `area_transfer_sic_pricings`;
/*!40101 SET @saved_cs_client     = @@character_set_client */;
/*!40101 SET character_set_client = utf8 */;
CREATE TABLE `area_transfer_sic_pricings` (
  `id` int(10) unsigned NOT NULL AUTO_INCREMENT,
  `area_transfer_id` int(11) NOT NULL,
  `date` date NOT NULL,
  `quantity` int(11) NOT NULL,
  `price` decimal(8,2) NOT NULL,
  `utilized` decimal(8,2) NOT NULL DEFAULT '0.00',
  PRIMARY KEY (`id`),
  KEY `area_transfer_sic_pricings_area_transfer_id_index` (`area_transfer_id`),
  KEY `area_transfer_sic_pricings_date_index` (`date`)
) ENGINE=InnoDB DEFAULT CHARSET=utf8mb4 COLLATE=utf8mb4_unicode_ci;
/*!40101 SET character_set_client = @saved_cs_client */;

LOCK TABLES `area_transfer_sic_pricings` WRITE;
/*!40000 ALTER TABLE `area_transfer_sic_pricings` DISABLE KEYS */;
/*!40000 ALTER TABLE `area_transfer_sic_pricings` ENABLE KEYS */;
UNLOCK TABLES;
DROP TABLE IF EXISTS `area_transfers`;
/*!40101 SET @saved_cs_client     = @@character_set_client */;
/*!40101 SET character_set_client = utf8 */;
CREATE TABLE `area_transfers` (
  `id` int(10) unsigned NOT NULL AUTO_INCREMENT,
  `vendor_id` int(11) NOT NULL,
  `from_country_id` int(11) NOT NULL,
  `to_country_id` int(11) NOT NULL,
  `from_city_id` int(11) NOT NULL,
  `to_city_id` int(11) NOT NULL,
  `from_area_id` int(11) NOT NULL,
  `to_area_id` int(11) NOT NULL,
  PRIMARY KEY (`id`),
  KEY `area_transfers_vendor_id_index` (`vendor_id`),
  KEY `area_transfers_from_country_id_index` (`from_country_id`),
  KEY `area_transfers_from_city_id_index` (`from_city_id`),
  KEY `area_transfers_from_area_id_index` (`from_area_id`)
) ENGINE=InnoDB DEFAULT CHARSET=utf8mb4 COLLATE=utf8mb4_unicode_ci;
/*!40101 SET character_set_client = @saved_cs_client */;

LOCK TABLES `area_transfers` WRITE;
/*!40000 ALTER TABLE `area_transfers` DISABLE KEYS */;
/*!40000 ALTER TABLE `area_transfers` ENABLE KEYS */;
UNLOCK TABLES;
DROP TABLE IF EXISTS `areas`;
/*!40101 SET @saved_cs_client     = @@character_set_client */;
/*!40101 SET character_set_client = utf8 */;
CREATE TABLE `areas` (
  `id` int(10) unsigned NOT NULL AUTO_INCREMENT,
  `name` varchar(100) COLLATE utf8mb4_unicode_ci NOT NULL,
  `slug` varchar(100) COLLATE utf8mb4_unicode_ci NOT NULL,
  `code` varchar(100) COLLATE utf8mb4_unicode_ci NOT NULL,
  `city_id` int(10) unsigned NOT NULL,
  `lng` decimal(10,6) NOT NULL DEFAULT '0.000000',
  `lat` decimal(10,6) NOT NULL DEFAULT '0.000000',
  `status` smallint(6) NOT NULL DEFAULT '1',
  PRIMARY KEY (`id`),
  KEY `areas_name_city_id_slug_index` (`name`,`city_id`,`slug`)
) ENGINE=InnoDB AUTO_INCREMENT=9 DEFAULT CHARSET=utf8mb4 COLLATE=utf8mb4_unicode_ci;
/*!40101 SET character_set_client = @saved_cs_client */;

LOCK TABLES `areas` WRITE;
/*!40000 ALTER TABLE `areas` DISABLE KEYS */;
INSERT INTO `areas` VALUES (1,'Bur Dubai','bur-dubai','Bur Dubai',1,55.303291,25.214557,1),(2,'Deira','deira','Deira',1,55.330939,25.278847,1),(3,'Jumeirah','jumeirah','Jumeirah',1,55.245257,25.201643,1),(4,'Dubai Marina','dubai-marina','Dubai Marina',1,55.140343,25.080542,1),(5,'Al Bateen','al-bateen','Al Bateen',2,54.354914,24.446803,1),(6,'Al Khubeirah','al-khubeirah','Al Khubeirah',2,54.327587,24.459968,1),(7,'Abu Dhabi International Airport','abu-dhabi-international-airport','Abu Dhabi',2,54.650074,24.441938,1),(8,'Dubai International Airport','dubai-international-airport','Dubai',1,55.365673,25.253175,1);
/*!40000 ALTER TABLE `areas` ENABLE KEYS */;
UNLOCK TABLES;
DROP TABLE IF EXISTS `bank_accounts`;
/*!40101 SET @saved_cs_client     = @@character_set_client */;
/*!40101 SET character_set_client = utf8 */;
CREATE TABLE `bank_accounts` (
  `id` int(10) unsigned NOT NULL AUTO_INCREMENT,
  `country_id` int(11) NOT NULL,
  `company_name` varchar(255) COLLATE utf8mb4_unicode_ci NOT NULL,
  `slug` varchar(255) COLLATE utf8mb4_unicode_ci NOT NULL,
  `bank_name` varchar(255) COLLATE utf8mb4_unicode_ci NOT NULL,
  `branch_name` varchar(255) COLLATE utf8mb4_unicode_ci NOT NULL,
  `swift_code` varchar(255) COLLATE utf8mb4_unicode_ci NOT NULL,
  `address` text COLLATE utf8mb4_unicode_ci,
  `remittance_charge` double(5,2) NOT NULL DEFAULT '0.00',
  PRIMARY KEY (`id`)
) ENGINE=InnoDB DEFAULT CHARSET=utf8mb4 COLLATE=utf8mb4_unicode_ci;
/*!40101 SET character_set_client = @saved_cs_client */;

LOCK TABLES `bank_accounts` WRITE;
/*!40000 ALTER TABLE `bank_accounts` DISABLE KEYS */;
/*!40000 ALTER TABLE `bank_accounts` ENABLE KEYS */;
UNLOCK TABLES;
DROP TABLE IF EXISTS `booking_issues`;
/*!40101 SET @saved_cs_client     = @@character_set_client */;
/*!40101 SET character_set_client = utf8 */;
CREATE TABLE `booking_issues` (
  `id` int(10) unsigned NOT NULL AUTO_INCREMENT,
  `booking_id` int(11) NOT NULL,
  `category` varchar(255) COLLATE utf8mb4_unicode_ci NOT NULL,
  `subject` varchar(255) COLLATE utf8mb4_unicode_ci NOT NULL,
  `message` varchar(1000) COLLATE utf8mb4_unicode_ci NOT NULL,
  `reported_by_user` varchar(100) COLLATE utf8mb4_unicode_ci NOT NULL,
  `reported_date` timestamp NOT NULL DEFAULT CURRENT_TIMESTAMP,
  PRIMARY KEY (`id`)
) ENGINE=InnoDB DEFAULT CHARSET=utf8mb4 COLLATE=utf8mb4_unicode_ci;
/*!40101 SET character_set_client = @saved_cs_client */;

LOCK TABLES `booking_issues` WRITE;
/*!40000 ALTER TABLE `booking_issues` DISABLE KEYS */;
/*!40000 ALTER TABLE `booking_issues` ENABLE KEYS */;
UNLOCK TABLES;
DROP TABLE IF EXISTS `bookings`;
/*!40101 SET @saved_cs_client     = @@character_set_client */;
/*!40101 SET character_set_client = utf8 */;
CREATE TABLE `bookings` (
  `id` int(10) unsigned NOT NULL AUTO_INCREMENT,
  `code` varchar(25) COLLATE utf8mb4_unicode_ci NOT NULL,
  `service` varchar(50) COLLATE utf8mb4_unicode_ci NOT NULL,
  `currency` varchar(255) COLLATE utf8mb4_unicode_ci NOT NULL,
  `total_price` decimal(9,2) NOT NULL,
  `total_paid` decimal(9,2) NOT NULL DEFAULT '0.00',
  `payment_type` varchar(50) COLLATE utf8mb4_unicode_ci DEFAULT NULL,
  `status` varchar(20) COLLATE utf8mb4_unicode_ci NOT NULL,
  `is_payment_paid` tinyint(1) NOT NULL DEFAULT '0',
  `lead_passenger_details` varchar(250) COLLATE utf8mb4_unicode_ci NOT NULL,
  `booked_by_user_name` varchar(100) COLLATE utf8mb4_unicode_ci NOT NULL,
  `booked_by_user_id` int(11) NOT NULL,
  `agency_id` int(11) NOT NULL,
  `agency_name` varchar(100) COLLATE utf8mb4_unicode_ci NOT NULL,
  `distributor_id` int(11) DEFAULT NULL,
  `booking_date` timestamp NULL DEFAULT NULL,
  `finalized_date` timestamp NULL DEFAULT NULL,
  `payment_deadline_date` timestamp NULL DEFAULT NULL,
  `invoice_date` timestamp NULL DEFAULT NULL,
  `voucher_date` timestamp NULL DEFAULT NULL,
  `cancelled_date` timestamp NULL DEFAULT NULL,
  `cancellation_charges` decimal(9,2) NOT NULL DEFAULT '0.00',
  `refund` tinyint(1) NOT NULL DEFAULT '0',
  `service_start_date` timestamp NULL DEFAULT NULL,
  `service_end_date` timestamp NULL DEFAULT NULL,
  `exchange_rates` varchar(500) COLLATE utf8mb4_unicode_ci DEFAULT NULL,
  `updated_at` timestamp NULL DEFAULT NULL,
  `deleted_at` timestamp NULL DEFAULT NULL,
  PRIMARY KEY (`id`),
  KEY `bookings_code_index` (`code`),
  KEY `bookings_service_index` (`service`),
  KEY `booking_status_index` (`status`),
  KEY `bookings_booked_by_user_id_index` (`booked_by_user_id`),
  KEY `bookings_agency_id_index` (`agency_id`),
  KEY `bookings_distributor_id_index` (`distributor_id`),
  KEY `bookings_booking_date_index` (`booking_date`),
  KEY `bookings_service_start_date_index` (`service_start_date`),
  KEY `bookings_service_end_date_index` (`service_end_date`),
  KEY `bookings_service_start_date_service_end_date_index` (`service_start_date`,`service_end_date`),
  KEY `bookings_payment_deadline_date_index` (`payment_deadline_date`),
  KEY `bookings_status_index` (`status`)
) ENGINE=InnoDB AUTO_INCREMENT=52 DEFAULT CHARSET=utf8mb4 COLLATE=utf8mb4_unicode_ci;
/*!40101 SET character_set_client = @saved_cs_client */;

LOCK TABLES `bookings` WRITE;
/*!40000 ALTER TABLE `bookings` DISABLE KEYS */;
INSERT INTO `bookings` VALUES (1,'GDT-BKN-249','accommodation','INR',625400.00,0.00,'time-limit','cancelled',0,'{\"name\":\"Mr. Tirupathi Gootla\",\"mobile\":\"7093096349\"}','Kamalakar',4,1,'Columbus Vacations',1,'2018-01-04 08:22:34',NULL,'2018-01-05 00:00:00',NULL,NULL,NULL,0.00,0,'2018-01-05 00:00:00','2018-01-06 00:00:00',NULL,'2018-01-09 11:47:57',NULL),(2,'GDT-BKN-250','accommodation','INR',625400.00,0.00,'time-limit','confirmed',0,'{\"name\":\"Mr. Tirupathi Gootla\",\"mobile\":\"7093096349\"}','Kamalakar',4,1,'Columbus Vacations',1,'2018-01-04 08:23:11',NULL,'2018-01-05 00:00:00',NULL,NULL,NULL,0.00,0,'2018-01-05 00:00:00','2018-01-06 00:00:00',NULL,'2018-01-04 08:23:11',NULL),(3,'GDT-BKN-251','accommodation','INR',172855.00,0.00,'credit-limit','confirmed',0,'{\"name\":\"Mr. Tirupathi Gootla\",\"mobile\":\"7093096349\"}','Kamalakar',4,1,'Columbus Vacations',1,'2018-01-04 09:00:41',NULL,'2018-01-05 00:00:00',NULL,NULL,NULL,0.00,0,'2018-01-05 00:00:00','2018-01-06 00:00:00',NULL,'2018-01-04 09:00:41',NULL),(4,'GDT-BKN-252','accommodation','INR',4028.00,0.00,'credit-limit','confirmed',0,'{\"name\":\"Mr. MANOJ NALLA\",\"mobile\":\"7093096349\"}','Kamalakar',4,1,'Columbus Vacations',1,'2018-01-04 09:03:51',NULL,'2018-01-02 09:03:49',NULL,NULL,NULL,0.00,0,'2018-01-05 00:00:00','2018-01-06 00:00:00',NULL,'2018-01-04 09:03:51',NULL),(5,'GDT-BKN-253','accommodation','INR',3222.00,0.00,'credit-limit','confirmed',0,'{\"name\":\"Mr. MANOJ NALLA\",\"mobile\":\"7093096349\"}','Kamalakar',4,1,'Columbus Vacations',1,'2018-01-04 09:06:16',NULL,'2018-01-02 09:06:14',NULL,NULL,NULL,0.00,0,'2018-01-05 00:00:00','2018-01-06 00:00:00',NULL,'2018-01-04 09:06:16',NULL),(6,'GDT-BKN-254','accommodation','INR',2801.00,0.00,'credit-limit','confirmed',0,'{\"name\":\"Mr. MANOJ NALLA\",\"mobile\":\"7093096349\"}','Kamalakar',4,1,'Columbus Vacations',1,'2018-01-04 10:52:23',NULL,'2018-01-02 10:52:21',NULL,NULL,NULL,0.00,0,'2018-01-05 00:00:00','2018-01-06 00:00:00',NULL,'2018-01-04 10:52:23',NULL),(7,'GDT-BKN-255','accommodation','INR',2801.00,0.00,'credit-limit','confirmed',0,'{\"name\":\"Mr. MANOJ NALLA\",\"mobile\":\"7093096349\"}','Kamalakar',4,1,'Columbus Vacations',1,'2018-01-04 10:56:49',NULL,'2018-01-02 10:52:21',NULL,NULL,NULL,0.00,0,'2018-01-05 00:00:00','2018-01-06 00:00:00',NULL,'2018-01-04 10:56:49',NULL),(8,'GDT-BKN-256','accommodation','INR',3111.24,0.00,'credit-limit','unknown',0,'{\"name\":\"Mr. Kamalakar Chagam\",\"mobile\":\"7093096349\"}','Kamalakar',4,1,'Columbus Vacations',1,'2018-01-04 12:29:57',NULL,'2018-01-01 00:00:00',NULL,NULL,NULL,0.00,0,'2018-01-05 00:00:00','2018-01-06 00:00:00',NULL,'2018-01-04 12:29:57',NULL),(9,'GDT-BKN-257','accommodation','INR',1113986.00,0.00,'time-limit','confirmed',0,'{\"name\":\"Mr. Tirupathi Gootla\",\"mobile\":\"7093096349\"}','Kamalakar',4,1,'Columbus Vacations',1,'2018-01-05 02:28:34',NULL,'2018-01-06 00:00:00',NULL,NULL,NULL,0.00,0,'2018-03-15 00:00:00','2018-03-19 00:00:00',NULL,'2018-01-05 02:28:34',NULL),(10,'GDT-BKN-258','accommodation','INR',3855.08,0.00,'time-limit','unknown',0,'{\"name\":\"Mr. Kamalakar Chagam\",\"mobile\":\"7093096349\"}','Kamalakar',4,1,'Columbus Vacations',1,'2018-01-05 05:17:07',NULL,'2018-02-16 00:00:00',NULL,NULL,NULL,0.00,0,'2018-02-21 00:00:00','2018-02-22 00:00:00',NULL,'2018-01-05 05:17:07',NULL),(11,'GDT-BKN-259','accommodation','INR',3111.00,0.00,'credit-limit','confirmed',0,'{\"name\":\"Mr. MANOJ NALLA\",\"mobile\":\"7093096349\"}','Kamalakar',4,1,'Columbus Vacations',1,'2018-01-05 06:11:38',NULL,'2018-01-02 00:00:00',NULL,NULL,NULL,0.00,0,'2018-01-06 00:00:00','2018-01-07 00:00:00',NULL,'2018-01-05 06:11:38',NULL),(12,'GDT-BKN-260','accommodation','INR',3597.00,0.00,'credit-limit','confirmed',0,'{\"name\":\"Mr. TIRUPATHI GOOTLA\",\"mobile\":\"7093096349\"}','Kamalakar',4,1,'Columbus Vacations',1,'2018-01-05 13:14:04',NULL,'2018-01-02 00:00:00',NULL,NULL,NULL,0.00,0,'2018-01-06 00:00:00','2018-01-07 00:00:00',NULL,'2018-01-05 13:14:04',NULL),(20,'GDT-BKN-268','accommodation','INR',7810.00,0.00,'time-limit','cancelled',0,'{\"name\":\"Mr. MANOJ NALLA\",\"mobile\":\"7093096349\"}','Kamalakar',4,1,'Columbus Vacations',1,'2018-01-06 05:41:39',NULL,'2018-05-11 00:00:00',NULL,NULL,NULL,0.00,0,'2018-05-16 00:00:00','2018-05-18 00:00:00',NULL,'2018-01-12 09:20:18',NULL),(21,'GDT-BKN-269','accommodation','INR',12301.00,0.00,'time-limit','confirmed',0,'{\"name\":\"Mr. MANOJ NALLA\",\"mobile\":\"7093096349\"}','Kamalakar',4,1,'Columbus Vacations',1,'2018-01-06 05:50:27',NULL,'2018-07-04 00:00:00',NULL,NULL,NULL,0.00,0,'2018-07-09 00:00:00','2018-07-11 00:00:00',NULL,'2018-01-06 05:50:27',NULL),(22,'GDT-BKN-270','accommodation','INR',6557.00,0.00,'credit-limit','cancelled',0,'{\"name\":\"Mr. RAMESH BOLLA\",\"mobile\":\"7093096349\"}','Kamalakar',4,1,'Columbus Vacations',1,'2018-01-06 06:01:24','2018-01-26 16:26:05','2018-01-03 00:00:00',NULL,NULL,'2018-01-26 18:00:07',0.00,0,'2018-07-09 00:00:00','2018-07-10 00:00:00',NULL,'2018-01-26 18:00:07',NULL),(23,'GDT-BKN-271','accommodation','INR',613617.00,0.00,'time-limit','confirmed',0,'{\"name\":\"Mr. Tirupathi Gootla\",\"mobile\":\"7093096349\"}','Kamalakar',4,1,'Columbus Vacations',1,'2018-01-06 06:07:54',NULL,'2018-01-07 00:00:00',NULL,NULL,NULL,0.00,0,'2018-05-07 00:00:00','2018-05-09 00:00:00',NULL,'2018-01-06 06:07:54',NULL),(24,'GDT-BKN-272','accommodation','INR',6705.00,0.00,'credit-limit','confirmed',0,'{\"name\":\"Mr. Kamalakar Chagam\",\"mobile\":\"7093096349\"}','Kamalakar',4,1,'Columbus Vacations',1,'2018-01-06 06:30:17','2018-01-27 05:58:07','2018-01-04 12:00:15',NULL,NULL,'2018-01-26 18:03:58',0.00,0,'2018-05-07 00:00:00','2018-05-08 00:00:00',NULL,'2018-02-03 18:57:50',NULL),(25,'GDT-BKN-273','accommodation','INR',387336.00,0.00,'time-limit','cancelled',0,'{\"name\":\"Mr. Tirupathi Gootla\",\"mobile\":\"7093096349\"}','Kamalakar',4,1,'Columbus Vacations',1,'2018-01-06 08:44:50',NULL,'2018-03-13 00:00:00',NULL,NULL,'2018-01-31 21:25:56',0.00,0,'2018-03-13 00:00:00','2018-03-14 00:00:00',NULL,'2018-01-31 21:25:56',NULL),(26,'GDT-BKN-274','accommodation','INR',3435.00,0.00,'credit-limit','cancelled',0,'{\"name\":\"Mr. MANOJ NALLA\",\"mobile\":\"7093096349\"}','Kamalakar',4,1,'Columbus Vacations',1,'2018-01-08 11:49:25',NULL,'2018-01-05 00:00:00',NULL,NULL,'2018-01-13 08:13:11',0.00,0,'2018-05-15 00:00:00','2018-05-16 00:00:00',NULL,'2018-01-13 08:13:11',NULL),(27,'GDT-BKN-275','accommodation','INR',6680.00,0.00,'time-limit','cancelled',0,'{\"name\":\"Mr. Tirupathi Gootla\",\"mobile\":\"7093096349\"}','Kamalakar',4,1,'Columbus Vacations',1,'2018-01-08 12:29:49',NULL,'2018-05-12 14:00:00',NULL,NULL,'2018-01-12 12:28:25',0.00,0,'2018-05-15 00:00:00','2018-05-16 00:00:00',NULL,'2018-01-12 12:28:25',NULL),(28,'GDT-BKN-276','accommodation','INR',1577.00,0.00,'credit-limit','cancelled',0,'{\"name\":\"Mr. MANOJ NALLA\",\"mobile\":\"7093096349\"}','Kamalakar',4,1,'Columbus Vacations',1,'2018-02-02 07:04:37','2018-02-02 09:01:32','2018-01-31 07:04:34',NULL,NULL,'2018-02-16 21:34:49',1577.00,0,'2018-02-14 00:00:00','2018-02-15 00:00:00',NULL,'2018-02-16 21:34:49',NULL),(29,'GDT-BKN-277','accommodation','INR',4095.00,0.00,'time-limit','confirmed',0,'{\"name\":\"Mr. MANOJ NALLA\",\"mobile\":\"7093096349\"}','Kamalakar',4,1,'Columbus Vacations',1,'2018-02-02 09:24:45',NULL,'2018-04-14 00:00:00',NULL,NULL,'2018-02-05 11:17:18',0.00,0,'2018-04-19 00:00:00','2018-04-20 00:00:00',NULL,'2018-02-19 11:49:04',NULL),(30,'GDT-BKN-278','accommodation','INR',52161.00,0.00,'time-limit','cancelled',0,'{\"name\":\"Mr. Tirupathi Gootla\",\"mobile\":\"7093096349\"}','Kamalakar',4,1,'Columbus Vacations',1,'2018-02-07 16:44:36',NULL,'2018-03-02 14:00:00',NULL,NULL,'2018-02-16 19:42:08',0.00,0,'2018-03-05 00:00:00','2018-03-09 00:00:00',NULL,'2018-02-16 19:42:08',NULL),(31,'GDT-BKN-279','accommodation','INR',3428.00,0.00,'account-balance','confirmed',0,'{\"name\":\"Mr. Kamalakar Chagam\",\"mobile\":\"7093096349\",\"email\":\"apisupport@grnconnect.com\"}','Kamalakar',4,1,'Columbus Vacations',1,'2018-02-23 04:13:54',NULL,'2018-03-09 18:30:00',NULL,NULL,NULL,0.00,0,'2018-03-14 18:30:00','2018-03-15 18:30:00',NULL,'2018-02-23 04:13:54',NULL),(32,'GDT-BKN-280','accommodation','INR',14700.00,0.00,'account-balance','confirmed',0,'{\"name\":\"Ms. MANOJ NALLA\",\"mobile\":\"7093096349\",\"email\":\"neha.nedivatech@gmail.com\"}','Kamalakar',4,1,'Columbus Vacations',1,'2018-02-23 04:18:11',NULL,'2018-04-26 18:30:00',NULL,NULL,NULL,0.00,0,'2018-05-01 18:30:00','2018-05-04 18:30:00',NULL,'2018-02-23 04:18:11',NULL),(33,'GDT-BKN-281','accommodation','INR',38545.00,0.00,'credit-limit','confirmed',0,'{\"name\":\"Mr. Tirupathi Gootla\",\"mobile\":\"7093096349\",\"email\":\"neha.nedivatech@gmail.com\"}','Kamalakar',4,1,'Columbus Vacations',1,'2018-02-24 00:13:03',NULL,'2018-06-06 09:30:00',NULL,NULL,NULL,0.00,0,'2018-06-09 18:30:00','2018-06-12 18:30:00',NULL,'2018-02-24 00:13:03',NULL),(34,'GDT-BKN-282','accommodation','INR',22873.00,0.00,'credit-limit','confirmed',0,'{\"name\":\"Mr. MANOJ NALLA\",\"mobile\":\"7093096349\",\"email\":\"neha.nedivatech@gmail.com\"}','Kamalakar',4,1,'Columbus Vacations',1,'2018-02-24 02:56:01',NULL,'2018-05-03 18:30:00',NULL,NULL,NULL,0.00,0,'2018-05-09 18:30:00','2018-05-11 18:30:00',NULL,'2018-02-24 02:56:01',NULL),(35,'GDT-BKN-283','accommodation','INR',11797.00,0.00,'credit-limit','confirmed',0,'{\"name\":\"Mr. Tirupathi Gootla\",\"mobile\":\"7093096349\",\"email\":\"neha.nedivatech@gmail.com\"}','Kamalakar',4,1,'Columbus Vacations',1,'2018-02-24 03:01:13',NULL,'2018-06-13 07:30:00',NULL,NULL,NULL,0.00,0,'2018-06-14 18:30:00','2018-06-15 18:30:00',NULL,'2018-02-24 03:01:13',NULL),(36,'GDT-BKN-284','accommodation','INR',12721.00,0.00,'credit-limit','confirmed',0,'{\"name\":\"Mr. Tirupathi Gootla\",\"mobile\":\"7093096349\",\"email\":\"neha.nedivatech@gmail.com\"}','Kamalakar',4,1,'Columbus Vacations',1,'2018-02-26 03:38:07',NULL,'2018-05-07 08:30:00',NULL,NULL,NULL,0.00,0,'2018-05-09 18:30:00','2018-05-11 18:30:00',NULL,'2018-02-26 03:38:07',NULL),(37,'GDT-BKN-285','accommodation','INR',62445.00,0.00,'credit-limit','confirmed',0,'{\"name\":\"Mr. Tirupathi Gootla\",\"mobile\":\"7093096349\",\"email\":\"neha.nedivatech@gmail.com\"}','Kamalakar',4,1,'Columbus Vacations',1,'2018-02-27 00:23:51',NULL,'2018-06-02 07:30:00',NULL,NULL,NULL,0.00,0,'2018-06-03 18:30:00','2018-06-06 18:30:00',NULL,'2018-02-27 00:23:51',NULL),(38,'GDT-BKN-286','accommodation','INR',12994.00,0.00,'credit-limit','cancelled',0,'{\"name\":\"Mr. Tirupathi Gootla\",\"mobile\":\"7093096349\",\"email\":\"neha.nedivatech@gmail.com\"}','Kamalakar',4,1,'Columbus Vacations',1,'2018-02-27 01:12:16',NULL,'2018-06-08 14:29:00',NULL,NULL,NULL,0.00,0,'2018-06-10 18:30:00','2018-06-12 18:30:00',NULL,'2018-02-27 07:38:03',NULL),(39,'GDT-BKN-287','accommodation','INR',63698.00,0.00,'account-balance','confirmed',0,'{\"name\":\"Mr. Tirupathi Gootla\",\"mobile\":\"7093096349\",\"email\":\"chagamkamalakar@gmail.com\"}','Kamalakar',4,1,'Columbus Vacations',1,'2018-02-28 00:18:14',NULL,'2018-05-31 09:30:00',NULL,NULL,NULL,0.00,0,'2018-06-03 18:30:00','2018-06-06 18:30:00',NULL,'2018-02-28 00:18:14',NULL),(40,'GDT-BKN-288','accommodation','INR',50643.00,0.00,'account-balance','confirmed',0,'{\"name\":\"Mr. Tirupathi Gootla\",\"mobile\":\"7093096349\",\"email\":\"chagamkamalakar@gmail.com\"}','Kamalakar',4,1,'Columbus Vacations',1,'2018-02-28 01:35:06',NULL,'2018-05-31 09:30:00',NULL,NULL,NULL,0.00,0,'2018-06-03 18:30:00','2018-06-06 18:30:00',NULL,'2018-02-28 01:35:06',NULL),(41,'GDT-BKN-289','accommodation','INR',3562.00,0.00,'credit-limit','confirmed',0,'{\"name\":\"Mr. Tirupathi Gootla\",\"mobile\":\"7093096349\",\"email\":\"chagamkamalakar@gmail.com\"}','Kamalakar',4,1,'Columbus Vacations',1,'2018-02-28 02:21:46',NULL,NULL,NULL,NULL,NULL,0.00,0,'2018-02-28 18:30:00','2018-03-01 18:30:00',NULL,'2018-02-28 02:21:46',NULL),(42,'GDT-BKN-290','accommodation','INR',3109.00,0.00,'credit-limit','confirmed',0,'{\"name\":\"Mr. Tirupathi Gootla\",\"mobile\":\"7093096349\",\"email\":\"chagamkamalakar@gmail.com\"}','Kamalakar',4,1,'Columbus Vacations',1,'2018-03-19 05:23:00',NULL,'2018-03-17 19:59:00',NULL,NULL,NULL,0.00,0,'2018-03-20 00:00:00','2018-03-21 00:00:00',NULL,'2018-03-19 05:23:00',NULL),(43,'GDT-BKN-291','accommodation','INR',3109.00,0.00,'credit-limit','confirmed',0,'{\"name\":\"Mr. Tirupathi Gootla\",\"mobile\":\"7093096349\",\"email\":\"chagamkamalakar@gmail.com\"}','Kamalakar',4,1,'Columbus Vacations',1,'2018-03-19 05:56:13',NULL,'2018-03-17 19:59:00',NULL,NULL,NULL,0.00,0,'2018-03-20 00:00:00','2018-03-21 00:00:00',NULL,'2018-03-19 05:56:13',NULL),(44,'GDT-BKN-293','visa','INR',5500.00,0.00,'credit-limit','available',0,'{\"title\":\"Mr\",\"name\":\"Kamalakar\",\"surname\":\"Chagam\",\"email\":\"chagamkamalakar@gmail.com\",\"phone_number\":\"7093096349\"}','Kamalakar',4,1,'Columbus Vacations',1,'2018-03-28 10:56:44',NULL,'2018-03-28 16:23:33',NULL,NULL,NULL,0.00,0,'2018-03-31 00:00:00',NULL,NULL,'2018-03-28 10:56:44',NULL),(45,'GDT-BKN-294','visa','INR',5500.00,0.00,'credit-limit','available',0,'{\"title\":\"Mr\",\"name\":\"Kamalakar\",\"surname\":\"Chagam\",\"email\":\"chagamkamalakar@gmail.com\",\"phone_number\":\"7093096349\"}','Kamalakar',4,1,'Columbus Vacations',1,'2018-03-29 05:23:17',NULL,'2018-03-29 10:41:42',NULL,NULL,NULL,0.00,0,'2018-03-31 00:00:00',NULL,NULL,'2018-03-29 05:23:17',NULL),(46,'GDT-BKN-295','visa','INR',5500.00,0.00,'credit-limit','available',0,'{\"title\":\"Mr\",\"name\":\"Kamalakar\",\"surname\":\"Chagam\",\"email\":\"chagamkamalakar@gmail.com\",\"phone_number\":\"7093096349\"}','Kamalakar',4,1,'Columbus Vacations',1,'2018-03-29 05:23:47',NULL,'2018-03-29 10:41:42',NULL,NULL,NULL,0.00,0,'2018-03-31 00:00:00',NULL,NULL,'2018-03-29 05:23:47',NULL),(47,'GDT-BKN-296','visa','INR',5500.00,0.00,'credit-limit','available',0,'{\"title\":\"Mr\",\"name\":\"Kamalakar\",\"surname\":\"Chagam\",\"email\":\"chagamkamalakar@gmail.com\",\"phone_number\":\"7093096349\"}','Kamalakar',4,1,'Columbus Vacations',1,'2018-03-29 05:48:57',NULL,'2018-03-29 11:18:21',NULL,NULL,NULL,0.00,0,'2018-03-31 00:00:00',NULL,NULL,'2018-03-29 05:48:57',NULL),(48,'GDT-BKN-297','visa','INR',5500.00,0.00,'credit-limit','available',0,'{\"title\":\"Mr\",\"name\":\"Kamalakar\",\"surname\":\"Chagam\",\"email\":\"chagamkamalakar@gmail.com\",\"phone_number\":\"7093096349\"}','Kamalakar',4,1,'Columbus Vacations',1,'2018-03-29 06:48:57',NULL,'2018-03-29 12:19:18',NULL,NULL,NULL,0.00,0,'2018-03-31 00:00:00',NULL,NULL,'2018-03-29 06:48:57',NULL),(49,'GDT-BKN-298','visa','INR',5500.00,0.00,'credit-limit','cancelled',0,'{\"title\":\"Mr\",\"name\":\"Kamalakar\",\"surname\":\"Chagam\",\"email\":\"chagamkamalakar@gmail.com\",\"phone_number\":\"7093096349\"}','Kamalakar',4,1,'Columbus Vacations',1,'2018-03-29 08:05:21',NULL,'2018-03-29 13:34:34',NULL,NULL,NULL,0.00,0,'2018-03-31 00:00:00',NULL,NULL,'2018-03-29 14:06:28',NULL),(50,'GDT-BKN-299','visa','INR',5500.00,0.00,'credit-limit','cancelled',0,'{\"title\":\"Mr\",\"name\":\"Kamalakar\",\"surname\":\"Chagam\",\"email\":\"chagamkamalakar@gmail.com\",\"phone_number\":\"7093096349\"}','Kamalakar',4,1,'Columbus Vacations',1,'2018-03-29 14:16:26',NULL,'2018-03-29 19:46:15',NULL,NULL,NULL,0.00,0,'2018-03-31 00:00:00',NULL,NULL,'2018-03-29 14:16:53',NULL),(51,'GDT-BKN-300','visa','INR',356089.74,0.00,'credit-limit','confirmed',0,'{\"title\":\"Mr\",\"name\":\"Kamalakar\",\"surname\":\"Chagam\",\"email\":\"chagamkamalakar@gmail.com\",\"phone_number\":\"7093096349\"}','Kamalakar',4,1,'Columbus Vacations',1,'2018-03-30 06:18:23',NULL,'2018-03-30 11:46:21',NULL,NULL,NULL,0.00,0,'2018-03-31 00:00:00',NULL,NULL,'2018-03-30 06:29:11',NULL);
/*!40000 ALTER TABLE `bookings` ENABLE KEYS */;
UNLOCK TABLES;
DROP TABLE IF EXISTS `cities`;
/*!40101 SET @saved_cs_client     = @@character_set_client */;
/*!40101 SET character_set_client = utf8 */;
CREATE TABLE `cities` (
  `id` int(10) unsigned NOT NULL AUTO_INCREMENT,
  `name` varchar(100) COLLATE utf8mb4_unicode_ci NOT NULL,
  `slug` varchar(100) COLLATE utf8mb4_unicode_ci NOT NULL,
  `code` varchar(100) COLLATE utf8mb4_unicode_ci NOT NULL,
  `region_id` int(10) unsigned NOT NULL,
  `lng` decimal(10,6) NOT NULL DEFAULT '0.000000',
  `lat` decimal(10,6) NOT NULL DEFAULT '0.000000',
  `status` smallint(6) NOT NULL DEFAULT '1',
  PRIMARY KEY (`id`),
  KEY `cities_name_region_id_slug_index` (`name`,`region_id`,`slug`)
) ENGINE=InnoDB AUTO_INCREMENT=3 DEFAULT CHARSET=utf8mb4 COLLATE=utf8mb4_unicode_ci;
/*!40101 SET character_set_client = @saved_cs_client */;

LOCK TABLES `cities` WRITE;
/*!40000 ALTER TABLE `cities` DISABLE KEYS */;
INSERT INTO `cities` VALUES (1,'Dubai','dubai','Dubai',1,55.270783,25.204849,1),(2,'Abu Dhabi','abu-dhabi','Abu Dhabi',2,54.377344,24.453884,1);
/*!40000 ALTER TABLE `cities` ENABLE KEYS */;
UNLOCK TABLES;
DROP TABLE IF EXISTS `codes`;
/*!40101 SET @saved_cs_client     = @@character_set_client */;
/*!40101 SET character_set_client = utf8 */;
CREATE TABLE `codes` (
  `id` int(10) unsigned NOT NULL AUTO_INCREMENT,
  `module_name` varchar(100) COLLATE utf8mb4_unicode_ci NOT NULL,
  `code_prefix` varchar(30) COLLATE utf8mb4_unicode_ci NOT NULL,
  `start_code` int(11) NOT NULL,
  `last_used_code` int(11) NOT NULL,
  `created_at` timestamp NULL DEFAULT NULL,
  `updated_at` timestamp NULL DEFAULT NULL,
  `deleted_at` timestamp NULL DEFAULT NULL,
  PRIMARY KEY (`id`)
) ENGINE=InnoDB AUTO_INCREMENT=17 DEFAULT CHARSET=utf8mb4 COLLATE=utf8mb4_unicode_ci;
/*!40101 SET character_set_client = @saved_cs_client */;

LOCK TABLES `codes` WRITE;
/*!40000 ALTER TABLE `codes` DISABLE KEYS */;
INSERT INTO `codes` VALUES (4,'vendors','GDT-VND',108,108,'2017-06-29 10:26:12','2017-06-29 10:26:12',NULL),(5,'tours','GDT-TRS',108,124,'2017-06-29 10:26:33','2017-07-11 09:36:50',NULL),(6,'vehicles','GDT-VHL',108,115,'2017-06-30 12:46:36','2017-06-30 14:57:57',NULL),(7,'guides','GDT-GUD',108,115,'2017-07-01 06:03:49','2017-07-01 12:45:35',NULL),(11,'agents','GDT-AGT',1,13,'2017-10-28 09:41:34','2018-02-26 12:41:17',NULL),(12,'distributors','GDT-DBT',108,117,'2017-10-28 10:03:08','2017-11-13 07:23:48',NULL),(13,'bookings','GDT-BKN',108,300,'2017-10-28 10:31:34','2018-03-30 06:18:23',NULL),(15,'users','GDT-USR',130,132,'2017-11-13 11:02:35','2017-11-13 11:42:26',NULL),(16,'invoices','GDT-INV',100,100,'2017-11-23 10:24:40','2017-11-23 10:24:40',NULL);
/*!40000 ALTER TABLE `codes` ENABLE KEYS */;
UNLOCK TABLES;
DROP TABLE IF EXISTS `contact_us`;
/*!40101 SET @saved_cs_client     = @@character_set_client */;
/*!40101 SET character_set_client = utf8 */;
CREATE TABLE `contact_us` (
  `id` int(10) unsigned NOT NULL AUTO_INCREMENT,
  `name` varchar(255) COLLATE utf8mb4_unicode_ci NOT NULL,
  `email` varchar(255) COLLATE utf8mb4_unicode_ci NOT NULL,
  `subject` varchar(255) COLLATE utf8mb4_unicode_ci DEFAULT NULL,
  `message` varchar(255) COLLATE utf8mb4_unicode_ci DEFAULT NULL,
  `is_read` tinyint(4) NOT NULL DEFAULT '0',
  `created_at` timestamp NULL DEFAULT NULL,
  `updated_at` timestamp NULL DEFAULT NULL,
  PRIMARY KEY (`id`)
) ENGINE=InnoDB AUTO_INCREMENT=8 DEFAULT CHARSET=utf8mb4 COLLATE=utf8mb4_unicode_ci;
/*!40101 SET character_set_client = @saved_cs_client */;

LOCK TABLES `contact_us` WRITE;
/*!40000 ALTER TABLE `contact_us` DISABLE KEYS */;
INSERT INTO `contact_us` VALUES (1,'Kamalakr','chagamkamalakar@gmail.com','Enquirey for done','ths is message',0,'2017-07-31 20:57:23','2017-07-31 20:57:23'),(2,'Kamalakar','chagamkamalakar@gmail.com','Duplicate','nothing',0,'2017-07-31 21:03:32','2017-07-31 21:03:32'),(3,'kamalakar','chagamkamalakar@gmail.com','Subject done','this is message',0,'2017-07-31 21:35:51','2017-07-31 21:35:51'),(4,'kamalakar','chagamkamalakar@gmail.com','Subject done','this is message',0,'2017-07-31 21:35:56','2017-07-31 21:35:56'),(5,'Kamalakr','chagamkamalakar@gmail.com','Subject','this is message',0,'2017-07-31 21:41:34','2017-07-31 21:41:34'),(6,'Kamalakar','chagamkamalakar@gmail.com','Subject','message',0,'2017-07-31 21:43:00','2017-07-31 21:43:00'),(7,'Kamalakr','chagamkamalakar@gmail.com','Subject','Message',0,'2017-07-31 21:50:52','2017-07-31 21:50:52');
/*!40000 ALTER TABLE `contact_us` ENABLE KEYS */;
UNLOCK TABLES;
DROP TABLE IF EXISTS `countries`;
/*!40101 SET @saved_cs_client     = @@character_set_client */;
/*!40101 SET character_set_client = utf8 */;
CREATE TABLE `countries` (
  `id` int(10) unsigned NOT NULL AUTO_INCREMENT,
  `name` varchar(255) COLLATE utf8mb4_unicode_ci NOT NULL,
  `slug` varchar(255) COLLATE utf8mb4_unicode_ci NOT NULL,
  `nationality` varchar(255) COLLATE utf8mb4_unicode_ci NOT NULL,
  `cca2` char(2) COLLATE utf8mb4_unicode_ci NOT NULL,
  `cca3` char(3) COLLATE utf8mb4_unicode_ci NOT NULL,
  `currency` json NOT NULL,
  `calling_code` json NOT NULL,
  `region` varchar(255) COLLATE utf8mb4_unicode_ci NOT NULL,
  `subregion` varchar(255) COLLATE utf8mb4_unicode_ci NOT NULL,
  `lat` double(8,2) NOT NULL,
  `lng` double(8,2) NOT NULL,
  `is_vendor` tinyint(1) NOT NULL DEFAULT '0',
  `market_id` int(10) unsigned NOT NULL DEFAULT '0',
  `currency_id` int(11) DEFAULT NULL,
  `is_agent` tinyint(1) NOT NULL DEFAULT '0',
  PRIMARY KEY (`id`)
) ENGINE=InnoDB AUTO_INCREMENT=249 DEFAULT CHARSET=utf8mb4 COLLATE=utf8mb4_unicode_ci;
/*!40101 SET character_set_client = @saved_cs_client */;

LOCK TABLES `countries` WRITE;
/*!40000 ALTER TABLE `countries` DISABLE KEYS */;
INSERT INTO `countries` VALUES (1,'Aruba','aruba','Aruban','AW','ABW','[\"AWG\"]','[\"297\"]','Americas','Caribbean',12.50,-69.97,0,0,NULL,0),(2,'Afghanistan','afghanistan','Afghan','AF','AFG','[\"AFN\"]','[\"93\"]','Asia','Southern Asia',33.00,65.00,0,0,NULL,0),(3,'Angola','angola','Angolan','AO','AGO','[\"AOA\"]','[\"244\"]','Africa','Middle Africa',-12.50,18.50,0,0,NULL,0),(4,'Anguilla','anguilla','Anguillian','AI','AIA','[\"XCD\"]','[\"1264\"]','Americas','Caribbean',18.25,-63.17,0,0,NULL,0),(5,'Åland Islands','aland-islands','Ålandish','AX','ALA','[\"EUR\"]','[\"358\"]','Europe','Northern Europe',60.12,19.90,0,0,NULL,0),(6,'Albania','albania','Albanian','AL','ALB','[\"ALL\"]','[\"355\"]','Europe','Southern Europe',41.00,20.00,0,0,NULL,0),(7,'Andorra','andorra','Andorran','AD','AND','[\"EUR\"]','[\"376\"]','Europe','Southern Europe',42.50,1.50,0,0,NULL,0),(8,'United Arab Emirates','united-arab-emirates','Emirati','AE','ARE','[\"AED\"]','[\"971\"]','Asia','Western Asia',24.00,54.00,1,0,NULL,0),(9,'Argentina','argentina','Argentine','AR','ARG','[\"ARS\"]','[\"54\"]','Americas','South America',-34.00,-64.00,0,0,NULL,0),(10,'Armenia','armenia','Armenian','AM','ARM','[\"AMD\"]','[\"374\"]','Asia','Western Asia',40.00,45.00,0,0,NULL,0),(11,'American Samoa','american-samoa','American Samoan','AS','ASM','[\"USD\"]','[\"1684\"]','Oceania','Polynesia',-14.33,-170.00,0,0,NULL,0),(12,'Antarctica','antarctica','Antarctican','AQ','ATA','[]','[]','','',-90.00,0.00,0,0,NULL,0),(13,'French Southern and Antarctic Lands','french-southern-and-antarctic-lands','French','TF','ATF','[\"EUR\"]','[]','','',-49.25,69.17,0,0,NULL,0),(14,'Antigua and Barbuda','antigua-and-barbuda','Antiguan, Barbudan','AG','ATG','[\"XCD\"]','[\"1268\"]','Americas','Caribbean',17.05,-61.80,0,0,NULL,0),(15,'Australia','australia','Australian','AU','AUS','[\"AUD\"]','[\"61\"]','Oceania','Australia and New Zealand',-27.00,133.00,0,0,NULL,0),(16,'Austria','austria','Austrian','AT','AUT','[\"EUR\"]','[\"43\"]','Europe','Western Europe',47.33,13.33,0,0,NULL,0),(17,'Azerbaijan','azerbaijan','Azerbaijani','AZ','AZE','[\"AZN\"]','[\"994\"]','Asia','Western Asia',40.50,47.50,0,0,NULL,0),(18,'Burundi','burundi','Burundian','BI','BDI','[\"BIF\"]','[\"257\"]','Africa','Eastern Africa',-3.50,30.00,0,0,NULL,0),(19,'Belgium','belgium','Belgian','BE','BEL','[\"EUR\"]','[\"32\"]','Europe','Western Europe',50.83,4.00,0,0,NULL,0),(20,'Benin','benin','Beninese','BJ','BEN','[\"XOF\"]','[\"229\"]','Africa','Western Africa',9.50,2.25,0,0,NULL,0),(21,'Burkina Faso','burkina-faso','Burkinabe','BF','BFA','[\"XOF\"]','[\"226\"]','Africa','Western Africa',13.00,-2.00,0,0,NULL,0),(22,'Bangladesh','bangladesh','Bangladeshi','BD','BGD','[\"BDT\"]','[\"880\"]','Asia','Southern Asia',24.00,90.00,0,0,NULL,0),(23,'Bulgaria','bulgaria','Bulgarian','BG','BGR','[\"BGN\"]','[\"359\"]','Europe','Eastern Europe',43.00,25.00,0,0,NULL,0),(24,'Bahrain','bahrain','Bahraini','BH','BHR','[\"BHD\"]','[\"973\"]','Asia','Western Asia',26.00,50.55,0,0,NULL,0),(25,'Bahamas','bahamas','Bahamian','BS','BHS','[\"BSD\"]','[\"1242\"]','Americas','Caribbean',24.25,-76.00,0,0,NULL,0),(26,'Bosnia and Herzegovina','bosnia-and-herzegovina','Bosnian, Herzegovinian','BA','BIH','[\"BAM\"]','[\"387\"]','Europe','Southern Europe',44.00,18.00,0,0,NULL,0),(27,'Saint Barthélemy','saint-barthelemy','Saint Barthélemy Islander','BL','BLM','[\"EUR\"]','[\"590\"]','Americas','Caribbean',18.50,-63.42,0,0,NULL,0),(28,'Belarus','belarus','Belarusian','BY','BLR','[\"BYN\"]','[\"375\"]','Europe','Eastern Europe',53.00,28.00,0,0,NULL,0),(29,'Belize','belize','Belizean','BZ','BLZ','[\"BZD\"]','[\"501\"]','Americas','Central America',17.25,-88.75,0,0,NULL,0),(30,'Bermuda','bermuda','Bermudian','BM','BMU','[\"BMD\"]','[\"1441\"]','Americas','Northern America',32.33,-64.75,0,0,NULL,0),(31,'Bolivia','bolivia','Bolivian','BO','BOL','[\"BOB\", \"BOV\"]','[\"591\"]','Americas','South America',-17.00,-65.00,0,0,NULL,0),(32,'Brazil','brazil','Brazilian','BR','BRA','[\"BRL\"]','[\"55\"]','Americas','South America',-10.00,-55.00,0,0,NULL,0),(33,'Barbados','barbados','Barbadian','BB','BRB','[\"BBD\"]','[\"1246\"]','Americas','Caribbean',13.17,-59.53,0,0,NULL,0),(34,'Brunei','brunei','Bruneian','BN','BRN','[\"BND\"]','[\"673\"]','Asia','South-Eastern Asia',4.50,114.67,0,0,NULL,0),(35,'Bhutan','bhutan','Bhutanese','BT','BTN','[\"BTN\", \"INR\"]','[\"975\"]','Asia','Southern Asia',27.50,90.50,0,0,NULL,0),(36,'Bouvet Island','bouvet-island','','BV','BVT','[\"NOK\"]','[]','','',-54.43,3.40,0,0,NULL,0),(37,'Botswana','botswana','Motswana','BW','BWA','[\"BWP\"]','[\"267\"]','Africa','Southern Africa',-22.00,24.00,0,0,NULL,0),(38,'Central African Republic','central-african-republic','Central African','CF','CAF','[\"XAF\"]','[\"236\"]','Africa','Middle Africa',7.00,21.00,0,0,NULL,0),(39,'Canada','canada','Canadian','CA','CAN','[\"CAD\"]','[\"1\"]','Americas','Northern America',60.00,-95.00,0,0,NULL,0),(40,'Cocos (Keeling) Islands','cocos-keeling-islands','Cocos Islander','CC','CCK','[\"AUD\"]','[\"61\"]','Oceania','Australia and New Zealand',-12.50,96.83,0,0,NULL,0),(41,'Switzerland','switzerland','Swiss','CH','CHE','[\"CHE\", \"CHF\", \"CHW\"]','[\"41\"]','Europe','Western Europe',47.00,8.00,0,0,NULL,0),(42,'Chile','chile','Chilean','CL','CHL','[\"CLF\", \"CLP\"]','[\"56\"]','Americas','South America',-30.00,-71.00,0,0,NULL,0),(43,'China','china','Chinese','CN','CHN','[\"CNY\"]','[\"86\"]','Asia','Eastern Asia',35.00,105.00,0,0,NULL,0),(44,'Ivory Coast','ivory-coast','Ivorian','CI','CIV','[\"XOF\"]','[\"225\"]','Africa','Western Africa',8.00,-5.00,0,0,NULL,0),(45,'Cameroon','cameroon','Cameroonian','CM','CMR','[\"XAF\"]','[\"237\"]','Africa','Middle Africa',6.00,12.00,0,0,NULL,0),(46,'DR Congo','dr-congo','Congolese','CD','COD','[\"CDF\"]','[\"243\"]','Africa','Middle Africa',0.00,25.00,0,0,NULL,0),(47,'Republic of the Congo','republic-of-the-congo','Congolese','CG','COG','[\"XAF\"]','[\"242\"]','Africa','Middle Africa',-1.00,15.00,0,0,NULL,0),(48,'Cook Islands','cook-islands','Cook Islander','CK','COK','[\"NZD\"]','[\"682\"]','Oceania','Polynesia',-21.23,-159.77,0,0,NULL,0),(49,'Colombia','colombia','Colombian','CO','COL','[\"COP\"]','[\"57\"]','Americas','South America',4.00,-72.00,0,0,NULL,0),(50,'Comoros','comoros','Comoran','KM','COM','[\"KMF\"]','[\"269\"]','Africa','Eastern Africa',-12.17,44.25,0,0,NULL,0),(51,'Cape Verde','cape-verde','Cape Verdian','CV','CPV','[\"CVE\"]','[\"238\"]','Africa','Western Africa',16.00,-24.00,0,0,NULL,0),(52,'Costa Rica','costa-rica','Costa Rican','CR','CRI','[\"CRC\"]','[\"506\"]','Americas','Central America',10.00,-84.00,0,0,NULL,0),(53,'Cuba','cuba','Cuban','CU','CUB','[\"CUC\", \"CUP\"]','[\"53\"]','Americas','Caribbean',21.50,-80.00,0,0,NULL,0),(54,'Curaçao','curacao','Dutch','CW','CUW','[\"ANG\"]','[\"5999\"]','Americas','Caribbean',12.12,-68.93,0,0,NULL,0),(55,'Christmas Island','christmas-island','Christmas Islander','CX','CXR','[\"AUD\"]','[\"61\"]','Oceania','Australia and New Zealand',-10.50,105.67,0,0,NULL,0),(56,'Cayman Islands','cayman-islands','Caymanian','KY','CYM','[\"KYD\"]','[\"1345\"]','Americas','Caribbean',19.50,-80.50,0,0,NULL,0),(57,'Cyprus','cyprus','Cypriot','CY','CYP','[\"EUR\"]','[\"357\"]','Europe','Eastern Europe',35.00,33.00,0,0,NULL,0),(58,'Czechia','czechia','Czech','CZ','CZE','[\"CZK\"]','[\"420\"]','Europe','Eastern Europe',49.75,15.50,0,0,NULL,0),(59,'Germany','germany','German','DE','DEU','[\"EUR\"]','[\"49\"]','Europe','Western Europe',51.00,9.00,0,0,NULL,0),(60,'Djibouti','djibouti','Djibouti','DJ','DJI','[\"DJF\"]','[\"253\"]','Africa','Eastern Africa',11.50,43.00,0,0,NULL,0),(61,'Dominica','dominica','Dominican','DM','DMA','[\"XCD\"]','[\"1767\"]','Americas','Caribbean',15.42,-61.33,0,0,NULL,0),(62,'Denmark','denmark','Danish','DK','DNK','[\"DKK\"]','[\"45\"]','Europe','Northern Europe',56.00,10.00,0,0,NULL,0),(63,'Dominican Republic','dominican-republic','Dominican','DO','DOM','[\"DOP\"]','[\"1809\", \"1829\", \"1849\"]','Americas','Caribbean',19.00,-70.67,0,0,NULL,0),(64,'Algeria','algeria','Algerian','DZ','DZA','[\"DZD\"]','[\"213\"]','Africa','Northern Africa',28.00,3.00,0,0,NULL,0),(65,'Ecuador','ecuador','Ecuadorean','EC','ECU','[\"USD\"]','[\"593\"]','Americas','South America',-2.00,-77.50,0,0,NULL,0),(66,'Egypt','egypt','Egyptian','EG','EGY','[\"EGP\"]','[\"20\"]','Africa','Northern Africa',27.00,30.00,0,0,NULL,0),(67,'Eritrea','eritrea','Eritrean','ER','ERI','[\"ERN\"]','[\"291\"]','Africa','Eastern Africa',15.00,39.00,0,0,NULL,0),(68,'Western Sahara','western-sahara','Sahrawi','EH','ESH','[\"MAD\", \"DZD\", \"MRO\"]','[\"212\"]','Africa','Northern Africa',24.50,-13.00,0,0,NULL,0),(69,'Spain','spain','Spanish','ES','ESP','[\"EUR\"]','[\"34\"]','Europe','Southern Europe',40.00,-4.00,0,0,NULL,0),(70,'Estonia','estonia','Estonian','EE','EST','[\"EUR\"]','[\"372\"]','Europe','Northern Europe',59.00,26.00,0,0,NULL,0),(71,'Ethiopia','ethiopia','Ethiopian','ET','ETH','[\"ETB\"]','[\"251\"]','Africa','Eastern Africa',8.00,38.00,0,0,NULL,0),(72,'Finland','finland','Finnish','FI','FIN','[\"EUR\"]','[\"358\"]','Europe','Northern Europe',64.00,26.00,0,0,NULL,0),(73,'Fiji','fiji','Fijian','FJ','FJI','[\"FJD\"]','[\"679\"]','Oceania','Melanesia',-18.00,175.00,0,0,NULL,0),(74,'Falkland Islands','falkland-islands','Falkland Islander','FK','FLK','[\"FKP\"]','[\"500\"]','Americas','South America',-51.75,-59.00,0,0,NULL,0),(75,'France','france','French','FR','FRA','[\"EUR\"]','[\"33\"]','Europe','Western Europe',46.00,2.00,0,0,NULL,0),(76,'Faroe Islands','faroe-islands','Faroese','FO','FRO','[\"DKK\"]','[\"298\"]','Europe','Northern Europe',62.00,-7.00,0,0,NULL,0),(77,'Micronesia','micronesia','Micronesian','FM','FSM','[\"USD\"]','[\"691\"]','Oceania','Micronesia',6.92,158.25,0,0,NULL,0),(78,'Gabon','gabon','Gabonese','GA','GAB','[\"XAF\"]','[\"241\"]','Africa','Middle Africa',-1.00,11.75,0,0,NULL,0),(79,'United Kingdom','united-kingdom','British','GB','GBR','[\"GBP\"]','[\"44\"]','Europe','Northern Europe',54.00,-2.00,0,0,NULL,0),(80,'Georgia','georgia','Georgian','GE','GEO','[\"GEL\"]','[\"995\"]','Asia','Western Asia',42.00,43.50,0,0,NULL,0),(81,'Guernsey','guernsey','Channel Islander','GG','GGY','[\"GBP\"]','[\"44\"]','Europe','Northern Europe',49.47,-2.58,0,0,NULL,0),(82,'Ghana','ghana','Ghanaian','GH','GHA','[\"GHS\"]','[\"233\"]','Africa','Western Africa',8.00,-2.00,0,0,NULL,0),(83,'Gibraltar','gibraltar','Gibraltar','GI','GIB','[\"GIP\"]','[\"350\"]','Europe','Southern Europe',36.13,-5.35,0,0,NULL,0),(84,'Guinea','guinea','Guinean','GN','GIN','[\"GNF\"]','[\"224\"]','Africa','Western Africa',11.00,-10.00,0,0,NULL,0),(85,'Guadeloupe','guadeloupe','Guadeloupian','GP','GLP','[\"EUR\"]','[\"590\"]','Americas','Caribbean',16.25,-61.58,0,0,NULL,0),(86,'Gambia','gambia','Gambian','GM','GMB','[\"GMD\"]','[\"220\"]','Africa','Western Africa',13.47,-16.57,0,0,NULL,0),(87,'Guinea-Bissau','guinea-bissau','Guinea-Bissauan','GW','GNB','[\"XOF\"]','[\"245\"]','Africa','Western Africa',12.00,-15.00,0,0,NULL,0),(88,'Equatorial Guinea','equatorial-guinea','Equatorial Guinean','GQ','GNQ','[\"XAF\"]','[\"240\"]','Africa','Middle Africa',2.00,10.00,0,0,NULL,0),(89,'Greece','greece','Greek','GR','GRC','[\"EUR\"]','[\"30\"]','Europe','Southern Europe',39.00,22.00,0,0,NULL,0),(90,'Grenada','grenada','Grenadian','GD','GRD','[\"XCD\"]','[\"1473\"]','Americas','Caribbean',12.12,-61.67,0,0,NULL,0),(91,'Greenland','greenland','Greenlandic','GL','GRL','[\"DKK\"]','[\"299\"]','Americas','Northern America',72.00,-40.00,0,0,NULL,0),(92,'Guatemala','guatemala','Guatemalan','GT','GTM','[\"GTQ\"]','[\"502\"]','Americas','Central America',15.50,-90.25,0,0,NULL,0),(93,'French Guiana','french-guiana','','GF','GUF','[\"EUR\"]','[\"594\"]','Americas','South America',4.00,-53.00,0,0,NULL,0),(94,'Guam','guam','Guamanian','GU','GUM','[\"USD\"]','[\"1671\"]','Oceania','Micronesia',13.47,144.78,0,0,NULL,0),(95,'Guyana','guyana','Guyanese','GY','GUY','[\"GYD\"]','[\"592\"]','Americas','South America',5.00,-59.00,0,0,NULL,0),(96,'Hong Kong','hong-kong','Hong Konger','HK','HKG','[\"HKD\"]','[\"852\"]','Asia','Eastern Asia',22.27,114.19,0,0,NULL,0),(97,'Heard Island and McDonald Islands','heard-island-and-mcdonald-islands','Heard and McDonald Islander','HM','HMD','[\"AUD\"]','[]','','',-53.10,72.52,0,0,NULL,0),(98,'Honduras','honduras','Honduran','HN','HND','[\"HNL\"]','[\"504\"]','Americas','Central America',15.00,-86.50,0,0,NULL,0),(99,'Croatia','croatia','Croatian','HR','HRV','[\"HRK\"]','[\"385\"]','Europe','Southern Europe',45.17,15.50,0,0,NULL,0),(100,'Haiti','haiti','Haitian','HT','HTI','[\"HTG\", \"USD\"]','[\"509\"]','Americas','Caribbean',19.00,-72.42,0,0,NULL,0),(101,'Hungary','hungary','Hungarian','HU','HUN','[\"HUF\"]','[\"36\"]','Europe','Eastern Europe',47.00,20.00,0,0,NULL,0),(102,'Indonesia','indonesia','Indonesian','ID','IDN','[\"IDR\"]','[\"62\"]','Asia','South-Eastern Asia',-5.00,120.00,0,0,NULL,0),(103,'Isle of Man','isle-of-man','Manx','IM','IMN','[\"GBP\"]','[\"44\"]','Europe','Northern Europe',54.25,-4.50,0,0,NULL,0),(104,'India','india','Indian','IN','IND','[\"INR\"]','[\"91\"]','Asia','Southern Asia',20.00,77.00,1,0,NULL,0),(105,'British Indian Ocean Territory','british-indian-ocean-territory','Indian','IO','IOT','[\"USD\"]','[\"246\"]','Africa','Eastern Africa',-6.00,71.50,0,0,NULL,0),(106,'Ireland','ireland','Irish','IE','IRL','[\"EUR\"]','[\"353\"]','Europe','Northern Europe',53.00,-8.00,0,0,NULL,0),(107,'Iran','iran','Iranian','IR','IRN','[\"IRR\"]','[\"98\"]','Asia','Southern Asia',32.00,53.00,0,0,NULL,0),(108,'Iraq','iraq','Iraqi','IQ','IRQ','[\"IQD\"]','[\"964\"]','Asia','Western Asia',33.00,44.00,0,0,NULL,0),(109,'Iceland','iceland','Icelander','IS','ISL','[\"ISK\"]','[\"354\"]','Europe','Northern Europe',65.00,-18.00,0,0,NULL,0),(110,'Israel','israel','Israeli','IL','ISR','[\"ILS\"]','[\"972\"]','Asia','Western Asia',31.47,35.13,0,0,NULL,0),(111,'Italy','italy','Italian','IT','ITA','[\"EUR\"]','[\"39\"]','Europe','Southern Europe',42.83,12.83,0,0,NULL,0),(112,'Jamaica','jamaica','Jamaican','JM','JAM','[\"JMD\"]','[\"1876\"]','Americas','Caribbean',18.25,-77.50,0,0,NULL,0),(113,'Jersey','jersey','Channel Islander','JE','JEY','[\"GBP\"]','[\"44\"]','Europe','Northern Europe',49.25,-2.17,0,0,NULL,0),(114,'Jordan','jordan','Jordanian','JO','JOR','[\"JOD\"]','[\"962\"]','Asia','Western Asia',31.00,36.00,0,0,NULL,0),(115,'Japan','japan','Japanese','JP','JPN','[\"JPY\"]','[\"81\"]','Asia','Eastern Asia',36.00,138.00,0,0,NULL,0),(116,'Kazakhstan','kazakhstan','Kazakhstani','KZ','KAZ','[\"KZT\"]','[\"76\", \"77\"]','Asia','Central Asia',48.00,68.00,0,0,NULL,0),(117,'Kenya','kenya','Kenyan','KE','KEN','[\"KES\"]','[\"254\"]','Africa','Eastern Africa',1.00,38.00,0,0,NULL,0),(118,'Kyrgyzstan','kyrgyzstan','Kirghiz','KG','KGZ','[\"KGS\"]','[\"996\"]','Asia','Central Asia',41.00,75.00,0,0,NULL,0),(119,'Cambodia','cambodia','Cambodian','KH','KHM','[\"KHR\"]','[\"855\"]','Asia','South-Eastern Asia',13.00,105.00,0,0,NULL,0),(120,'Kiribati','kiribati','I-Kiribati','KI','KIR','[\"AUD\"]','[\"686\"]','Oceania','Micronesia',1.42,173.00,0,0,NULL,0),(121,'Saint Kitts and Nevis','saint-kitts-and-nevis','Kittitian or Nevisian','KN','KNA','[\"XCD\"]','[\"1869\"]','Americas','Caribbean',17.33,-62.75,0,0,NULL,0),(122,'South Korea','south-korea','South Korean','KR','KOR','[\"KRW\"]','[\"82\"]','Asia','Eastern Asia',37.00,127.50,0,0,NULL,0),(123,'Kosovo','kosovo','Kosovar','XK','UNK','[\"EUR\"]','[\"383\"]','Europe','Eastern Europe',42.67,21.17,0,0,NULL,0),(124,'Kuwait','kuwait','Kuwaiti','KW','KWT','[\"KWD\"]','[\"965\"]','Asia','Western Asia',29.50,45.75,0,0,NULL,0),(125,'Laos','laos','Laotian','LA','LAO','[\"LAK\"]','[\"856\"]','Asia','South-Eastern Asia',18.00,105.00,0,0,NULL,0),(126,'Lebanon','lebanon','Lebanese','LB','LBN','[\"LBP\"]','[\"961\"]','Asia','Western Asia',33.83,35.83,0,0,NULL,0),(127,'Liberia','liberia','Liberian','LR','LBR','[\"LRD\"]','[\"231\"]','Africa','Western Africa',6.50,-9.50,0,0,NULL,0),(128,'Libya','libya','Libyan','LY','LBY','[\"LYD\"]','[\"218\"]','Africa','Northern Africa',25.00,17.00,0,0,NULL,0),(129,'Saint Lucia','saint-lucia','Saint Lucian','LC','LCA','[\"XCD\"]','[\"1758\"]','Americas','Caribbean',13.88,-60.97,0,0,NULL,0),(130,'Liechtenstein','liechtenstein','Liechtensteiner','LI','LIE','[\"CHF\"]','[\"423\"]','Europe','Western Europe',47.27,9.53,0,0,NULL,0),(131,'Sri Lanka','sri-lanka','Sri Lankan','LK','LKA','[\"LKR\"]','[\"94\"]','Asia','Southern Asia',7.00,81.00,0,0,NULL,0),(132,'Lesotho','lesotho','Mosotho','LS','LSO','[\"LSL\", \"ZAR\"]','[\"266\"]','Africa','Southern Africa',-29.50,28.50,0,0,NULL,0),(133,'Lithuania','lithuania','Lithuanian','LT','LTU','[\"EUR\"]','[\"370\"]','Europe','Northern Europe',56.00,24.00,0,0,NULL,0),(134,'Luxembourg','luxembourg','Luxembourger','LU','LUX','[\"EUR\"]','[\"352\"]','Europe','Western Europe',49.75,6.17,0,0,NULL,0),(135,'Latvia','latvia','Latvian','LV','LVA','[\"EUR\"]','[\"371\"]','Europe','Northern Europe',57.00,25.00,0,0,NULL,0),(136,'Macau','macau','Chinese','MO','MAC','[\"MOP\"]','[\"853\"]','Asia','Eastern Asia',22.17,113.55,0,0,NULL,0),(137,'Saint Martin','saint-martin','Saint Martin Islander','MF','MAF','[\"EUR\"]','[\"590\"]','Americas','Caribbean',18.08,-63.95,0,0,NULL,0),(138,'Morocco','morocco','Moroccan','MA','MAR','[\"MAD\"]','[\"212\"]','Africa','Northern Africa',32.00,-5.00,0,0,NULL,0),(139,'Monaco','monaco','Monegasque','MC','MCO','[\"EUR\"]','[\"377\"]','Europe','Western Europe',43.73,7.40,0,0,NULL,0),(140,'Moldova','moldova','Moldovan','MD','MDA','[\"MDL\"]','[\"373\"]','Europe','Eastern Europe',47.00,29.00,0,0,NULL,0),(141,'Madagascar','madagascar','Malagasy','MG','MDG','[\"MGA\"]','[\"261\"]','Africa','Eastern Africa',-20.00,47.00,0,0,NULL,0),(142,'Maldives','maldives','Maldivan','MV','MDV','[\"MVR\"]','[\"960\"]','Asia','Southern Asia',3.25,73.00,0,0,NULL,0),(143,'Mexico','mexico','Mexican','MX','MEX','[\"MXN\"]','[\"52\"]','Americas','Northern America',23.00,-102.00,0,0,NULL,0),(144,'Marshall Islands','marshall-islands','Marshallese','MH','MHL','[\"USD\"]','[\"692\"]','Oceania','Micronesia',9.00,168.00,0,0,NULL,0),(145,'Macedonia','macedonia','Macedonian','MK','MKD','[\"MKD\"]','[\"389\"]','Europe','Southern Europe',41.83,22.00,0,0,NULL,0),(146,'Mali','mali','Malian','ML','MLI','[\"XOF\"]','[\"223\"]','Africa','Western Africa',17.00,-4.00,0,0,NULL,0),(147,'Malta','malta','Maltese','MT','MLT','[\"EUR\"]','[\"356\"]','Europe','Southern Europe',35.83,14.58,0,0,NULL,0),(148,'Myanmar','myanmar','Bamar','MM','MMR','[\"MMK\"]','[\"95\"]','Asia','South-Eastern Asia',22.00,98.00,0,0,NULL,0),(149,'Montenegro','montenegro','Montenegrin','ME','MNE','[\"EUR\"]','[\"382\"]','Europe','Southern Europe',42.50,19.30,0,0,NULL,0),(150,'Mongolia','mongolia','Mongolian','MN','MNG','[\"MNT\"]','[\"976\"]','Asia','Eastern Asia',46.00,105.00,0,0,NULL,0),(151,'Northern Mariana Islands','northern-mariana-islands','American','MP','MNP','[\"USD\"]','[\"1670\"]','Oceania','Micronesia',15.20,145.75,0,0,NULL,0),(152,'Mozambique','mozambique','Mozambican','MZ','MOZ','[\"MZN\"]','[\"258\"]','Africa','Eastern Africa',-18.25,35.00,0,0,NULL,0),(153,'Mauritania','mauritania','Mauritanian','MR','MRT','[\"MRO\"]','[\"222\"]','Africa','Western Africa',20.00,-12.00,0,0,NULL,0),(154,'Montserrat','montserrat','Montserratian','MS','MSR','[\"XCD\"]','[\"1664\"]','Americas','Caribbean',16.75,-62.20,0,0,NULL,0),(155,'Martinique','martinique','French','MQ','MTQ','[\"EUR\"]','[\"596\"]','Americas','Caribbean',14.67,-61.00,0,0,NULL,0),(156,'Mauritius','mauritius','Mauritian','MU','MUS','[\"MUR\"]','[\"230\"]','Africa','Eastern Africa',-20.28,57.55,0,0,NULL,0),(157,'Malawi','malawi','Malawian','MW','MWI','[\"MWK\"]','[\"265\"]','Africa','Eastern Africa',-13.50,34.00,0,0,NULL,0),(158,'Malaysia','malaysia','Malaysian','MY','MYS','[\"MYR\"]','[\"60\"]','Asia','South-Eastern Asia',2.50,112.50,0,0,NULL,0),(159,'Mayotte','mayotte','Mahoran','YT','MYT','[\"EUR\"]','[\"262\"]','Africa','Eastern Africa',-12.83,45.17,0,0,NULL,0),(160,'Namibia','namibia','Namibian','NA','NAM','[\"NAD\", \"ZAR\"]','[\"264\"]','Africa','Southern Africa',-22.00,17.00,0,0,NULL,0),(161,'New Caledonia','new-caledonia','New Caledonian','NC','NCL','[\"XPF\"]','[\"687\"]','Oceania','Melanesia',-21.50,165.50,0,0,NULL,0),(162,'Niger','niger','Nigerien','NE','NER','[\"XOF\"]','[\"227\"]','Africa','Western Africa',16.00,8.00,0,0,NULL,0),(163,'Norfolk Island','norfolk-island','Norfolk Islander','NF','NFK','[\"AUD\"]','[\"672\"]','Oceania','Australia and New Zealand',-29.03,167.95,0,0,NULL,0),(164,'Nigeria','nigeria','Nigerian','NG','NGA','[\"NGN\"]','[\"234\"]','Africa','Western Africa',10.00,8.00,0,0,NULL,0),(165,'Nicaragua','nicaragua','Nicaraguan','NI','NIC','[\"NIO\"]','[\"505\"]','Americas','Central America',13.00,-85.00,0,0,NULL,0),(166,'Niue','niue','Niuean','NU','NIU','[\"NZD\"]','[\"683\"]','Oceania','Polynesia',-19.03,-169.87,0,0,NULL,0),(167,'Netherlands','netherlands','Dutch','NL','NLD','[\"EUR\"]','[\"31\"]','Europe','Western Europe',52.50,5.75,0,0,NULL,0),(168,'Norway','norway','Norwegian','NO','NOR','[\"NOK\"]','[\"47\"]','Europe','Northern Europe',62.00,10.00,0,0,NULL,0),(169,'Nepal','nepal','Nepalese','NP','NPL','[\"NPR\"]','[\"977\"]','Asia','Southern Asia',28.00,84.00,0,0,NULL,0),(170,'Nauru','nauru','Nauruan','NR','NRU','[\"AUD\"]','[\"674\"]','Oceania','Micronesia',-0.53,166.92,0,0,NULL,0),(171,'New Zealand','new-zealand','New Zealander','NZ','NZL','[\"NZD\"]','[\"64\"]','Oceania','Australia and New Zealand',-41.00,174.00,0,0,NULL,0),(172,'Oman','oman','Omani','OM','OMN','[\"OMR\"]','[\"968\"]','Asia','Western Asia',21.00,57.00,0,0,NULL,0),(173,'Pakistan','pakistan','Pakistani','PK','PAK','[\"PKR\"]','[\"92\"]','Asia','Southern Asia',30.00,70.00,0,0,NULL,0),(174,'Panama','panama','Panamanian','PA','PAN','[\"PAB\", \"USD\"]','[\"507\"]','Americas','Central America',9.00,-80.00,0,0,NULL,0),(175,'Pitcairn Islands','pitcairn-islands','Pitcairn Islander','PN','PCN','[\"NZD\"]','[\"64\"]','Oceania','Polynesia',-25.07,-130.10,0,0,NULL,0),(176,'Peru','peru','Peruvian','PE','PER','[\"PEN\"]','[\"51\"]','Americas','South America',-10.00,-76.00,0,0,NULL,0),(177,'Philippines','philippines','Filipino','PH','PHL','[\"PHP\"]','[\"63\"]','Asia','South-Eastern Asia',13.00,122.00,0,0,NULL,0),(178,'Palau','palau','Palauan','PW','PLW','[\"USD\"]','[\"680\"]','Oceania','Micronesia',7.50,134.50,0,0,NULL,0),(179,'Papua New Guinea','papua-new-guinea','Papua New Guinean','PG','PNG','[\"PGK\"]','[\"675\"]','Oceania','Melanesia',-6.00,147.00,0,0,NULL,0),(180,'Poland','poland','Polish','PL','POL','[\"PLN\"]','[\"48\"]','Europe','Eastern Europe',52.00,20.00,0,0,NULL,0),(181,'Puerto Rico','puerto-rico','Puerto Rican','PR','PRI','[\"USD\"]','[\"1787\", \"1939\"]','Americas','Caribbean',18.25,-66.50,0,0,NULL,0),(182,'North Korea','north-korea','North Korean','KP','PRK','[\"KPW\"]','[\"850\"]','Asia','Eastern Asia',40.00,127.00,0,0,NULL,0),(183,'Portugal','portugal','Portuguese','PT','PRT','[\"EUR\"]','[\"351\"]','Europe','Southern Europe',39.50,-8.00,0,0,NULL,0),(184,'Paraguay','paraguay','Paraguayan','PY','PRY','[\"PYG\"]','[\"595\"]','Americas','South America',-23.00,-58.00,0,0,NULL,0),(185,'Palestine','palestine','Palestinian','PS','PSE','[\"ILS\"]','[\"970\"]','Asia','Western Asia',31.90,35.20,0,0,NULL,0),(186,'French Polynesia','french-polynesia','French Polynesian','PF','PYF','[\"XPF\"]','[\"689\"]','Oceania','Polynesia',-15.00,-140.00,0,0,NULL,0),(187,'Qatar','qatar','Qatari','QA','QAT','[\"QAR\"]','[\"974\"]','Asia','Western Asia',25.50,51.25,0,0,NULL,0),(188,'Réunion','reunion','French','RE','REU','[\"EUR\"]','[\"262\"]','Africa','Eastern Africa',-21.15,55.50,0,0,NULL,0),(189,'Romania','romania','Romanian','RO','ROU','[\"RON\"]','[\"40\"]','Europe','Eastern Europe',46.00,25.00,0,0,NULL,0),(190,'Russia','russia','Russian','RU','RUS','[\"RUB\"]','[\"7\"]','Europe','Eastern Europe',60.00,100.00,0,0,NULL,0),(191,'Rwanda','rwanda','Rwandan','RW','RWA','[\"RWF\"]','[\"250\"]','Africa','Eastern Africa',-2.00,30.00,0,0,NULL,0),(192,'Saudi Arabia','saudi-arabia','Saudi Arabian','SA','SAU','[\"SAR\"]','[\"966\"]','Asia','Western Asia',25.00,45.00,0,0,NULL,0),(193,'Sudan','sudan','Sudanese','SD','SDN','[\"SDG\"]','[\"249\"]','Africa','Northern Africa',15.00,30.00,0,0,NULL,0),(194,'Senegal','senegal','Senegalese','SN','SEN','[\"XOF\"]','[\"221\"]','Africa','Western Africa',14.00,-14.00,0,0,NULL,0),(195,'Singapore','singapore','Singaporean','SG','SGP','[\"SGD\"]','[\"65\"]','Asia','South-Eastern Asia',1.37,103.80,0,0,NULL,0),(196,'South Georgia','south-georgia','South Georgian South Sandwich Islander','GS','SGS','[\"GBP\"]','[\"500\"]','Americas','South America',-54.50,-37.00,0,0,NULL,0),(197,'Svalbard and Jan Mayen','svalbard-and-jan-mayen','Norwegian','SJ','SJM','[\"NOK\"]','[\"4779\"]','Europe','Northern Europe',78.00,20.00,0,0,NULL,0),(198,'Solomon Islands','solomon-islands','Solomon Islander','SB','SLB','[\"SBD\"]','[\"677\"]','Oceania','Melanesia',-8.00,159.00,0,0,NULL,0),(199,'Sierra Leone','sierra-leone','Sierra Leonean','SL','SLE','[\"SLL\"]','[\"232\"]','Africa','Western Africa',8.50,-11.50,0,0,NULL,0),(200,'El Salvador','el-salvador','Salvadoran','SV','SLV','[\"SVC\", \"USD\"]','[\"503\"]','Americas','Central America',13.83,-88.92,0,0,NULL,0),(201,'San Marino','san-marino','Sammarinese','SM','SMR','[\"EUR\"]','[\"378\"]','Europe','Southern Europe',43.77,12.42,0,0,NULL,0),(202,'Somalia','somalia','Somali','SO','SOM','[\"SOS\"]','[\"252\"]','Africa','Eastern Africa',10.00,49.00,0,0,NULL,0),(203,'Saint Pierre and Miquelon','saint-pierre-and-miquelon','French','PM','SPM','[\"EUR\"]','[\"508\"]','Americas','Northern America',46.83,-56.33,0,0,NULL,0),(204,'Serbia','serbia','Serbian','RS','SRB','[\"RSD\"]','[\"381\"]','Europe','Southern Europe',44.00,21.00,0,0,NULL,0),(205,'South Sudan','south-sudan','South Sudanese','SS','SSD','[\"SSP\"]','[\"211\"]','Africa','Middle Africa',7.00,30.00,0,0,NULL,0),(206,'São Tomé and Príncipe','sao-tome-and-principe','Sao Tomean','ST','STP','[\"STD\"]','[\"239\"]','Africa','Middle Africa',1.00,7.00,0,0,NULL,0),(207,'Suriname','suriname','Surinamer','SR','SUR','[\"SRD\"]','[\"597\"]','Americas','South America',4.00,-56.00,0,0,NULL,0),(208,'Slovakia','slovakia','Slovak','SK','SVK','[\"EUR\"]','[\"421\"]','Europe','Central Europe',48.67,19.50,0,0,NULL,0),(209,'Slovenia','slovenia','Slovene','SI','SVN','[\"EUR\"]','[\"386\"]','Europe','Southern Europe',46.12,14.82,0,0,NULL,0),(210,'Sweden','sweden','Swedish','SE','SWE','[\"SEK\"]','[\"46\"]','Europe','Northern Europe',62.00,15.00,0,0,NULL,0),(211,'Swaziland','swaziland','Swazi','SZ','SWZ','[\"SZL\"]','[\"268\"]','Africa','Southern Africa',-26.50,31.50,0,0,NULL,0),(212,'Sint Maarten','sint-maarten','St. Maartener','SX','SXM','[\"ANG\"]','[\"1721\"]','Americas','Caribbean',18.03,-63.05,0,0,NULL,0),(213,'Seychelles','seychelles','Seychellois','SC','SYC','[\"SCR\"]','[\"248\"]','Africa','Eastern Africa',-4.58,55.67,0,0,NULL,0),(214,'Syria','syria','Syrian','SY','SYR','[\"SYP\"]','[\"963\"]','Asia','Western Asia',35.00,38.00,0,0,NULL,0),(215,'Turks and Caicos Islands','turks-and-caicos-islands','Turks and Caicos Islander','TC','TCA','[\"USD\"]','[\"1649\"]','Americas','Caribbean',21.75,-71.58,0,0,NULL,0),(216,'Chad','chad','Chadian','TD','TCD','[\"XAF\"]','[\"235\"]','Africa','Middle Africa',15.00,19.00,0,0,NULL,0),(217,'Togo','togo','Togolese','TG','TGO','[\"XOF\"]','[\"228\"]','Africa','Western Africa',8.00,1.17,0,0,NULL,0),(218,'Thailand','thailand','Thai','TH','THA','[\"THB\"]','[\"66\"]','Asia','South-Eastern Asia',15.00,100.00,0,0,NULL,0),(219,'Tajikistan','tajikistan','Tadzhik','TJ','TJK','[\"TJS\"]','[\"992\"]','Asia','Central Asia',39.00,71.00,0,0,NULL,0),(220,'Tokelau','tokelau','Tokelauan','TK','TKL','[\"NZD\"]','[\"690\"]','Oceania','Polynesia',-9.00,-172.00,0,0,NULL,0),(221,'Turkmenistan','turkmenistan','Turkmen','TM','TKM','[\"TMT\"]','[\"993\"]','Asia','Central Asia',40.00,60.00,0,0,NULL,0),(222,'Timor-Leste','timor-leste','East Timorese','TL','TLS','[\"USD\"]','[\"670\"]','Asia','South-Eastern Asia',-8.83,125.92,0,0,NULL,0),(223,'Tonga','tonga','Tongan','TO','TON','[\"TOP\"]','[\"676\"]','Oceania','Polynesia',-20.00,-175.00,0,0,NULL,0),(224,'Trinidad and Tobago','trinidad-and-tobago','Trinidadian','TT','TTO','[\"TTD\"]','[\"1868\"]','Americas','Caribbean',11.00,-61.00,0,0,NULL,0),(225,'Tunisia','tunisia','Tunisian','TN','TUN','[\"TND\"]','[\"216\"]','Africa','Northern Africa',34.00,9.00,0,0,NULL,0),(226,'Turkey','turkey','Turkish','TR','TUR','[\"TRY\"]','[\"90\"]','Asia','Western Asia',39.00,35.00,0,0,NULL,0),(227,'Tuvalu','tuvalu','Tuvaluan','TV','TUV','[\"AUD\"]','[\"688\"]','Oceania','Polynesia',-8.00,178.00,0,0,NULL,0),(228,'Taiwan','taiwan','Taiwanese','TW','TWN','[\"TWD\"]','[\"886\"]','Asia','Eastern Asia',23.50,121.00,0,0,NULL,0),(229,'Tanzania','tanzania','Tanzanian','TZ','TZA','[\"TZS\"]','[\"255\"]','Africa','Eastern Africa',-6.00,35.00,0,0,NULL,0),(230,'Uganda','uganda','Ugandan','UG','UGA','[\"UGX\"]','[\"256\"]','Africa','Eastern Africa',1.00,32.00,0,0,NULL,0),(231,'Ukraine','ukraine','Ukrainian','UA','UKR','[\"UAH\"]','[\"380\"]','Europe','Eastern Europe',49.00,32.00,0,0,NULL,0),(232,'United States Minor Outlying Islands','united-states-minor-outlying-islands','American','UM','UMI','[\"USD\"]','[]','Americas','Northern America',0.00,0.00,0,0,NULL,0),(233,'Uruguay','uruguay','Uruguayan','UY','URY','[\"UYI\", \"UYU\"]','[\"598\"]','Americas','South America',-33.00,-56.00,0,0,NULL,0),(234,'United States','united-states','American','US','USA','[\"USD\", \"USN\", \"USS\"]','[\"1\"]','Americas','Northern America',38.00,-97.00,0,0,NULL,0),(235,'Uzbekistan','uzbekistan','Uzbekistani','UZ','UZB','[\"UZS\"]','[\"998\"]','Asia','Central Asia',41.00,64.00,0,0,NULL,0),(236,'Vatican City','vatican-city','Italian','VA','VAT','[\"EUR\"]','[\"3906698\", \"379\"]','Europe','Southern Europe',41.90,12.45,0,0,NULL,0),(237,'Saint Vincent and the Grenadines','saint-vincent-and-the-grenadines','Saint Vincentian','VC','VCT','[\"XCD\"]','[\"1784\"]','Americas','Caribbean',13.25,-61.20,0,0,NULL,0),(238,'Venezuela','venezuela','Venezuelan','VE','VEN','[\"VEF\"]','[\"58\"]','Americas','South America',8.00,-66.00,0,0,NULL,0),(239,'British Virgin Islands','british-virgin-islands','Virgin Islander','VG','VGB','[\"USD\"]','[\"1284\"]','Americas','Caribbean',18.43,-64.62,0,0,NULL,0),(240,'United States Virgin Islands','united-states-virgin-islands','Virgin Islander','VI','VIR','[\"USD\"]','[\"1340\"]','Americas','Caribbean',18.35,-64.93,0,0,NULL,0),(241,'Vietnam','vietnam','Vietnamese','VN','VNM','[\"VND\"]','[\"84\"]','Asia','South-Eastern Asia',16.17,107.83,0,0,NULL,0),(242,'Vanuatu','vanuatu','Ni-Vanuatu','VU','VUT','[\"VUV\"]','[\"678\"]','Oceania','Melanesia',-16.00,167.00,0,0,NULL,0),(243,'Wallis and Futuna','wallis-and-futuna','Wallis and Futuna Islander','WF','WLF','[\"XPF\"]','[\"681\"]','Oceania','Polynesia',-13.30,-176.20,0,0,NULL,0),(244,'Samoa','samoa','Samoan','WS','WSM','[\"WST\"]','[\"685\"]','Oceania','Polynesia',-13.58,-172.33,0,0,NULL,0),(245,'Yemen','yemen','Yemeni','YE','YEM','[\"YER\"]','[\"967\"]','Asia','Western Asia',15.00,48.00,0,0,NULL,0),(246,'South Africa','south-africa','South African','ZA','ZAF','[\"ZAR\"]','[\"27\"]','Africa','Southern Africa',-29.00,24.00,0,0,NULL,0),(247,'Zambia','zambia','Zambian','ZM','ZMB','[\"ZMW\"]','[\"260\"]','Africa','Eastern Africa',-15.00,30.00,0,0,NULL,0),(248,'Zimbabwe','zimbabwe','Zimbabwean','ZW','ZWE','[\"ZWL\"]','[\"263\"]','Africa','Eastern Africa',-20.00,30.00,0,0,NULL,0);
/*!40000 ALTER TABLE `countries` ENABLE KEYS */;
UNLOCK TABLES;
DROP TABLE IF EXISTS `country_default_currencies`;
/*!40101 SET @saved_cs_client     = @@character_set_client */;
/*!40101 SET character_set_client = utf8 */;
CREATE TABLE `country_default_currencies` (
  `id` int(10) unsigned NOT NULL AUTO_INCREMENT,
  `country_id` int(11) NOT NULL,
  `currency_id` int(11) NOT NULL DEFAULT '0',
  `module` varchar(50) COLLATE utf8mb4_unicode_ci NOT NULL DEFAULT 'vendors',
  PRIMARY KEY (`id`)
) ENGINE=InnoDB DEFAULT CHARSET=utf8mb4 COLLATE=utf8mb4_unicode_ci;
/*!40101 SET character_set_client = @saved_cs_client */;

LOCK TABLES `country_default_currencies` WRITE;
/*!40000 ALTER TABLE `country_default_currencies` DISABLE KEYS */;
/*!40000 ALTER TABLE `country_default_currencies` ENABLE KEYS */;
UNLOCK TABLES;
DROP TABLE IF EXISTS `country_service_markups`;
/*!40101 SET @saved_cs_client     = @@character_set_client */;
/*!40101 SET character_set_client = utf8 */;
CREATE TABLE `country_service_markups` (
  `id` int(10) unsigned NOT NULL AUTO_INCREMENT,
  `country_id` int(11) NOT NULL,
  `label` varchar(100) COLLATE utf8mb4_unicode_ci DEFAULT NULL,
  `service_markups` varchar(1000) COLLATE utf8mb4_unicode_ci NOT NULL,
  PRIMARY KEY (`id`)
) ENGINE=InnoDB AUTO_INCREMENT=3 DEFAULT CHARSET=utf8mb4 COLLATE=utf8mb4_unicode_ci;
/*!40101 SET character_set_client = @saved_cs_client */;

LOCK TABLES `country_service_markups` WRITE;
/*!40000 ALTER TABLE `country_service_markups` DISABLE KEYS */;
INSERT INTO `country_service_markups` VALUES (2,104,'Premium','[{\"service_id\":18,\"markup_name\":\"Service charge\",\"amount_type\":\"percent\",\"amount\":\"5\"},{\"service_id\":22,\"markup_name\":\"Service charge\",\"amount_type\":\"percent\",\"amount\":\"5\"},{\"service_id\":23,\"markup_name\":\"Service charge\",\"amount_type\":\"percent\",\"amount\":\"5\"},{\"service_id\":28,\"markup_name\":\"Service charge\",\"amount_type\":\"percent\",\"amount\":\"5\"},{\"service_id\":31,\"markup_name\":\"Service charge\",\"amount_type\":\"percent\",\"amount\":\"5\"},{\"service_id\":32,\"markup_name\":\"Service charge\",\"amount_type\":\"percent\",\"amount\":\"5\"},{\"service_id\":35,\"markup_name\":\"Service charge\",\"amount_type\":\"percent\",\"amount\":\"5\"},{\"service_id\":36,\"markup_name\":\"Service charge\",\"amount_type\":\"percent\",\"amount\":\"5\"}]');
/*!40000 ALTER TABLE `country_service_markups` ENABLE KEYS */;
UNLOCK TABLES;
DROP TABLE IF EXISTS `country_service_taxes`;
/*!40101 SET @saved_cs_client     = @@character_set_client */;
/*!40101 SET character_set_client = utf8 */;
CREATE TABLE `country_service_taxes` (
  `id` int(10) unsigned NOT NULL AUTO_INCREMENT,
  `country_id` int(11) NOT NULL,
  `service_id` int(11) NOT NULL,
  `tax_type` varchar(20) COLLATE utf8mb4_unicode_ci NOT NULL,
  `service_taxes` varchar(1000) COLLATE utf8mb4_unicode_ci NOT NULL,
  `created_at` timestamp NULL DEFAULT NULL,
  `updated_at` timestamp NULL DEFAULT NULL,
  PRIMARY KEY (`id`)
) ENGINE=InnoDB AUTO_INCREMENT=4 DEFAULT CHARSET=utf8mb4 COLLATE=utf8mb4_unicode_ci;
/*!40101 SET character_set_client = @saved_cs_client */;

LOCK TABLES `country_service_taxes` WRITE;
/*!40000 ALTER TABLE `country_service_taxes` DISABLE KEYS */;
INSERT INTO `country_service_taxes` VALUES (2,104,18,'tax','[{\"tax_id\":1,\"amount\":\"18\",\"amount_type\":\"percent\"},{\"tax_id\":2,\"amount\":\"9\",\"amount_type\":\"percent\"},{\"tax_id\":6,\"amount\":\"9\",\"amount_type\":\"percent\"}]',NULL,NULL),(3,104,22,'tax','[{\"tax_id\":1,\"amount\":\"5\",\"amount_type\":\"percent\"},{\"tax_id\":2,\"amount\":\"5\",\"amount_type\":\"percent\"},{\"tax_id\":6,\"amount\":\"5\",\"amount_type\":\"percent\"}]',NULL,NULL);
/*!40000 ALTER TABLE `country_service_taxes` ENABLE KEYS */;
UNLOCK TABLES;
DROP TABLE IF EXISTS `country_visa`;
/*!40101 SET @saved_cs_client     = @@character_set_client */;
/*!40101 SET character_set_client = utf8 */;
CREATE TABLE `country_visa` (
  `id` int(10) unsigned NOT NULL AUTO_INCREMENT,
  `country_id` int(11) NOT NULL,
  `visa_id` int(11) NOT NULL,
  `eligibility_type` varchar(255) COLLATE utf8mb4_unicode_ci NOT NULL,
  PRIMARY KEY (`id`)
) ENGINE=InnoDB DEFAULT CHARSET=utf8mb4 COLLATE=utf8mb4_unicode_ci;
/*!40101 SET character_set_client = @saved_cs_client */;

LOCK TABLES `country_visa` WRITE;
/*!40000 ALTER TABLE `country_visa` DISABLE KEYS */;
/*!40000 ALTER TABLE `country_visa` ENABLE KEYS */;
UNLOCK TABLES;
DROP TABLE IF EXISTS `country_wise_service_taxes`;
/*!40101 SET @saved_cs_client     = @@character_set_client */;
/*!40101 SET character_set_client = utf8 */;
CREATE TABLE `country_wise_service_taxes` (
  `id` int(10) unsigned NOT NULL AUTO_INCREMENT,
  `country_id` int(11) NOT NULL,
  `vendor_service_id` int(11) NOT NULL,
  `tax_id` int(11) NOT NULL,
  `tax_type` varchar(30) COLLATE utf8mb4_unicode_ci NOT NULL DEFAULT 'purchase',
  PRIMARY KEY (`id`)
) ENGINE=InnoDB DEFAULT CHARSET=utf8mb4 COLLATE=utf8mb4_unicode_ci;
/*!40101 SET character_set_client = @saved_cs_client */;

LOCK TABLES `country_wise_service_taxes` WRITE;
/*!40000 ALTER TABLE `country_wise_service_taxes` DISABLE KEYS */;
/*!40000 ALTER TABLE `country_wise_service_taxes` ENABLE KEYS */;
UNLOCK TABLES;
DROP TABLE IF EXISTS `cuisines`;
/*!40101 SET @saved_cs_client     = @@character_set_client */;
/*!40101 SET character_set_client = utf8 */;
CREATE TABLE `cuisines` (
  `id` int(10) unsigned NOT NULL AUTO_INCREMENT,
  `name` varchar(255) COLLATE utf8mb4_unicode_ci NOT NULL,
  PRIMARY KEY (`id`)
) ENGINE=InnoDB AUTO_INCREMENT=4 DEFAULT CHARSET=utf8mb4 COLLATE=utf8mb4_unicode_ci;
/*!40101 SET character_set_client = @saved_cs_client */;

LOCK TABLES `cuisines` WRITE;
/*!40000 ALTER TABLE `cuisines` DISABLE KEYS */;
INSERT INTO `cuisines` VALUES (1,'Indian'),(2,'Italian'),(3,'International Menu');
/*!40000 ALTER TABLE `cuisines` ENABLE KEYS */;
UNLOCK TABLES;
DROP TABLE IF EXISTS `currencies`;
/*!40101 SET @saved_cs_client     = @@character_set_client */;
/*!40101 SET character_set_client = utf8 */;
CREATE TABLE `currencies` (
  `id` int(10) unsigned NOT NULL AUTO_INCREMENT,
  `symbol` varchar(4) COLLATE utf8mb4_unicode_ci NOT NULL,
  `code` varchar(50) COLLATE utf8mb4_unicode_ci NOT NULL,
  `name` varchar(255) COLLATE utf8mb4_unicode_ci NOT NULL DEFAULT '',
  `is_active` tinyint(1) NOT NULL DEFAULT '0',
  PRIMARY KEY (`id`)
) ENGINE=InnoDB AUTO_INCREMENT=160 DEFAULT CHARSET=utf8mb4 COLLATE=utf8mb4_unicode_ci;
/*!40101 SET character_set_client = @saved_cs_client */;

LOCK TABLES `currencies` WRITE;
/*!40000 ALTER TABLE `currencies` DISABLE KEYS */;
INSERT INTO `currencies` VALUES (1,'AED','&#1583;.&#1573;','United Arab Emirates Dirham',1),(2,'AFN','&#65;&#102;','Afghan Afghani',0),(3,'ALL','&#76;&#101;&#107;','Albanian Lek',0),(4,'AMD','','Armenian Dram',0),(5,'ANG','&#402;','',0),(6,'AOA','&#75;&#122;','',0),(7,'ARS','&#36;','Argentine Peso',0),(8,'AUD','&#36;','Australian Dollar',1),(9,'AWG','&#402;','',0),(10,'AZN','&#1084;&#1072;&#1085;','Azerbaijani Manat',0),(11,'BAM','&#75;&#77;','Bosnia-Herzegovina Convertible Mark',0),(12,'BBD','&#36;','',0),(13,'BDT','&#2547;','Bangladeshi Taka',0),(14,'BGN','&#1083;&#1074;','Bulgarian Lev',0),(15,'BHD','.&#1583;.&#1576;','Bahraini Dinar',0),(16,'BIF','&#70;&#66;&#117;','Burundian Franc',0),(17,'BMD','&#36;','',0),(18,'BND','&#36;','Brunei Dollar',0),(19,'BOB','&#36;&#98;','Bolivian Boliviano',0),(20,'BRL','&#82;&#36;','Brazilian Real',0),(21,'BSD','&#36;','',0),(22,'BTN','&#78;&#117;&#46;','',0),(23,'BWP','&#80;','Botswanan Pula',0),(24,'BYR','&#112;&#46;','Belarusian Ruble',0),(25,'BZD','&#66;&#90;&#36;','Belize Dollar',0),(26,'CAD','&#36;','Canadian Dollar',0),(27,'CDF','&#70;&#67;','Congolese Franc',0),(28,'CHF','&#67;&#72;&#70;','Swiss Franc',0),(29,'CLF','','',0),(30,'CLP','&#36;','Chilean Peso',0),(31,'CNY','&#165;','Chinese Yuan',1),(32,'COP','&#36;','Colombian Peso',0),(33,'CRC','&#8353;','Costa Rican Colón',0),(34,'CUP','&#8396;','',0),(35,'CVE','&#36;','Cape Verdean Escudo',0),(36,'CZK','&#75;&#269;','Czech Republic Koruna',0),(37,'DJF','&#70;&#100;&#106;','Djiboutian Franc',0),(38,'DKK','&#107;&#114;','Danish Krone',0),(39,'DOP','&#82;&#68;&#36;','Dominican Peso',0),(40,'DZD','&#1583;&#1580;','Algerian Dinar',0),(41,'EGP','&#163;','Egyptian Pound',0),(42,'ETB','&#66;&#114;','Ethiopian Birr',0),(43,'EUR','&#8364;','Euro',1),(44,'FJD','&#36;','',0),(45,'FKP','&#163;','',0),(46,'GBP','&#163;','British Pound Sterling',1),(47,'GEL','&#4314;','Georgian Lari',0),(48,'GHS','&#162;','Ghanaian Cedi',0),(49,'GIP','&#163;','',0),(50,'GMD','&#68;','',0),(51,'GNF','&#70;&#71;','Guinean Franc',0),(52,'GTQ','&#81;','Guatemalan Quetzal',0),(53,'GYD','&#36;','',0),(54,'HKD','&#36;','Hong Kong Dollar',0),(55,'HNL','&#76;','Honduran Lempira',0),(56,'HRK','&#107;&#110;','Croatian Kuna',0),(57,'HTG','&#71;','',0),(58,'HUF','&#70;&#116;','Hungarian Forint',0),(59,'IDR','&#82;&#112;','Indonesian Rupiah',0),(60,'ILS','&#8362;','Israeli New Sheqel',0),(61,'INR','&#8377;','Indian Rupee',1),(62,'IQD','&#1593;.&#1583;','Iraqi Dinar',0),(63,'IRR','&#65020;','Iranian Rial',0),(64,'ISK','&#107;&#114;','Icelandic Króna',0),(65,'JEP','&#163;','',0),(66,'JMD','&#74;&#36;','Jamaican Dollar',0),(67,'JOD','&#74;&#68;','Jordanian Dinar',0),(68,'JPY','&#165;','Japanese Yen',1),(69,'KES','&#75;&#83;&#104;','Kenyan Shilling',0),(70,'KGS','&#1083;&#1074;','',0),(71,'KHR','&#6107;','Cambodian Riel',0),(72,'KMF','&#67;&#70;','Comorian Franc',0),(73,'KPW','&#8361;','',0),(74,'KRW','&#8361;','South Korean Won',0),(75,'KWD','&#1583;.&#1603;','Kuwaiti Dinar',0),(76,'KYD','&#36;','',0),(77,'KZT','&#1083;&#1074;','Kazakhstani Tenge',0),(78,'LAK','&#8365;','',0),(79,'LBP','&#163;','Lebanese Pound',0),(80,'LKR','&#8360;','Sri Lankan Rupee',0),(81,'LRD','&#36;','',0),(82,'LSL','&#76;','',0),(83,'LTL','&#76;&#116;','Lithuanian Litas',0),(84,'LVL','&#76;&#115;','Latvian Lats',0),(85,'LYD','&#1604;.&#1583;','Libyan Dinar',0),(86,'MAD','&#1583;.&#1605;.','Moroccan Dirham',0),(87,'MDL','&#76;','Moldovan Leu',0),(88,'MGA','&#65;&#114;','Malagasy Ariary',0),(89,'MKD','&#1076;&#1077;&#1085;','Macedonian Denar',0),(90,'MMK','&#75;','Myanma Kyat',0),(91,'MNT','&#8366;','',0),(92,'MOP','&#77;&#79;&#80;&#36;','Macanese Pataca',0),(93,'MRO','&#85;&#77;','',0),(94,'MUR','&#8360;','Mauritian Rupee',0),(95,'MVR','.&#1923;','',0),(96,'MWK','&#77;&#75;','',0),(97,'MXN','&#36;','Mexican Peso',0),(98,'MYR','&#82;&#77;','Malaysian Ringgit',0),(99,'MZN','&#77;&#84;','Mozambican Metical',0),(100,'NAD','&#36;','Namibian Dollar',0),(101,'NGN','&#8358;','Nigerian Naira',0),(102,'NIO','&#67;&#36;','Nicaraguan Córdoba',0),(103,'NOK','&#107;&#114;','Norwegian Krone',0),(104,'NPR','&#8360;','Nepalese Rupee',0),(105,'NZD','&#36;','New Zealand Dollar',0),(106,'OMR','&#65020;','Omani Rial',0),(107,'PAB','&#66;&#47;&#46;','Panamanian Balboa',0),(108,'PEN','&#83;&#47;&#46;','Peruvian Nuevo Sol',0),(109,'PGK','&#75;','',0),(110,'PHP','&#8369;','Philippine Peso',0),(111,'PKR','&#8360;','Pakistani Rupee',1),(112,'PLN','&#122;&#322;','Polish Zloty',0),(113,'PYG','&#71;&#115;','Paraguayan Guarani',0),(114,'QAR','&#65020;','Qatari Rial',0),(115,'RON','&#108;&#101;&#105;','Romanian Leu',0),(116,'RSD','&#1044;&#1080;&#1085;&#46;','Serbian Dinar',0),(117,'RUB','&#1088;&#1091;&#1073;','Russian Ruble',0),(118,'RWF','&#1585;.&#1587;','Rwandan Franc',0),(119,'SAR','&#65020;','Saudi Riyal',1),(120,'SBD','&#36;','',0),(121,'SCR','&#8360;','',0),(122,'SDG','&#163;','Sudanese Pound',0),(123,'SEK','&#107;&#114;','Swedish Krona',0),(124,'SGD','&#36;','Singapore Dollar',0),(125,'SHP','&#163;','',0),(126,'SLL','&#76;&#101;','',0),(127,'SOS','&#83;','Somali Shilling',0),(128,'SRD','&#36;','',0),(129,'STD','&#68;&#98;','',0),(130,'SVC','&#36;','',0),(131,'SYP','&#163;','Syrian Pound',0),(132,'SZL','&#76;','',0),(133,'THB','&#3647;','Thai Baht',0),(134,'TJS','&#84;&#74;&#83;','',0),(135,'TMT','&#109;','',0),(136,'TND','&#1583;.&#1578;','Tunisian Dinar',0),(137,'TOP','&#84;&#36;','Tongan Paʻanga',0),(138,'TRY','&#8356;','Turkish Lira',0),(139,'TTD','&#36;','Trinidad and Tobago Dollar',0),(140,'TWD','&#78;&#84;&#36;','New Taiwan Dollar',0),(141,'TZS','','Tanzanian Shilling',0),(142,'UAH','&#8372;','Ukrainian Hryvnia',0),(143,'UGX','&#85;&#83;&#104;','Ugandan Shilling',0),(144,'USD','&#36;','US Dollar',1),(145,'UYU','&#36;&#85;','Uruguayan Peso',0),(146,'UZS','&#1083;&#1074;','Uzbekistan Som',0),(147,'VEF','&#66;&#115;','Venezuelan Bolívar',0),(148,'VND','&#8363;','Vietnamese Dong',0),(149,'VUV','&#86;&#84;','',0),(150,'WST','&#87;&#83;&#36;','',0),(151,'XAF','&#70;&#67;&#70;&#65;','CFA Franc BEAC',0),(152,'XCD','&#36;','',0),(153,'XDR','','',0),(154,'XOF','','CFA Franc BCEAO',0),(155,'XPF','&#70;','',0),(156,'YER','&#65020;','Yemeni Rial',0),(157,'ZAR','&#82;','South African Rand',0),(158,'ZMK','&#90;&#75;','Zambian Kwacha',0),(159,'ZWL','&#90;&#36;','',0);
/*!40000 ALTER TABLE `currencies` ENABLE KEYS */;
UNLOCK TABLES;
DROP TABLE IF EXISTS `distributor_details`;
/*!40101 SET @saved_cs_client     = @@character_set_client */;
/*!40101 SET character_set_client = utf8 */;
CREATE TABLE `distributor_details` (
  `id` int(10) unsigned NOT NULL AUTO_INCREMENT,
  `code` varchar(25) COLLATE utf8mb4_unicode_ci NOT NULL,
  `name` varchar(255) COLLATE utf8mb4_unicode_ci NOT NULL,
  `slug` varchar(255) COLLATE utf8mb4_unicode_ci DEFAULT NULL,
  `iata_or_tids_number` varchar(255) COLLATE utf8mb4_unicode_ci DEFAULT NULL,
  `contact_person_name` varchar(255) COLLATE utf8mb4_unicode_ci NOT NULL,
  `email` varchar(255) COLLATE utf8mb4_unicode_ci NOT NULL,
  `designation` varchar(255) COLLATE utf8mb4_unicode_ci NOT NULL,
  `telephone` varchar(20) COLLATE utf8mb4_unicode_ci NOT NULL,
  `mobile` varchar(20) COLLATE utf8mb4_unicode_ci NOT NULL,
  `fax` varchar(20) COLLATE utf8mb4_unicode_ci DEFAULT NULL,
  `currency` varchar(6) COLLATE utf8mb4_unicode_ci NOT NULL,
  `country_id` int(11) NOT NULL,
  `city` varchar(255) COLLATE utf8mb4_unicode_ci NOT NULL,
  `address` varchar(255) COLLATE utf8mb4_unicode_ci NOT NULL,
  `postal_code` varchar(20) COLLATE utf8mb4_unicode_ci NOT NULL,
  `timezone` varchar(50) COLLATE utf8mb4_unicode_ci NOT NULL,
  `website` varchar(255) COLLATE utf8mb4_unicode_ci DEFAULT NULL,
  `logo_url` varchar(255) COLLATE utf8mb4_unicode_ci DEFAULT NULL,
  `is_active` tinyint(1) NOT NULL DEFAULT '0',
  `status` varchar(25) COLLATE utf8mb4_unicode_ci NOT NULL DEFAULT 'pending',
  `reason_for_account_not_active` varchar(500) COLLATE utf8mb4_unicode_ci DEFAULT NULL,
  `contact_details` varchar(1000) COLLATE utf8mb4_unicode_ci DEFAULT NULL,
  `created_by` int(11) NOT NULL DEFAULT '0',
  `total_agents` int(11) NOT NULL DEFAULT '0',
  `other_details` varchar(500) COLLATE utf8mb4_unicode_ci DEFAULT NULL,
  `created_at` timestamp NULL DEFAULT NULL,
  `updated_at` timestamp NULL DEFAULT NULL,
  `deleted_at` timestamp NULL DEFAULT NULL,
  PRIMARY KEY (`id`),
  UNIQUE KEY `distributor_details_slug_unique` (`slug`),
  KEY `distributor_details_country_id_index` (`country_id`)
) ENGINE=InnoDB AUTO_INCREMENT=2 DEFAULT CHARSET=utf8mb4 COLLATE=utf8mb4_unicode_ci;
/*!40101 SET character_set_client = @saved_cs_client */;

LOCK TABLES `distributor_details` WRITE;
/*!40000 ALTER TABLE `distributor_details` DISABLE KEYS */;
INSERT INTO `distributor_details` VALUES (1,'GDT-DBT-117','Columbus vacations','columbus-vacations','32INTR','Kamalakar','chagamkamalakar@gmail.com','Sales Head','5445454','4343433','32323','INR',104,'Hyderabad','Domalguda','500029','Asia/Kolkata','columbus.com',NULL,0,'pending',NULL,'[{\"name\":\"Kamalakar\",\"email\":\"chagam@gmail.com\",\"mobile\":\"323232\",\"department_name\":\"Sales\",\"designation\":\"Sales Head\"},{\"name\":\"Kamal2\",\"email\":\"cmaham@gmail.com\",\"mobile\":\"323232\",\"department_name\":\"Accounts\",\"designation\":\"Sales Team\"}]',2,0,'{\"gstn\":\"3232GSTN\"}','2017-11-13 07:23:48','2017-11-13 07:53:23',NULL);
/*!40000 ALTER TABLE `distributor_details` ENABLE KEYS */;
UNLOCK TABLES;
DROP TABLE IF EXISTS `dmc_bank_accounts`;
/*!40101 SET @saved_cs_client     = @@character_set_client */;
/*!40101 SET character_set_client = utf8 */;
CREATE TABLE `dmc_bank_accounts` (
  `id` int(10) unsigned NOT NULL AUTO_INCREMENT,
  `country_id` int(11) NOT NULL,
  `city` varchar(50) COLLATE utf8mb4_unicode_ci NOT NULL,
  `currency` varchar(6) COLLATE utf8mb4_unicode_ci NOT NULL,
  `in_favour_off` varchar(150) COLLATE utf8mb4_unicode_ci NOT NULL,
  `bank_name` varchar(150) COLLATE utf8mb4_unicode_ci NOT NULL,
  `branch_name` varchar(150) COLLATE utf8mb4_unicode_ci NOT NULL,
  `account_number` varchar(50) COLLATE utf8mb4_unicode_ci NOT NULL,
  `ifsc_code` varchar(50) COLLATE utf8mb4_unicode_ci DEFAULT NULL,
  `swift_code` varchar(50) COLLATE utf8mb4_unicode_ci DEFAULT NULL,
  `iban_code` varchar(50) COLLATE utf8mb4_unicode_ci DEFAULT NULL,
  `address` varchar(500) COLLATE utf8mb4_unicode_ci NOT NULL,
  `created_at` timestamp NULL DEFAULT NULL,
  `updated_at` timestamp NULL DEFAULT NULL,
  PRIMARY KEY (`id`)
) ENGINE=InnoDB AUTO_INCREMENT=4 DEFAULT CHARSET=utf8mb4 COLLATE=utf8mb4_unicode_ci;
/*!40101 SET character_set_client = @saved_cs_client */;

LOCK TABLES `dmc_bank_accounts` WRITE;
/*!40000 ALTER TABLE `dmc_bank_accounts` DISABLE KEYS */;
INSERT INTO `dmc_bank_accounts` VALUES (3,104,'Hyderabad','INR','GDT India','ICICI','Himayath nagar','32323232323232','ICICI1121121',NULL,NULL,'Opposite: Telugu academy, Old MLA quarters road','2017-10-24 07:08:30','2017-10-24 07:08:30');
/*!40000 ALTER TABLE `dmc_bank_accounts` ENABLE KEYS */;
UNLOCK TABLES;
DROP TABLE IF EXISTS `dmcs`;
/*!40101 SET @saved_cs_client     = @@character_set_client */;
/*!40101 SET character_set_client = utf8 */;
CREATE TABLE `dmcs` (
  `id` int(10) unsigned NOT NULL AUTO_INCREMENT,
  `name` varchar(255) COLLATE utf8mb4_unicode_ci NOT NULL,
  `code` varchar(255) COLLATE utf8mb4_unicode_ci NOT NULL,
  `description` varchar(255) COLLATE utf8mb4_unicode_ci NOT NULL DEFAULT '',
  PRIMARY KEY (`id`)
) ENGINE=InnoDB DEFAULT CHARSET=utf8mb4 COLLATE=utf8mb4_unicode_ci;
/*!40101 SET character_set_client = @saved_cs_client */;

LOCK TABLES `dmcs` WRITE;
/*!40000 ALTER TABLE `dmcs` DISABLE KEYS */;
/*!40000 ALTER TABLE `dmcs` ENABLE KEYS */;
UNLOCK TABLES;
DROP TABLE IF EXISTS `email_sending_settings`;
/*!40101 SET @saved_cs_client     = @@character_set_client */;
/*!40101 SET character_set_client = utf8 */;
CREATE TABLE `email_sending_settings` (
  `id` int(10) unsigned NOT NULL AUTO_INCREMENT,
  `action` varchar(200) COLLATE utf8mb4_unicode_ci NOT NULL,
  `primary_email_id` varchar(255) COLLATE utf8mb4_unicode_ci NOT NULL,
  `cc_email_ids` varchar(255) COLLATE utf8mb4_unicode_ci DEFAULT NULL,
  `created_at` timestamp NULL DEFAULT NULL,
  `updated_at` timestamp NULL DEFAULT NULL,
  PRIMARY KEY (`id`)
) ENGINE=InnoDB DEFAULT CHARSET=utf8mb4 COLLATE=utf8mb4_unicode_ci;
/*!40101 SET character_set_client = @saved_cs_client */;

LOCK TABLES `email_sending_settings` WRITE;
/*!40000 ALTER TABLE `email_sending_settings` DISABLE KEYS */;
/*!40000 ALTER TABLE `email_sending_settings` ENABLE KEYS */;
UNLOCK TABLES;
DROP TABLE IF EXISTS `guide_titles`;
/*!40101 SET @saved_cs_client     = @@character_set_client */;
/*!40101 SET character_set_client = utf8 */;
CREATE TABLE `guide_titles` (
  `id` int(10) unsigned NOT NULL AUTO_INCREMENT,
  `name` varchar(255) COLLATE utf8mb4_unicode_ci NOT NULL,
  `parent_id` int(11) DEFAULT NULL,
  `duration` decimal(8,2) DEFAULT NULL,
  `duration_type` varchar(15) COLLATE utf8mb4_unicode_ci DEFAULT NULL,
  `created_at` timestamp NULL DEFAULT NULL,
  `updated_at` timestamp NULL DEFAULT NULL,
  `deleted_at` timestamp NULL DEFAULT NULL,
  PRIMARY KEY (`id`)
) ENGINE=InnoDB AUTO_INCREMENT=5 DEFAULT CHARSET=utf8mb4 COLLATE=utf8mb4_unicode_ci;
/*!40101 SET character_set_client = @saved_cs_client */;

LOCK TABLES `guide_titles` WRITE;
/*!40000 ALTER TABLE `guide_titles` DISABLE KEYS */;
INSERT INTO `guide_titles` VALUES (1,'English speaking guide',NULL,NULL,NULL,'2017-07-03 10:28:26','2017-07-03 10:28:26',NULL),(2,'Full Day Dubai City Tour Updated',1,2.00,'days','2017-07-03 10:45:47','2017-07-03 11:17:35',NULL),(3,'Hald Day Dubai City Tour',1,6.00,'hrs','2017-07-03 11:14:10','2017-07-03 11:14:10',NULL),(4,'Native Chine Speaking Guide',NULL,NULL,NULL,'2017-07-03 11:19:28','2017-07-03 11:19:28',NULL);
/*!40000 ALTER TABLE `guide_titles` ENABLE KEYS */;
UNLOCK TABLES;
DROP TABLE IF EXISTS `images`;
/*!40101 SET @saved_cs_client     = @@character_set_client */;
/*!40101 SET character_set_client = utf8 */;
CREATE TABLE `images` (
  `id` int(10) unsigned NOT NULL AUTO_INCREMENT,
  `path` varchar(255) COLLATE utf8mb4_unicode_ci NOT NULL,
  `imageable_id` int(11) NOT NULL,
  `imageable_type` varchar(255) COLLATE utf8mb4_unicode_ci NOT NULL,
  PRIMARY KEY (`id`)
) ENGINE=InnoDB DEFAULT CHARSET=utf8mb4 COLLATE=utf8mb4_unicode_ci;
/*!40101 SET character_set_client = @saved_cs_client */;

LOCK TABLES `images` WRITE;
/*!40000 ALTER TABLE `images` DISABLE KEYS */;
/*!40000 ALTER TABLE `images` ENABLE KEYS */;
UNLOCK TABLES;
DROP TABLE IF EXISTS `invoice_settings`;
/*!40101 SET @saved_cs_client     = @@character_set_client */;
/*!40101 SET character_set_client = utf8 */;
CREATE TABLE `invoice_settings` (
  `id` int(10) unsigned NOT NULL AUTO_INCREMENT,
  `operating_country_id` int(11) NOT NULL,
  `selling_country_ids` varchar(1500) COLLATE utf8mb4_unicode_ci NOT NULL,
  `taxes_country_id` int(11) NOT NULL,
  `currency` varchar(5) COLLATE utf8mb4_unicode_ci NOT NULL,
  `service_invoice_settings` text COLLATE utf8mb4_unicode_ci NOT NULL,
  `created_at` timestamp NULL DEFAULT NULL,
  `updated_at` timestamp NULL DEFAULT NULL,
  `deleted_at` timestamp NULL DEFAULT NULL,
  PRIMARY KEY (`id`),
  KEY `invoice_settings_operating_country_id_index` (`operating_country_id`)
) ENGINE=InnoDB AUTO_INCREMENT=4 DEFAULT CHARSET=utf8mb4 COLLATE=utf8mb4_unicode_ci;
/*!40101 SET character_set_client = @saved_cs_client */;

LOCK TABLES `invoice_settings` WRITE;
/*!40000 ALTER TABLE `invoice_settings` DISABLE KEYS */;
INSERT INTO `invoice_settings` VALUES (3,8,'[104]',104,'INR','[{\"service_id\":18,\"settings\":{\"dmc_details\":{\"logo_url\":null,\"contact_number\":\"32323232\",\"email\":\"chagam@gmail.com\",\"address\":\"Himayath nagar, Hyderabd-500029\",\"bank_account_ids\":[3]},\"gross_total\":{\"markup\":\"yes\",\"is_markup_added_to_product_cost\":false,\"tax\":\"on-markup\",\"is_tax_added_to_product_cost\":false,\"remittance\":\"no\"},\"invoice_notes\":\"<ol><li>Point 1<\\/li><li>Point 2<\\/li><li>Point 3<\\/li><li>Point n<\\/li><\\/ol>\"}},{\"service_id\":22,\"settings\":{\"dmc_details\":{\"logo_url\":null,\"contact_number\":\"32323232\",\"email\":\"chagam@gmail.com\",\"address\":\"Himayath nagar, Hyderabd-500029\",\"bank_account_ids\":[3]},\"gross_total\":{\"markup\":\"yes\",\"is_markup_added_to_product_cost\":false,\"tax\":\"on-markup\",\"is_tax_added_to_product_cost\":false,\"remittance\":\"no\"},\"invoice_notes\":\"<ol><li>Point 1<\\/li><li>Point 2<\\/li><li>Visa points 2<\\/li><li>Point n<\\/li><\\/ol>\"}}]','2017-12-08 14:49:05','2017-12-08 15:07:14',NULL);
/*!40000 ALTER TABLE `invoice_settings` ENABLE KEYS */;
UNLOCK TABLES;
DROP TABLE IF EXISTS `markets`;
/*!40101 SET @saved_cs_client     = @@character_set_client */;
/*!40101 SET character_set_client = utf8 */;
CREATE TABLE `markets` (
  `id` int(10) unsigned NOT NULL AUTO_INCREMENT,
  `name` varchar(255) COLLATE utf8mb4_unicode_ci NOT NULL,
  `slug` varchar(255) COLLATE utf8mb4_unicode_ci NOT NULL,
  `code` varchar(255) COLLATE utf8mb4_unicode_ci NOT NULL,
  PRIMARY KEY (`id`)
) ENGINE=InnoDB DEFAULT CHARSET=utf8mb4 COLLATE=utf8mb4_unicode_ci;
/*!40101 SET character_set_client = @saved_cs_client */;

LOCK TABLES `markets` WRITE;
/*!40000 ALTER TABLE `markets` DISABLE KEYS */;
/*!40000 ALTER TABLE `markets` ENABLE KEYS */;
UNLOCK TABLES;
DROP TABLE IF EXISTS `meal_categories`;
/*!40101 SET @saved_cs_client     = @@character_set_client */;
/*!40101 SET character_set_client = utf8 */;
CREATE TABLE `meal_categories` (
  `id` int(10) unsigned NOT NULL AUTO_INCREMENT,
  `name` varchar(255) COLLATE utf8mb4_unicode_ci NOT NULL,
  `country_id` int(11) NOT NULL,
  PRIMARY KEY (`id`)
) ENGINE=InnoDB AUTO_INCREMENT=4 DEFAULT CHARSET=utf8mb4 COLLATE=utf8mb4_unicode_ci;
/*!40101 SET character_set_client = @saved_cs_client */;

LOCK TABLES `meal_categories` WRITE;
/*!40000 ALTER TABLE `meal_categories` DISABLE KEYS */;
INSERT INTO `meal_categories` VALUES (1,'Standard',8),(2,'Prmium',8),(3,'Luxury',8);
/*!40000 ALTER TABLE `meal_categories` ENABLE KEYS */;
UNLOCK TABLES;
DROP TABLE IF EXISTS `meal_child_ages`;
/*!40101 SET @saved_cs_client     = @@character_set_client */;
/*!40101 SET character_set_client = utf8 */;
CREATE TABLE `meal_child_ages` (
  `id` int(10) unsigned NOT NULL AUTO_INCREMENT,
  `country_id` int(11) NOT NULL,
  `min_age` smallint(6) NOT NULL,
  `max_age` smallint(6) NOT NULL,
  `description` varchar(255) COLLATE utf8mb4_unicode_ci DEFAULT NULL,
  PRIMARY KEY (`id`)
) ENGINE=InnoDB AUTO_INCREMENT=4 DEFAULT CHARSET=utf8mb4 COLLATE=utf8mb4_unicode_ci;
/*!40101 SET character_set_client = @saved_cs_client */;

LOCK TABLES `meal_child_ages` WRITE;
/*!40000 ALTER TABLE `meal_child_ages` DISABLE KEYS */;
INSERT INTO `meal_child_ages` VALUES (1,8,1,3,'this is description updated'),(3,104,5,7,'description');
/*!40000 ALTER TABLE `meal_child_ages` ENABLE KEYS */;
UNLOCK TABLES;
DROP TABLE IF EXISTS `meal_plans`;
/*!40101 SET @saved_cs_client     = @@character_set_client */;
/*!40101 SET character_set_client = utf8 */;
CREATE TABLE `meal_plans` (
  `id` int(10) unsigned NOT NULL AUTO_INCREMENT,
  `country_id` int(11) NOT NULL,
  `name` varchar(255) COLLATE utf8mb4_unicode_ci NOT NULL,
  PRIMARY KEY (`id`)
) ENGINE=InnoDB AUTO_INCREMENT=10 DEFAULT CHARSET=utf8mb4 COLLATE=utf8mb4_unicode_ci;
/*!40101 SET character_set_client = @saved_cs_client */;

LOCK TABLES `meal_plans` WRITE;
/*!40000 ALTER TABLE `meal_plans` DISABLE KEYS */;
INSERT INTO `meal_plans` VALUES (1,8,'Break fast'),(2,8,'Lunch'),(4,104,'Brunch'),(5,104,'Lunch'),(9,8,'Full menu');
/*!40000 ALTER TABLE `meal_plans` ENABLE KEYS */;
UNLOCK TABLES;
DROP TABLE IF EXISTS `meal_preferences`;
/*!40101 SET @saved_cs_client     = @@character_set_client */;
/*!40101 SET character_set_client = utf8 */;
CREATE TABLE `meal_preferences` (
  `id` int(10) unsigned NOT NULL AUTO_INCREMENT,
  `name` varchar(255) COLLATE utf8mb4_unicode_ci NOT NULL,
  PRIMARY KEY (`id`)
) ENGINE=InnoDB AUTO_INCREMENT=4 DEFAULT CHARSET=utf8mb4 COLLATE=utf8mb4_unicode_ci;
/*!40101 SET character_set_client = @saved_cs_client */;

LOCK TABLES `meal_preferences` WRITE;
/*!40000 ALTER TABLE `meal_preferences` DISABLE KEYS */;
INSERT INTO `meal_preferences` VALUES (1,'Veg'),(2,'Non-Veg'),(3,'Jain Veg');
/*!40000 ALTER TABLE `meal_preferences` ENABLE KEYS */;
UNLOCK TABLES;
DROP TABLE IF EXISTS `meal_types`;
/*!40101 SET @saved_cs_client     = @@character_set_client */;
/*!40101 SET character_set_client = utf8 */;
CREATE TABLE `meal_types` (
  `id` int(10) unsigned NOT NULL AUTO_INCREMENT,
  `country_id` int(11) NOT NULL,
  `name` varchar(255) COLLATE utf8mb4_unicode_ci NOT NULL,
  `is_menu_item_wise` smallint(6) NOT NULL DEFAULT '0',
  PRIMARY KEY (`id`)
) ENGINE=InnoDB AUTO_INCREMENT=7 DEFAULT CHARSET=utf8mb4 COLLATE=utf8mb4_unicode_ci;
/*!40101 SET character_set_client = @saved_cs_client */;

LOCK TABLES `meal_types` WRITE;
/*!40000 ALTER TABLE `meal_types` DISABLE KEYS */;
INSERT INTO `meal_types` VALUES (1,8,'Buffay',0),(3,104,'Full meals U',0),(4,104,'Buffet',0),(5,104,'Ala-carte',0),(6,8,'Al-carte',1);
/*!40000 ALTER TABLE `meal_types` ENABLE KEYS */;
UNLOCK TABLES;
DROP TABLE IF EXISTS `meal_vendor_plan_menu_item_details`;
/*!40101 SET @saved_cs_client     = @@character_set_client */;
/*!40101 SET character_set_client = utf8 */;
CREATE TABLE `meal_vendor_plan_menu_item_details` (
  `id` int(10) unsigned NOT NULL AUTO_INCREMENT,
  `meal_vendor_plan_id` int(11) NOT NULL,
  `name` varchar(255) COLLATE utf8mb4_unicode_ci NOT NULL,
  `code` varchar(50) COLLATE utf8mb4_unicode_ci NOT NULL,
  `quantity` varchar(100) COLLATE utf8mb4_unicode_ci NOT NULL,
  `price` decimal(7,2) NOT NULL,
  `description` text COLLATE utf8mb4_unicode_ci,
  `inclusions` text COLLATE utf8mb4_unicode_ci,
  `exclusions` text COLLATE utf8mb4_unicode_ci,
  `remarks` text COLLATE utf8mb4_unicode_ci,
  `gallery` text COLLATE utf8mb4_unicode_ci,
  PRIMARY KEY (`id`)
) ENGINE=InnoDB AUTO_INCREMENT=2 DEFAULT CHARSET=utf8mb4 COLLATE=utf8mb4_unicode_ci;
/*!40101 SET character_set_client = @saved_cs_client */;

LOCK TABLES `meal_vendor_plan_menu_item_details` WRITE;
/*!40000 ALTER TABLE `meal_vendor_plan_menu_item_details` DISABLE KEYS */;
INSERT INTO `meal_vendor_plan_menu_item_details` VALUES (1,3,'ITem name','CODE','10 persons can eat',20.00,'<p>Description</p>','<p>inclusions</p>','<p>Exclusions</p>','<p>Remarks descritpion</p>',NULL);
/*!40000 ALTER TABLE `meal_vendor_plan_menu_item_details` ENABLE KEYS */;
UNLOCK TABLES;
DROP TABLE IF EXISTS `meal_vendor_plan_pricings`;
/*!40101 SET @saved_cs_client     = @@character_set_client */;
/*!40101 SET character_set_client = utf8 */;
CREATE TABLE `meal_vendor_plan_pricings` (
  `id` int(10) unsigned NOT NULL AUTO_INCREMENT,
  `meal_vendor_plan_id` int(11) NOT NULL,
  `date` date NOT NULL,
  `time_slots_with_pricing_details` text COLLATE utf8mb4_unicode_ci NOT NULL,
  `is_available` tinyint(1) NOT NULL DEFAULT '1',
  `is_on_request` tinyint(1) NOT NULL DEFAULT '0',
  PRIMARY KEY (`id`),
  KEY `meal_vendor_plan_pricings_meal_vendor_plan_id_index` (`meal_vendor_plan_id`),
  KEY `meal_vendor_plan_pricings_date_index` (`date`),
  KEY `meal_vendor_plan_pricings_meal_vendor_plan_id_date_index` (`meal_vendor_plan_id`,`date`)
) ENGINE=InnoDB AUTO_INCREMENT=61 DEFAULT CHARSET=utf8mb4 COLLATE=utf8mb4_unicode_ci;
/*!40101 SET character_set_client = @saved_cs_client */;

LOCK TABLES `meal_vendor_plan_pricings` WRITE;
/*!40000 ALTER TABLE `meal_vendor_plan_pricings` DISABLE KEYS */;
INSERT INTO `meal_vendor_plan_pricings` VALUES (1,1,'2017-06-01','[{\"start_time\":\"00:30\",\"end_time\":\"01:00\",\"allocation\":\"20\",\"is_available\":true,\"is_on_request\":false,\"adult_price\":\"10\",\"child_price\":\"10\",\"infant_price\":\"10\"}]',1,0),(2,1,'2017-06-02','[{\"start_time\":\"07:00\",\"end_time\":\"08:30\",\"allocation\":\"30\",\"is_available\":true,\"is_on_request\":false,\"adult_price\":\"20\",\"child_price\":\"10\",\"infant_price\":\"0\"}]',1,0),(3,1,'2017-06-03','[{\"start_time\":\"00:30\",\"end_time\":\"01:00\",\"allocation\":\"30\",\"is_available\":true,\"is_on_request\":false,\"adult_price\":\"10\",\"child_price\":\"10\",\"infant_price\":\"10\"}]',1,0),(4,1,'2017-06-04','[{\"start_time\":\"07:00\",\"end_time\":\"09:30\",\"allocation\":\"20\",\"is_available\":true,\"is_on_request\":false,\"adult_price\":\"30\",\"child_price\":\"10\",\"infant_price\":\"5\"}]',1,1),(5,1,'2017-06-05','[{\"start_time\":\"00:30\",\"end_time\":\"01:00\",\"allocation\":\"20\",\"is_available\":true,\"is_on_request\":false,\"adult_price\":\"10\",\"child_price\":\"10\",\"infant_price\":\"10\"}]',1,0),(6,1,'2017-06-06','[{\"start_time\":\"00:30\",\"end_time\":\"01:00\",\"allocation\":\"20\",\"is_available\":true,\"is_on_request\":false,\"adult_price\":\"10\",\"child_price\":\"10\",\"infant_price\":\"10\"}]',1,0),(7,1,'2017-06-07','[{\"start_time\":\"00:30\",\"end_time\":\"01:00\",\"allocation\":\"20\",\"is_available\":true,\"is_on_request\":false,\"adult_price\":\"10\",\"child_price\":\"10\",\"infant_price\":\"10\"}]',1,0),(8,1,'2017-06-08','[{\"start_time\":\"00:30\",\"end_time\":\"01:00\",\"allocation\":\"20\",\"is_available\":true,\"is_on_request\":false,\"adult_price\":\"10\",\"child_price\":\"10\",\"infant_price\":\"10\"}]',1,0),(9,1,'2017-06-09','[{\"start_time\":\"07:00\",\"end_time\":\"08:30\",\"allocation\":\"30\",\"is_available\":true,\"is_on_request\":false,\"adult_price\":\"20\",\"child_price\":\"10\",\"infant_price\":\"0\"}]',1,0),(10,1,'2017-06-10','[{\"start_time\":\"00:30\",\"end_time\":\"01:00\",\"allocation\":\"30\",\"is_available\":true,\"is_on_request\":false,\"adult_price\":\"10\",\"child_price\":\"10\",\"infant_price\":\"10\"}]',1,0),(11,1,'2017-06-11','[{\"start_time\":\"07:00\",\"end_time\":\"09:30\",\"allocation\":\"20\",\"is_available\":true,\"is_on_request\":false,\"adult_price\":\"30\",\"child_price\":\"10\",\"infant_price\":\"5\"}]',1,1),(12,1,'2017-06-12','[{\"start_time\":\"00:30\",\"end_time\":\"01:00\",\"allocation\":\"20\",\"is_available\":true,\"is_on_request\":false,\"adult_price\":\"10\",\"child_price\":\"10\",\"infant_price\":\"10\"}]',1,0),(13,1,'2017-06-13','[{\"start_time\":\"00:30\",\"end_time\":\"01:00\",\"allocation\":\"20\",\"is_available\":true,\"is_on_request\":false,\"adult_price\":\"10\",\"child_price\":\"10\",\"infant_price\":\"10\"}]',1,0),(14,1,'2017-06-14','[{\"start_time\":\"00:30\",\"end_time\":\"01:00\",\"allocation\":\"20\",\"is_available\":true,\"is_on_request\":false,\"adult_price\":\"10\",\"child_price\":\"10\",\"infant_price\":\"10\"}]',1,0),(15,1,'2017-06-15','[{\"start_time\":\"00:30\",\"end_time\":\"01:00\",\"allocation\":\"20\",\"is_available\":true,\"is_on_request\":false,\"adult_price\":\"10\",\"child_price\":\"10\",\"infant_price\":\"10\"}]',1,0),(16,1,'2017-06-16','[{\"start_time\":\"07:00\",\"end_time\":\"08:30\",\"allocation\":\"30\",\"is_available\":true,\"is_on_request\":false,\"adult_price\":\"20\",\"child_price\":\"10\",\"infant_price\":\"0\"}]',1,0),(17,1,'2017-06-17','[{\"start_time\":\"00:30\",\"end_time\":\"01:00\",\"allocation\":\"30\",\"is_available\":true,\"is_on_request\":false,\"adult_price\":\"10\",\"child_price\":\"10\",\"infant_price\":\"10\"}]',1,0),(18,1,'2017-06-18','[{\"start_time\":\"07:00\",\"end_time\":\"09:30\",\"allocation\":\"20\",\"is_available\":true,\"is_on_request\":false,\"adult_price\":\"30\",\"child_price\":\"10\",\"infant_price\":\"5\"}]',1,1),(19,1,'2017-06-19','[{\"start_time\":\"00:30\",\"end_time\":\"01:00\",\"allocation\":\"20\",\"is_available\":true,\"is_on_request\":false,\"adult_price\":\"10\",\"child_price\":\"10\",\"infant_price\":\"10\"}]',1,0),(20,1,'2017-06-20','[{\"start_time\":\"00:30\",\"end_time\":\"01:00\",\"allocation\":\"20\",\"is_available\":true,\"is_on_request\":false,\"adult_price\":\"10\",\"child_price\":\"10\",\"infant_price\":\"10\"}]',1,0),(21,1,'2017-06-21','[{\"start_time\":\"00:30\",\"end_time\":\"01:00\",\"allocation\":\"20\",\"is_available\":true,\"is_on_request\":false,\"adult_price\":\"10\",\"child_price\":\"10\",\"infant_price\":\"10\"}]',1,0),(22,1,'2017-06-22','[{\"start_time\":\"00:30\",\"end_time\":\"01:00\",\"allocation\":\"20\",\"is_available\":true,\"is_on_request\":false,\"adult_price\":\"10\",\"child_price\":\"10\",\"infant_price\":\"10\"}]',1,0),(23,1,'2017-06-23','[{\"start_time\":\"07:00\",\"end_time\":\"08:30\",\"allocation\":\"30\",\"is_available\":true,\"is_on_request\":false,\"adult_price\":\"20\",\"child_price\":\"10\",\"infant_price\":\"0\"}]',1,0),(24,1,'2017-06-24','[{\"start_time\":\"00:30\",\"end_time\":\"01:00\",\"allocation\":\"30\",\"is_available\":true,\"is_on_request\":false,\"adult_price\":\"10\",\"child_price\":\"10\",\"infant_price\":\"10\"}]',1,0),(25,1,'2017-06-25','[{\"start_time\":\"07:00\",\"end_time\":\"09:30\",\"allocation\":\"20\",\"is_available\":true,\"is_on_request\":false,\"adult_price\":\"30\",\"child_price\":\"10\",\"infant_price\":\"5\"}]',1,1),(26,1,'2017-06-26','[{\"start_time\":\"00:30\",\"end_time\":\"01:00\",\"allocation\":\"20\",\"is_available\":true,\"is_on_request\":false,\"adult_price\":\"10\",\"child_price\":\"10\",\"infant_price\":\"10\"}]',1,0),(27,1,'2017-06-27','[{\"start_time\":\"00:30\",\"end_time\":\"01:00\",\"allocation\":\"20\",\"is_available\":true,\"is_on_request\":false,\"adult_price\":\"10\",\"child_price\":\"10\",\"infant_price\":\"10\"}]',1,0),(28,1,'2017-06-28','[{\"start_time\":\"00:30\",\"end_time\":\"01:00\",\"allocation\":\"20\",\"is_available\":true,\"is_on_request\":false,\"adult_price\":\"10\",\"child_price\":\"10\",\"infant_price\":\"10\"}]',1,0),(29,1,'2017-06-29','[{\"start_time\":\"00:30\",\"end_time\":\"01:00\",\"allocation\":\"20\",\"is_available\":true,\"is_on_request\":false,\"adult_price\":\"10\",\"child_price\":\"10\",\"infant_price\":\"10\"}]',1,0),(30,1,'2017-06-30','[{\"start_time\":\"07:00\",\"end_time\":\"08:30\",\"allocation\":\"30\",\"is_available\":true,\"is_on_request\":false,\"adult_price\":\"20\",\"child_price\":\"10\",\"infant_price\":\"0\"}]',1,0),(31,3,'2017-06-01','[{\"start_time\":\"07:30\",\"end_time\":\"21:00\",\"allocation\":null,\"is_available\":true,\"is_on_request\":true,\"adult_price\":null,\"child_price\":null,\"infant_price\":null}]',1,0),(32,3,'2017-06-02','[{\"start_time\":\"07:30\",\"end_time\":\"21:00\",\"allocation\":null,\"is_available\":true,\"is_on_request\":true,\"adult_price\":null,\"child_price\":null,\"infant_price\":null}]',1,0),(33,3,'2017-06-03','[{\"start_time\":\"07:30\",\"end_time\":\"21:00\",\"allocation\":null,\"is_available\":true,\"is_on_request\":true,\"adult_price\":null,\"child_price\":null,\"infant_price\":null}]',1,0),(34,3,'2017-06-04','[{\"start_time\":\"07:30\",\"end_time\":\"21:00\",\"allocation\":null,\"is_available\":true,\"is_on_request\":true,\"adult_price\":null,\"child_price\":null,\"infant_price\":null},{\"start_time\":\"06:30\",\"end_time\":\"07:30\",\"is_available\":true}]',1,0),(35,3,'2017-06-05','[{\"start_time\":\"07:30\",\"end_time\":\"21:00\",\"allocation\":null,\"is_available\":true,\"is_on_request\":true,\"adult_price\":null,\"child_price\":null,\"infant_price\":null}]',1,0),(36,3,'2017-06-06','[{\"start_time\":\"07:30\",\"end_time\":\"21:00\",\"allocation\":null,\"is_available\":true,\"is_on_request\":true,\"adult_price\":null,\"child_price\":null,\"infant_price\":null}]',1,0),(37,3,'2017-06-07','[{\"start_time\":\"07:30\",\"end_time\":\"21:00\",\"allocation\":null,\"is_available\":true,\"is_on_request\":true,\"adult_price\":null,\"child_price\":null,\"infant_price\":null}]',1,0),(38,3,'2017-06-08','[{\"start_time\":\"07:30\",\"end_time\":\"21:00\",\"allocation\":null,\"is_available\":true,\"is_on_request\":true,\"adult_price\":null,\"child_price\":null,\"infant_price\":null}]',1,0),(39,3,'2017-06-09','[{\"start_time\":\"07:30\",\"end_time\":\"21:00\",\"allocation\":null,\"is_available\":true,\"is_on_request\":true,\"adult_price\":null,\"child_price\":null,\"infant_price\":null}]',1,0),(40,3,'2017-06-10','[{\"start_time\":\"07:30\",\"end_time\":\"21:00\",\"allocation\":null,\"is_available\":true,\"is_on_request\":true,\"adult_price\":null,\"child_price\":null,\"infant_price\":null}]',1,0),(41,3,'2017-06-11','[{\"start_time\":\"07:30\",\"end_time\":\"21:00\",\"allocation\":null,\"is_available\":true,\"is_on_request\":true,\"adult_price\":null,\"child_price\":null,\"infant_price\":null},{\"start_time\":\"06:30\",\"end_time\":\"07:30\",\"is_available\":true}]',1,0),(42,3,'2017-06-12','[{\"start_time\":\"07:30\",\"end_time\":\"21:00\",\"allocation\":null,\"is_available\":true,\"is_on_request\":true,\"adult_price\":null,\"child_price\":null,\"infant_price\":null}]',1,0),(43,3,'2017-06-13','[{\"start_time\":\"07:30\",\"end_time\":\"21:00\",\"allocation\":null,\"is_available\":true,\"is_on_request\":true,\"adult_price\":null,\"child_price\":null,\"infant_price\":null}]',1,0),(44,3,'2017-06-14','[{\"start_time\":\"07:30\",\"end_time\":\"21:00\",\"allocation\":null,\"is_available\":true,\"is_on_request\":true,\"adult_price\":null,\"child_price\":null,\"infant_price\":null}]',1,0),(45,3,'2017-06-15','[{\"start_time\":\"07:30\",\"end_time\":\"21:00\",\"allocation\":null,\"is_available\":true,\"is_on_request\":true,\"adult_price\":null,\"child_price\":null,\"infant_price\":null}]',1,0),(46,3,'2017-06-16','[{\"start_time\":\"07:30\",\"end_time\":\"21:00\",\"allocation\":null,\"is_available\":true,\"is_on_request\":true,\"adult_price\":null,\"child_price\":null,\"infant_price\":null}]',1,0),(47,3,'2017-06-17','[{\"start_time\":\"07:30\",\"end_time\":\"21:00\",\"allocation\":null,\"is_available\":true,\"is_on_request\":true,\"adult_price\":null,\"child_price\":null,\"infant_price\":null}]',1,0),(48,3,'2017-06-18','[{\"start_time\":\"07:30\",\"end_time\":\"21:00\",\"allocation\":null,\"is_available\":true,\"is_on_request\":true,\"adult_price\":null,\"child_price\":null,\"infant_price\":null},{\"start_time\":\"06:30\",\"end_time\":\"07:30\",\"is_available\":true}]',1,0),(49,3,'2017-06-19','[{\"start_time\":\"07:30\",\"end_time\":\"21:00\",\"allocation\":null,\"is_available\":true,\"is_on_request\":true,\"adult_price\":null,\"child_price\":null,\"infant_price\":null}]',1,0),(50,3,'2017-06-20','[{\"start_time\":\"07:30\",\"end_time\":\"21:00\",\"allocation\":null,\"is_available\":true,\"is_on_request\":true,\"adult_price\":null,\"child_price\":null,\"infant_price\":null}]',1,0),(51,3,'2017-06-21','[{\"start_time\":\"07:30\",\"end_time\":\"21:00\",\"allocation\":null,\"is_available\":true,\"is_on_request\":true,\"adult_price\":null,\"child_price\":null,\"infant_price\":null}]',1,0),(52,3,'2017-06-22','[{\"start_time\":\"07:30\",\"end_time\":\"21:00\",\"allocation\":null,\"is_available\":true,\"is_on_request\":true,\"adult_price\":null,\"child_price\":null,\"infant_price\":null}]',1,0),(53,3,'2017-06-23','[{\"start_time\":\"07:30\",\"end_time\":\"21:00\",\"allocation\":null,\"is_available\":true,\"is_on_request\":true,\"adult_price\":null,\"child_price\":null,\"infant_price\":null}]',1,0),(54,3,'2017-06-24','[{\"start_time\":\"07:30\",\"end_time\":\"21:00\",\"allocation\":null,\"is_available\":true,\"is_on_request\":true,\"adult_price\":null,\"child_price\":null,\"infant_price\":null}]',1,0),(55,3,'2017-06-25','[{\"start_time\":\"07:30\",\"end_time\":\"21:00\",\"allocation\":null,\"is_available\":true,\"is_on_request\":true,\"adult_price\":null,\"child_price\":null,\"infant_price\":null},{\"start_time\":\"06:30\",\"end_time\":\"07:30\",\"is_available\":true}]',1,0),(56,3,'2017-06-26','[{\"start_time\":\"07:30\",\"end_time\":\"21:00\",\"allocation\":null,\"is_available\":true,\"is_on_request\":true,\"adult_price\":null,\"child_price\":null,\"infant_price\":null}]',1,0),(57,3,'2017-06-27','[{\"start_time\":\"07:30\",\"end_time\":\"21:00\",\"allocation\":null,\"is_available\":true,\"is_on_request\":true,\"adult_price\":null,\"child_price\":null,\"infant_price\":null}]',1,0),(58,3,'2017-06-28','[{\"start_time\":\"07:30\",\"end_time\":\"21:00\",\"allocation\":null,\"is_available\":true,\"is_on_request\":true,\"adult_price\":null,\"child_price\":null,\"infant_price\":null}]',1,0),(59,3,'2017-06-29','[{\"start_time\":\"07:30\",\"end_time\":\"21:00\",\"allocation\":null,\"is_available\":true,\"is_on_request\":true,\"adult_price\":null,\"child_price\":null,\"infant_price\":null}]',1,0),(60,3,'2017-06-30','[{\"start_time\":\"07:30\",\"end_time\":\"21:00\",\"allocation\":null,\"is_available\":true,\"is_on_request\":true,\"adult_price\":null,\"child_price\":null,\"infant_price\":null}]',1,0);
/*!40000 ALTER TABLE `meal_vendor_plan_pricings` ENABLE KEYS */;
UNLOCK TABLES;
DROP TABLE IF EXISTS `meal_vendor_plans`;
/*!40101 SET @saved_cs_client     = @@character_set_client */;
/*!40101 SET character_set_client = utf8 */;
CREATE TABLE `meal_vendor_plans` (
  `id` int(10) unsigned NOT NULL AUTO_INCREMENT,
  `meal_vendor_id` int(11) NOT NULL,
  `code` varchar(100) COLLATE utf8mb4_unicode_ci NOT NULL,
  `meal_plan_id` int(11) NOT NULL,
  `cuisine_id` int(11) NOT NULL,
  `meal_preference_id` int(11) NOT NULL,
  `meal_type_id` int(11) NOT NULL,
  `description` text COLLATE utf8mb4_unicode_ci,
  `menu_details` text COLLATE utf8mb4_unicode_ci,
  `inclusions` text COLLATE utf8mb4_unicode_ci,
  `exclusions` text COLLATE utf8mb4_unicode_ci,
  `terms_and_conditions` text COLLATE utf8mb4_unicode_ci,
  `cancellation_policies` text COLLATE utf8mb4_unicode_ci,
  `remarks` text COLLATE utf8mb4_unicode_ci,
  `gallery` text COLLATE utf8mb4_unicode_ci,
  `menu_with_pricing` text COLLATE utf8mb4_unicode_ci,
  PRIMARY KEY (`id`),
  KEY `meal_vendor_plans_meal_vendor_id_index` (`meal_vendor_id`),
  KEY `meal_vendor_plans_meal_plan_id_index` (`meal_plan_id`),
  KEY `meal_vendor_plans_cuisine_id_index` (`cuisine_id`),
  KEY `meal_vendor_plans_meal_preference_id_index` (`meal_preference_id`),
  KEY `meal_vendor_plans_meal_type_id_index` (`meal_type_id`)
) ENGINE=InnoDB AUTO_INCREMENT=4 DEFAULT CHARSET=utf8mb4 COLLATE=utf8mb4_unicode_ci;
/*!40101 SET character_set_client = @saved_cs_client */;

LOCK TABLES `meal_vendor_plans` WRITE;
/*!40000 ALTER TABLE `meal_vendor_plans` DISABLE KEYS */;
INSERT INTO `meal_vendor_plans` VALUES (1,6,'INDIAN_VEG-BF',1,1,1,1,'<p>thisi is description</p>','<p>menu details</p>','<p>inclusions&nbsp;</p>','<p>exclusions</p>','<p>polcies</p>','<p>polcies</p>','<p>remarks</p>',NULL,NULL),(3,6,'ITEM-WISE-MENU',1,1,1,6,NULL,NULL,NULL,NULL,NULL,NULL,NULL,NULL,NULL);
/*!40000 ALTER TABLE `meal_vendor_plans` ENABLE KEYS */;
UNLOCK TABLES;
DROP TABLE IF EXISTS `meal_vendors`;
/*!40101 SET @saved_cs_client     = @@character_set_client */;
/*!40101 SET character_set_client = utf8 */;
CREATE TABLE `meal_vendors` (
  `id` int(10) unsigned NOT NULL AUTO_INCREMENT,
  `vendor_id` int(11) NOT NULL,
  `category_id` int(11) NOT NULL,
  `meal_plan_ids` varchar(100) COLLATE utf8mb4_unicode_ci NOT NULL DEFAULT '',
  PRIMARY KEY (`id`),
  KEY `meal_vendors_vendor_id_index` (`vendor_id`)
) ENGINE=InnoDB AUTO_INCREMENT=7 DEFAULT CHARSET=utf8mb4 COLLATE=utf8mb4_unicode_ci;
/*!40101 SET character_set_client = @saved_cs_client */;

LOCK TABLES `meal_vendors` WRITE;
/*!40000 ALTER TABLE `meal_vendors` DISABLE KEYS */;
INSERT INTO `meal_vendors` VALUES (6,1,2,'[1,2]');
/*!40000 ALTER TABLE `meal_vendors` ENABLE KEYS */;
UNLOCK TABLES;
DROP TABLE IF EXISTS `migrations`;
/*!40101 SET @saved_cs_client     = @@character_set_client */;
/*!40101 SET character_set_client = utf8 */;
CREATE TABLE `migrations` (
  `id` int(10) unsigned NOT NULL AUTO_INCREMENT,
  `migration` varchar(255) COLLATE utf8mb4_unicode_ci NOT NULL,
  `batch` int(11) NOT NULL,
  PRIMARY KEY (`id`)
) ENGINE=InnoDB AUTO_INCREMENT=542 DEFAULT CHARSET=utf8mb4 COLLATE=utf8mb4_unicode_ci;
/*!40101 SET character_set_client = @saved_cs_client */;

LOCK TABLES `migrations` WRITE;
/*!40000 ALTER TABLE `migrations` DISABLE KEYS */;
INSERT INTO `migrations` VALUES (219,'2014_10_12_000000_create_users_table',1),(220,'2014_10_12_100000_create_password_resets_table',1),(221,'2016_06_01_000001_create_oauth_auth_codes_table',1),(222,'2016_06_01_000002_create_oauth_access_tokens_table',1),(223,'2016_06_01_000003_create_oauth_refresh_tokens_table',1),(224,'2016_06_01_000004_create_oauth_clients_table',1),(225,'2016_06_01_000005_create_oauth_personal_access_clients_table',1),(226,'2017_02_13_091154_create_resources_table',1),(227,'2017_02_13_091823_create_permissions_table',1),(228,'2017_02_13_091920_create_roles_table',1),(229,'2017_02_18_060429_create_currencies_table',1),(230,'2017_02_18_061414_create_dmcs_table',1),(231,'2017_02_20_130157_create_countries_table',1),(232,'2017_02_22_095858_create_regions_table',1),(233,'2017_02_22_095909_create_cities_table',1),(234,'2017_02_22_095930_create_areas_table',1),(235,'2017_02_24_063135_create_markets_table',1),(236,'2017_02_27_044319_assign_market_to_country',1),(237,'2017_03_01_041852_add_selected_currency_column_to_countries',1),(238,'2017_03_02_092420_create_bank_accounts_table',1),(239,'2017_03_04_061917_create_teams_table',1),(240,'2017_03_04_100317_create_taxes_table',1),(241,'2017_03_10_054401_create_visa_types_table',1),(242,'2017_03_16_062903_add_serving_countries_coulmn_to_countries_table',1),(243,'2017_03_16_114945_create_visas_table',1),(244,'2017_03_16_135619_create_country_visa_pivot',1),(245,'2017_03_18_072321_create_country_default_currencies_table',1),(246,'2017_03_22_075854_create_visa_pricings_table',1),(247,'2017_03_22_131923_create_visa_child_ages_table',1),(248,'2017_03_24_085416_create_vendor_services_table',1),(249,'2017_03_24_094837_create_country_wise_service_taxes_table',1),(250,'2017_03_28_015145_create_vendors_table',1),(251,'2017_03_28_170841_create_visa_allotments_table',1),(252,'2017_03_29_073550_create_visa_details_table',1),(253,'2017_03_29_153257_create_vehicle_classes_table',1),(254,'2017_03_29_153449_create_vehicle_brands_table',1),(255,'2017_03_29_153508_create_vehicle_types_table',1),(256,'2017_03_29_153552_create_vehicles_table',1),(257,'2017_03_30_053938_add_owner_id_to_roles_table',1),(258,'2017_03_31_092804_create_vehicle_child_ages_table',1),(259,'2017_04_03_123347_create_transfer_point_types_table',1),(260,'2017_04_05_103557_create_transfer_points_table',1),(261,'2017_04_06_073328_create_vehicle_disposals_table',1),(262,'2017_04_07_080630_create_vehicle_disposal_pricings_table',1),(263,'2017_04_08_104801_add_moduule_api_credentials_country_code_mappings_columns_to_vendors_table',1),(264,'2017_04_25_042209_create_vendor_contracts_api_data_mappings_table',1),(265,'2017_05_03_065244_create_area_transfers_table',1),(266,'2017_05_04_104959_create_area_transfer_sic_pricings_table',1),(267,'2017_05_11_135936_add_region_id_city_id_bank_account_details_license_details_columns_to_vendors_table',1),(268,'2017_05_13_052313_add_name_to_currencies_table',1),(269,'2017_05_14_124216_add_date_quanity_utilized_column_to_visa_pricings_table',1),(270,'2017_05_16_134119_add_region_id_to_tranasfer_points_table',1),(271,'2017_05_17_121442_create_transfer_types_table',1),(272,'2017_05_18_020114_add_only_passengers_and_rename_columns_to_vehicles_table',1),(273,'2017_05_18_031416_create_images_table',1),(274,'2017_05_20_131851_create_vendor_vehicle_pricing_table',1),(275,'2017_05_27_180001_create_tour_child_ages_table',1),(276,'2017_05_28_140244_create_tour_types_table',1),(277,'2017_05_28_154143_create_tour_themes_table',1),(278,'2017_05_28_162031_create_tour_traveler_types_table',1),(279,'2017_05_28_170439_create_tours_table',1),(283,'2017_06_01_102936_create_meal_plans_table',2),(284,'2017_06_01_102958_create_meal_types_table',2),(285,'2017_06_01_103238_create_meal_child_ages_table',2),(307,'2017_06_01_191923_create_cuisines_tables',3),(308,'2017_06_01_195930_create_meal_categories_table',3),(309,'2017_06_01_204328_create_meal_preferences_table',3),(310,'2017_06_06_140153_add_is_menu_item_wise_column_to_meal_types_table',3),(321,'2017_06_06_142544_create_meal_vendor_table',4),(324,'2017_06_09_054353_create_meal_vendor_plan_pricings_table',5),(326,'2017_06_13_125550_create_meal_vendor_plan_menu_item_details_table',6),(332,'2017_06_16_064511_create_ticket_settings_tables',7),(349,'2017_06_16_064611_create_tickets_table',8),(350,'2017_06_19_044934_create_ticket_vendor_details_table',8),(351,'2017_06_21_090711_create_ticket_vendor_ticket_pricing_table',8),(362,'2017_06_23_075226_create_tour_categories_table',9),(363,'2017_06_23_075626_create_tour_guide_languages_table',10),(364,'2017_06_23_075926_create_tour_duration_filters_table',11),(365,'2017_06_23_076126_add_parent_id_column_to_tour_types_table',12),(379,'2017_06_23_076526_create_tour_services_table',13),(384,'2017_06_23_076626_create_tour_types_for_city_table',14),(387,'2017_06_23_077626_create_tours_table',15),(390,'2017_06_25_082511_add_credit_limit_column_to_vendor_service_mappings_table',16),(396,'2017_06_29_062635_create_codes_table',17),(399,'2017_06_29_262635_create_vendor_tours_table',18),(400,'2017_06_29_271209_create_vendor_tour_pricings_table',19),(401,'2017_06_30_075934_add_vendor_service_ids_to_tours_table',20),(405,'2017_07_01_103547_create_vendor_guides_table',21),(409,'2017_07_02_111308_create_private_tour_availability_table',22),(410,'2017_07_02_132312_create_private_tour_vehicle_availability_table',23),(417,'2017_07_03_092104_create_guide_titles_table',24),(419,'2017_07_03_095104_create_vendor_guide_title_availability_table',25),(421,'2017_07_03_135101_add_private_tour_guide_title_ids_and_private_tour_ticket_ids_columns_to_tours_table',26),(423,'2017_07_30_064515_add_profile_pic_url_is_confirmed_is_active_and_is_suspended_columns_to_users_table',27),(424,'2017_07_30_064836_create_travel_agency_details_table',28),(425,'2017_07_31_201914_create_contact_uses_table',29),(426,'2017_08_02_090351_add_is_active_column_to_currencies_table',30),(430,'2017_08_02_105943_create_system_settings_table',31),(433,'2017_10_09_065634_create_dmc_bank_accounts_table',32),(436,'2017_10_24_082813_create_country_service_markups_table',33),(438,'2017_10_26_064607_create_country_service_taxes_table',34),(439,'2017_10_29_090451_create_email_settings_table',35),(445,'2017_11_01_132350_add_status_and_markups_columns_to_travel_agency_details_table',36),(448,'2017_11_05_023421_add_soft_delete_column_to_travel_agency_details_table',38),(450,'2017_11_06_054027_add_designation_agency_id_owner_id_status_columns_to_users_table',39),(453,'2017_11_09_081220_add_distributer_id_credit_limit_other_details_column_to_travel_details_agency_table',40),(459,'2017_11_12_181424_create_distributor_details_table',41),(461,'2017_11_13_080623_add_distributor_id_column_to_users_table',42),(463,'2017_11_13_103425_add_code_column_to_travel_agency_details_table',43),(465,'2017_11_13_110535_add_code_column_to_users_table',44),(484,'2017_11_24_070506_create_invoice_settings_table',45),(485,'2017_12_03_053102_add_account_balance_to_travel_agency_details_table',45),(525,'2017_12_03_071745_create_bookings_table',46),(526,'2017_12_03_074703_create_accommodation_bookings',46),(527,'2018_01_02_122312_create_booking_issues_table',46),(528,'2018_01_04_110935_add_credit_amount_user_column_to_travel_agency_details',47),(532,'2018_01_11_101822_add_cancellation_details_column_to_accommodation_bookings_table',48),(533,'2018_01_24_033615_add_voucher_details_column_to_accommoation_bookings_table',48),(534,'2018_01_24_112142_add_finalized_date_column_to_bookings_table',49),(535,'2018_02_12_110415_make_column_default_values_as_nullable_to_travel_agency_details_table',50),(537,'2018_02_16_181911_add_cancellation_charges_is_refunded_columns_to_bookings_table',51),(538,'2018_03_16_110422_add_currency_column_to_visa_pricings_table',52),(541,'2018_03_26_122507_create_visa_bookings_table',53);
/*!40000 ALTER TABLE `migrations` ENABLE KEYS */;
UNLOCK TABLES;
DROP TABLE IF EXISTS `oauth_access_tokens`;
/*!40101 SET @saved_cs_client     = @@character_set_client */;
/*!40101 SET character_set_client = utf8 */;
CREATE TABLE `oauth_access_tokens` (
  `id` varchar(100) COLLATE utf8mb4_unicode_ci NOT NULL,
  `user_id` int(11) DEFAULT NULL,
  `client_id` int(11) NOT NULL,
  `name` varchar(255) COLLATE utf8mb4_unicode_ci DEFAULT NULL,
  `scopes` text COLLATE utf8mb4_unicode_ci,
  `revoked` tinyint(1) NOT NULL,
  `created_at` timestamp NULL DEFAULT NULL,
  `updated_at` timestamp NULL DEFAULT NULL,
  `expires_at` datetime DEFAULT NULL,
  PRIMARY KEY (`id`),
  KEY `oauth_access_tokens_user_id_index` (`user_id`)
) ENGINE=InnoDB DEFAULT CHARSET=utf8mb4 COLLATE=utf8mb4_unicode_ci;
/*!40101 SET character_set_client = @saved_cs_client */;

LOCK TABLES `oauth_access_tokens` WRITE;
/*!40000 ALTER TABLE `oauth_access_tokens` DISABLE KEYS */;
INSERT INTO `oauth_access_tokens` VALUES ('0081314b1cc12c756acd423fd1e0122c0124cdd6576b8ddae79db580ac4bcea56dbb961a3b589d04',4,2,NULL,'[\"*\"]',0,'2018-02-13 12:12:06','2018-02-13 12:12:06','2018-02-15 12:12:05'),('02dfdfbf0e769d554d3e9e1c998d80e834c3fbedb809cc7dde3bdcdfb271b6b0e8b9b070048aaa33',4,2,NULL,'[\"*\"]',0,'2018-02-19 09:09:32','2018-02-19 09:09:32','2018-02-21 09:09:31'),('036c5b39877d76999d0c5caf13bf30a69111c557a7f350a76958773853f1814eda9cd598f3080533',4,2,NULL,'[\"*\"]',0,'2017-11-27 06:43:30','2017-11-27 06:43:30','2017-11-29 06:43:29'),('05093cb10301f048b99156759537b63e0051f5e2e97bd98833ecb45dec6ff37f3f32d92c823a0a19',2,2,NULL,'[\"*\"]',0,'2017-11-28 08:57:27','2017-11-28 08:57:27','2017-11-30 08:57:27'),('07d6caebbb71418bcabd30d53870e5354e725029a31da916de698ab2040978c293dc04612932d2b0',2,2,NULL,'[\"*\"]',0,'2017-11-27 08:25:46','2017-11-27 08:25:46','2017-11-29 08:25:46'),('0a8f8ff1dbeaaa280ea0e244ba38464f4bc274121277954e3f9c98d587e7493a90af6cd3a85292f4',4,2,NULL,'[\"*\"]',0,'2018-02-03 14:21:33','2018-02-03 14:21:33','2018-02-05 14:21:28'),('0bf8ded576f1786e05f3e0c4d3d7587a764b937b21fefad9e77b028177d8ee3d630dbeee25b8e910',2,2,NULL,'[\"*\"]',0,'2017-08-28 06:03:47','2017-08-28 06:03:47','2017-08-30 06:03:46'),('0c74dd960c023118e5cb7fb563e7ee08f4aa136617e910bd7391d20a036b40854e4f09fdc3f601a5',2,2,NULL,'[\"*\"]',0,'2017-10-25 10:00:14','2017-10-25 10:00:14','2017-10-27 10:00:13'),('0ef83c66f5ebd64d37d14e2e92bc970bf2f5417b179f795e44427450d7bd011cce822e4a397dc47b',2,2,NULL,'[\"*\"]',0,'2017-06-16 17:32:45','2017-06-16 17:32:45','2017-06-18 17:32:44'),('11ae32f17ee48a61c31f8cbcb90cbb5be3a5a491aed2cc441c62d801f1013edcc7b86686e6a5b5f3',2,2,NULL,'[\"*\"]',0,'2017-11-26 11:58:37','2017-11-26 11:58:37','2017-11-28 11:58:36'),('11db21f855cb471440028f79755a12629ff6f51617cc611a1c1e8a5b8ac2bdac7bed242c27b0f38f',2,2,NULL,'[\"*\"]',0,'2017-11-26 17:27:05','2017-11-26 17:27:05','2017-11-28 17:27:04'),('128d4c3158f007ce79bc3e22f6632df00fb67c7ff00205b835762abd21d611612a982594340158cf',2,2,NULL,'[\"*\"]',0,'2017-09-06 18:52:47','2017-09-06 18:52:47','2017-09-08 18:52:46'),('12bf87431fff9416997c01d75c501f29c966bbdc36ee039e38823c9597c0f579903a5909a562e8f9',4,2,NULL,'[\"*\"]',0,'2018-02-01 13:24:47','2018-02-01 13:24:47','2018-02-03 13:24:46'),('140f972bf6c0afa4e79bfd229a4218bb2befe1b2e94d0b49b418d32e516be9c41fcad64f8bd9d07b',2,2,NULL,'[\"*\"]',0,'2018-03-14 10:15:25','2018-03-14 10:15:25','2018-03-16 10:15:25'),('161822cbc79adbf29ece3dfafe9822f3bd3285a1ced4bffc3fcec1837e2a33b74ccdfc1a77770ed3',4,2,NULL,'[\"*\"]',0,'2018-01-27 03:32:38','2018-01-27 03:32:38','2018-01-29 03:32:37'),('1946dd42066a54611b41676dee2d61e51589a0683846e7c51fccb56f01dcaa0ce72d23248d1a009e',2,2,NULL,'[\"*\"]',0,'2017-08-09 05:13:07','2017-08-09 05:13:07','2017-08-11 05:13:06'),('19bb10b3980c688d0f390dcf6d71b2c36141b0e670479eb760259155b269d6c2c78f616918d50554',4,2,NULL,'[\"*\"]',0,'2017-11-14 10:42:40','2017-11-14 10:42:40','2017-11-16 10:42:39'),('1a9ec309de6b2e556bcac15193c748d74dccc7b20f17ee4985bfc53a421c09738766d560534393ac',2,2,NULL,'[\"*\"]',0,'2017-11-29 06:15:57','2017-11-29 06:15:57','2017-12-01 06:15:56'),('1cd7a447af122edd39fdcd97bb4a2c1bca29106154e4f1158a0e6f904722dde9a10442b9b0fcb4b9',4,2,NULL,'[\"*\"]',0,'2018-01-04 11:31:00','2018-01-04 11:31:00','2018-01-06 11:30:59'),('1ffb93e2f08d27a5f88a35c54ea8a529bc3a1959c62930385af4209ca18d769246d0facc94b4dc7f',4,2,NULL,'[\"*\"]',0,'2018-02-23 01:44:11','2018-02-23 01:44:11','2018-02-25 07:14:11'),('205463bf847534241736c576ea556d6bd90c6beb616be0e2d36f0a96cea73ddde641ff6bf0c46a2e',4,2,NULL,'[\"*\"]',0,'2018-01-30 10:05:16','2018-01-30 10:05:16','2018-02-01 10:05:14'),('22c4cde08a02c986dc7aaa1247435bbee467944275a8c5454e2f7bf340796aee83a7fea9481d0370',2,2,NULL,'[\"*\"]',0,'2017-08-06 18:58:09','2017-08-06 18:58:09','2017-08-08 18:58:08'),('235bb5cc616091e8ba6eea32c23f77daf03b317eadc3f29695138616de048314044b0565ea4955da',2,2,NULL,'[\"*\"]',0,'2017-10-23 07:27:24','2017-10-23 07:27:24','2017-10-25 07:27:23'),('24a131adcd925db71e433e53e0c910b079fc2eb7d323bc31871dfae7048191a416d0fd152954113a',2,2,NULL,'[\"*\"]',0,'2017-11-27 07:27:22','2017-11-27 07:27:22','2017-11-29 07:27:21'),('254dbf655a6e09e4b7ac29d39eb318cd666eaf219d3c5996dd556f6ba1b35bd0a16b7c05e2124b60',2,2,NULL,'[\"*\"]',0,'2017-11-28 21:30:52','2017-11-28 21:30:52','2017-11-30 21:30:47'),('257598953ae8ed7b37b5630267be83933a1290c484af7057a2f2cce40c09211a9a8f67a6dcf5999c',2,2,NULL,'[\"*\"]',0,'2018-01-04 11:22:28','2018-01-04 11:22:28','2018-01-06 11:22:27'),('25fe4c4de085e7065a948cf4a2111fb86e45b209a4a2fd2007c18ba17b40b27badc559898b6fa95a',4,2,NULL,'[\"*\"]',0,'2018-03-14 06:08:46','2018-03-14 06:08:46','2018-03-16 06:08:46'),('2692232a9c808b0247300e1a9897ca5436fec68210174cbb70533ed121cfd5609b653adf67068886',2,2,NULL,'[\"*\"]',0,'2017-10-27 10:51:57','2017-10-27 10:51:57','2017-10-29 10:51:56'),('29defb4ace0ce82a8ff514e059956ac8fcc8e9d1f27462e4c7452bc5fc531798966d6956361e735e',2,2,NULL,'[\"*\"]',0,'2017-11-27 07:28:39','2017-11-27 07:28:39','2017-11-29 07:28:38'),('29e2414ff3dd617cea0438bcc74d7a341f6a16cc81ae74d832154ad170af92cfc7a84c71e2493020',2,2,NULL,'[\"*\"]',0,'2017-11-14 10:29:50','2017-11-14 10:29:50','2017-11-16 10:29:49'),('2a13e7abfc9773142d807f49c4fcf463b7d8ee0b5cd6021d99153ed42e4cb437ff210c7278b0f423',2,2,NULL,'[\"*\"]',0,'2017-11-29 06:25:13','2017-11-29 06:25:13','2017-12-01 06:25:12'),('2a43ee5e8fa016323568233f77cdb87b61e0c592fe58050f8cb573252139cfa01dcaf346ce281aa9',2,2,NULL,'[\"*\"]',0,'2017-11-07 11:00:28','2017-11-07 11:00:28','2017-11-09 11:00:27'),('2a90e368b0c23f84b1c92f6801c2590d18170666ae7f2604f79e2d86474a94890f668a678ac5c6c3',4,2,NULL,'[\"*\"]',0,'2018-03-14 10:33:53','2018-03-14 10:33:53','2018-03-16 10:33:52'),('2c2cb0dc688c512db9214efdb0e619955d771d6c84e025bc738fd35e6a959cbacefcd07bf4d8feed',2,2,NULL,'[\"*\"]',0,'2017-06-16 17:32:45','2017-06-16 17:32:45','2017-06-18 17:32:44'),('2c3711910fba1b09edd606b025bdee6f96220e369e5e196982f1109794d7da5fd33d215860b43525',2,2,NULL,'[\"*\"]',0,'2017-06-02 13:31:17','2017-06-02 13:31:17','2017-06-04 13:31:14'),('2c66a0a71efe4e3da469b70da86b1ef342a23893b21e49d2a5a32a16c95953800b5e60a2f1c9b936',2,2,NULL,'[\"*\"]',0,'2017-09-02 11:34:23','2017-09-02 11:34:23','2017-09-04 11:34:22'),('2c9cbbe9ee0c9d6e6390a71ee1532811b720aa9ea414b4eb1a9f07d5d923d9ae40ea38af786ab621',2,2,NULL,'[\"*\"]',0,'2017-12-11 05:37:19','2017-12-11 05:37:19','2017-12-13 05:37:18'),('2d020b6dcb5306351189422863c082ee6a94c5fb9229da4c225f41795ff9e46902e9251e4d27017d',4,2,NULL,'[\"*\"]',0,'2017-11-14 10:32:25','2017-11-14 10:32:25','2017-11-16 10:32:24'),('2d3a181f303ed19b00c31c80520cf81d2873920ab23b4b396c75716779d2db733de83cc91460f44a',4,2,NULL,'[\"*\"]',0,'2017-11-14 10:22:17','2017-11-14 10:22:17','2017-11-16 10:22:15'),('2dc53dc3ddbf4433783e726ae9fa56a6649787466265c169fd3234e0d16c634ee962ab07e844a261',4,2,NULL,'[\"*\"]',0,'2018-02-22 06:55:58','2018-02-22 06:55:58','2018-02-24 12:25:58'),('315046df8d6fa08c11065f75a64d04f3a50122cabc76c28bee74e13b6190302e0572c2ea8bc968ed',2,2,NULL,'[\"*\"]',0,'2018-02-10 10:59:28','2018-02-10 10:59:28','2018-02-12 10:59:27'),('3246666eec32c734ab2f60f1828a7587121cfea9690cb7b76de95d7b34c8400f23cdc41fcc397dd6',2,2,NULL,'[\"*\"]',0,'2017-11-27 06:44:09','2017-11-27 06:44:09','2017-11-29 06:44:08'),('3389c18559a86983b17ea804f98152049413fdae641d058b7743e6d03bf2c4485c9433f262093eac',2,2,NULL,'[\"*\"]',0,'2017-09-11 06:11:15','2017-09-11 06:11:15','2017-09-13 06:11:14'),('34163bb13515708ff619c6373b029048b88b18963d03542a8d2fbaeee71fcc114391e77cd26fb59c',4,2,NULL,'[\"*\"]',0,'2017-11-27 12:22:37','2017-11-27 12:22:37','2017-11-29 12:22:37'),('3660d382c6da2e8972c9ddf4ddfe7eef51438e263c1dd00fb0db5394f5bd4ba6ae0432ce2af72ceb',4,2,NULL,'[\"*\"]',0,'2018-02-26 02:12:06','2018-02-26 02:12:06','2018-02-28 07:42:06'),('36e83a51501a768be7fad13ab3a1d9da722d19f68116ce4185e1495a9986429eb5e29f4fd69f6355',4,2,NULL,'[\"*\"]',0,'2017-12-21 06:58:51','2017-12-21 06:58:51','2017-12-23 06:58:49'),('3836e6c04dc73b74b5f7fb48f8cd37a93182ef4bffbdc22e9ae8d4c844d751b722f3629a332fa9ac',4,2,NULL,'[\"*\"]',0,'2018-03-25 11:41:27','2018-03-25 11:41:27','2018-03-27 11:41:26'),('38de4d2678bd425edc0b726959ebfe09dcec59a366e7192ac65a9834b109b60ee691bfa3ba9f32dd',2,2,NULL,'[\"*\"]',0,'2017-11-05 09:50:44','2017-11-05 09:50:44','2017-11-07 09:50:40'),('3ad3ebd3b7e0ca9c04fe7599848e74392b5ea1d87e738cafbe20a3174dc72772df6977425262dbd7',2,2,NULL,'[\"*\"]',0,'2017-07-14 06:19:48','2017-07-14 06:19:48','2017-07-16 06:19:47'),('3b8edfd2e839700e8dfbd15e77518bbb074fe2cd75b9f4f0aa31866c9d6f20b10d07a24de8b84dd8',4,2,NULL,'[\"*\"]',0,'2018-02-22 05:25:57','2018-02-22 05:25:57','2018-02-24 10:55:57'),('3c0c2cd767e3a1f0c2e4cab6343a725a9983ecdf7aa60803e89f4c2441e5db5bcc748fd1eea0a169',2,2,NULL,'[\"*\"]',0,'2017-10-18 07:28:56','2017-10-18 07:28:56','2017-10-20 07:28:56'),('3d3b7871a65dc5653251dbc2019d5882a0a162ce3199fc40870f0c5feba47935a8a79d06ab0e4cfb',4,2,NULL,'[\"*\"]',0,'2017-11-26 14:07:54','2017-11-26 14:07:54','2017-11-28 14:07:53'),('3ee5816ea855cd171415129eddc05c22c1fcbb914878840bda5df12c071c8c6b1287185c81b8d7ff',2,2,NULL,'[\"*\"]',0,'2017-06-06 18:28:54','2017-06-06 18:28:54','2017-06-08 18:28:53'),('3ef53321cb9eb567089ed8ff0dade0937f415073a2272db9c2bcf83cd161e456912a9e9910c03eda',2,2,NULL,'[\"*\"]',0,'2017-06-07 13:36:36','2017-06-07 13:36:36','2017-06-09 13:36:35'),('3fe79822291db920154ea4133bb672275c5960e903a8a2b2f31f5d31f2ce554d59c27eada25918b9',4,2,NULL,'[\"*\"]',0,'2018-02-23 00:22:19','2018-02-23 00:22:19','2018-02-25 05:52:19'),('405c03fb1fa5f8a864d31f9471c9fb3f7cfe173e4a9fa3d840a0178fc0d3754d233291fa5f46881f',4,2,NULL,'[\"*\"]',0,'2017-12-23 07:16:26','2017-12-23 07:16:26','2017-12-25 07:16:25'),('40672b222aed26b4e0e909cd2ac2a258240e76223ad6fafe7973a00213b1c8d498e8f7e489b784bb',4,2,NULL,'[\"*\"]',0,'2017-11-23 06:18:43','2017-11-23 06:18:43','2017-11-25 06:18:42'),('41e76b6626f6cf94099ad29cf634a9cb23d77094776636450beefaf67e4d04a21c5def90ba78adbe',2,2,NULL,'[\"*\"]',0,'2017-10-09 04:54:09','2017-10-09 04:54:09','2017-10-11 04:54:07'),('42299c3332a5bb4c99e2075fcf990879f63636a945a6b06d53c1c9436f815abd8b195c50282e40d8',2,2,NULL,'[\"*\"]',0,'2017-11-22 12:54:29','2017-11-22 12:54:29','2017-11-24 12:54:27'),('42435b088644d012892cb39301290775c70d23c4a1d2be6fdc7adffb1260b15c0a7b557ba080e49c',4,2,NULL,'[\"*\"]',0,'2017-12-16 08:08:47','2017-12-16 08:08:47','2017-12-18 08:08:47'),('42c9cc479fd9bf2f71efbb352d286292f817fadc5edb39a79d210d83ef27cec1014a1c315908808d',2,2,NULL,'[\"*\"]',0,'2017-09-19 12:44:59','2017-09-19 12:44:59','2017-09-21 12:44:58'),('4417e43e6a6040199d163c5f66e209452ba295a58a46ce501592d07146c55a7983170cae674f90e9',2,2,NULL,'[\"*\"]',0,'2017-06-29 08:16:40','2017-06-29 08:16:40','2017-07-01 08:16:39'),('44a6d191f3b6de6467c1aebd16f6c78b892985c1271d73ece521b106858fa0de9bfae61215c0852c',2,2,NULL,'[\"*\"]',0,'2017-08-31 08:51:29','2017-08-31 08:51:29','2017-09-02 08:51:25'),('45a30f8c9927431bce9f714d9cff80a3c821629ff7c74c210f0f6aed4d5616ca14cce1e82e62671d',2,2,NULL,'[\"*\"]',0,'2017-07-28 05:11:58','2017-07-28 05:11:58','2017-07-30 05:11:57'),('477a7647cfbc50d989a8a4ea093df150cbdeff54caed327d2ecb0b062e2244516b97a1f8248f2d85',2,2,NULL,'[\"*\"]',0,'2017-10-11 07:17:21','2017-10-11 07:17:21','2017-10-13 07:17:20'),('48b74073845ed7eb83749323480fffea03f161f2d891bf71efd3787c31d8d4124edd719a25d92375',2,2,NULL,'[\"*\"]',0,'2017-06-03 08:57:56','2017-06-03 08:57:56','2017-06-05 08:57:55'),('4a165358b58d85407121575e9901c7d5e8b279ddb4e40b1cb871296f55bf5abf809d007fa9fe9409',4,2,NULL,'[\"*\"]',0,'2017-12-25 11:38:51','2017-12-25 11:38:51','2017-12-27 11:38:50'),('4c23e66dbdbfbea1618aa55be1b3e9bc31cf5b5f7d36455959688240b4bbb39fbacd1d3443526619',2,2,NULL,'[\"*\"]',0,'2017-12-11 05:10:26','2017-12-11 05:10:26','2017-12-13 05:10:26'),('4c9e9ab39b26953225c157b1e40d12dc4b949df7813915438916a61eac48534bb24db843bdc02cfb',4,2,NULL,'[\"*\"]',0,'2018-02-11 17:25:29','2018-02-11 17:25:29','2018-02-13 17:25:26'),('50686ddf63fc77ca03ec2b48f0b26dc185e0195ce0b624940a7b52d1f67b9883595bb56bdb7270bc',2,2,NULL,'[\"*\"]',0,'2017-10-21 05:50:04','2017-10-21 05:50:04','2017-10-23 05:50:03'),('525cd876fdb9ad52ae3a4477ffeff99a3bc2b6e497230ce9e082f5f3f0d47cef7b010ac77b4585c1',2,2,NULL,'[\"*\"]',0,'2017-11-14 10:32:46','2017-11-14 10:32:46','2017-11-16 10:32:45'),('5286474217e738df647665c12bca6913786426e73efe65f81edd3e32d97be0c3d1a2d2eed785a57a',2,2,NULL,'[\"*\"]',0,'2018-03-16 09:30:55','2018-03-16 09:30:55','2018-03-18 09:30:55'),('568e5fc08797651593b4d979cc36b7d85b0aeb4ce9f24d0481bae701ed5e326c252cfdd574afd2d9',4,2,NULL,'[\"*\"]',0,'2018-02-10 11:01:09','2018-02-10 11:01:09','2018-02-12 11:01:08'),('5730b12cb85929852066f6ffd9a8bdf49e5641f4ae083e8437a47610fc7432c1ef4950886b0a9530',4,2,NULL,'[\"*\"]',0,'2017-12-29 12:29:02','2017-12-29 12:29:02','2017-12-31 12:29:00'),('585731f29ba8f0632c4e9b5d98b3f117305ef1858907ea9b2b60261f2e56184e3bafcd00ea3e0293',4,2,NULL,'[\"*\"]',0,'2018-03-14 11:18:10','2018-03-14 11:18:10','2018-03-16 11:18:10'),('595d9f9ed6da26b9e5af2234d887f8ecd5b1952132b1b5fabc6b747d952cc84c84cf0b24ae0ecf63',2,2,NULL,'[\"*\"]',0,'2017-06-07 13:36:47','2017-06-07 13:36:47','2017-06-09 13:36:45'),('5a389cee82827ca3b6cd57fee82f8b23e20f0c2d4e21c8a76672b2b71a1caf91282dde6e70875357',4,2,NULL,'[\"*\"]',0,'2018-03-01 07:01:24','2018-03-01 07:01:24','2018-03-03 07:01:23'),('5b224ed9596b6bf14b38fb6855fbddc135419838b3bbe648feca26fe34a97e31c86990dc2ade6881',2,2,NULL,'[\"*\"]',0,'2017-11-14 10:34:09','2017-11-14 10:34:09','2017-11-16 10:34:09'),('5d06f696f43e6a2f597a694c4cc0b245313723126ebc632de6b2b4667adcee74d6d1a60b0ae22ecd',2,2,NULL,'[\"*\"]',0,'2017-07-05 12:36:20','2017-07-05 12:36:20','2017-07-07 12:36:19'),('5e74568629836eeda2098637de957794a357a8328c8df2e273679fd83b52e0c266fd009f4351d362',4,2,NULL,'[\"*\"]',0,'2018-02-15 13:13:57','2018-02-15 13:13:57','2018-02-17 13:13:56'),('60fe952f8078a0875e8a39a985b52b7e1487d489c7274f72cc76b2d9d4d2e0a738831a1c1dbcb9e8',2,2,NULL,'[\"*\"]',0,'2017-11-08 14:56:23','2017-11-08 14:56:23','2017-11-10 14:56:22'),('6461be67541b81086175d49b269d00db22c5243dd5c05222f3772232df536bcdc68e1b29bba16dd2',2,2,NULL,'[\"*\"]',0,'2017-08-24 02:40:29','2017-08-24 02:40:29','2017-08-26 02:40:28'),('6659c99102f1bc06c38cf04c47f453b2db9eb80849a284b813240f32455a1ae949bd0e0490fa69db',4,2,NULL,'[\"*\"]',0,'2018-01-18 12:27:26','2018-01-18 12:27:26','2018-01-20 12:27:26'),('69c6b31624135069b95a84a9d763e29720bac1767a94f29f9ee5042726c9a995361d680f00861d3f',4,2,NULL,'[\"*\"]',0,'2018-03-13 04:31:44','2018-03-13 04:31:44','2018-03-15 04:31:43'),('69d6068d44de8112d5510161c95d6270d08100eb086c117e70111f79cf9325d18eeeeb18a57e1e4b',2,2,NULL,'[\"*\"]',0,'2017-11-28 21:37:17','2017-11-28 21:37:17','2017-11-30 21:37:17'),('6acb3a6e9ff4a0be8d6e4661fc35ab0b39b5594fded085cbf4e11d11531f6077244b80e48ac5efa0',4,2,NULL,'[\"*\"]',0,'2018-03-27 13:19:23','2018-03-27 13:19:23','2018-03-29 13:19:21'),('6aedbf520a64ee0840b14578d784946b9c50aa815409ad8f66713b12e6d9568dda56cef5793a4d09',2,2,NULL,'[\"*\"]',0,'2018-03-14 05:00:20','2018-03-14 05:00:20','2018-03-16 05:00:19'),('6ba30bc2588f2b04198b9cbd7180429fd73c05796732db31fdf9365c87557214fbe6ec40ce1cef47',2,2,NULL,'[\"*\"]',0,'2017-06-27 06:19:35','2017-06-27 06:19:35','2017-06-29 06:19:34'),('6c477a0ac12f7aca40947c7cee46d9536401917c4d160e41437a701bdcba2b9aeb4aa5b7144707a6',2,2,NULL,'[\"*\"]',0,'2017-09-25 18:01:51','2017-09-25 18:01:51','2017-09-27 18:01:50'),('6c81ff0e200e8730b98661b7ac11504ebf8ff53f3acbcd504957afea22714469f288385c914729be',2,2,NULL,'[\"*\"]',0,'2017-06-05 13:37:19','2017-06-05 13:37:19','2017-06-07 13:37:18'),('6dfaa64eaa6727ee230d25e68d22e93b3c432486996b2441c42415dac14939702ba9b682f8c4799b',2,2,NULL,'[\"*\"]',0,'2017-12-08 05:06:42','2017-12-08 05:06:42','2017-12-10 05:06:41'),('6f34f9c9bdcdf559de17bb0c53fe622b2f871a0fcd089e1f1d73aafc8ae97cacce2e0b8dd916581b',2,2,NULL,'[\"*\"]',0,'2017-11-01 07:11:31','2017-11-01 07:11:31','2017-11-03 07:11:30'),('6fd451ce0f0c02b5ba7fd35824066f21a043eb2135b06ff734fe75462936d516ed59d53f9f2eee61',2,2,NULL,'[\"*\"]',0,'2017-06-12 05:06:42','2017-06-12 05:06:42','2017-06-14 05:06:42'),('700bc28c54030aff78d48b2db7ede8cb2072bf0ede58e47debfb42bd2bdb8b1e1b331a49694ae89c',4,2,NULL,'[\"*\"]',0,'2017-12-11 15:03:56','2017-12-11 15:03:56','2017-12-13 15:03:55'),('7028ee0cb680a9ed9541306a6d363821907edd9465bcb151689d339083478f6ac7cb4aa3c8617446',2,2,NULL,'[\"*\"]',0,'2017-06-03 08:57:51','2017-06-03 08:57:51','2017-06-05 08:57:50'),('72bd14b58543a836ddd28ca244528bf41b039278e1ec411dca3eb56e4417eb1273922cf8eb237758',4,2,NULL,'[\"*\"]',0,'2017-11-11 10:07:08','2017-11-11 10:07:08','2017-11-13 10:07:07'),('732803fffcc7df6b1964445ad63a4562ce77716f6137885d977cbb6df580e071ee28257179b28ab0',2,2,NULL,'[\"*\"]',0,'2017-06-19 01:12:06','2017-06-19 01:12:06','2017-06-21 01:12:05'),('749b5f0d60e32004fb20d7a41fcda6dc50b2b58faf3ad25523fac5804b6a1f9bd73b213628d38c96',4,2,NULL,'[\"*\"]',0,'2018-03-22 12:58:19','2018-03-22 12:58:19','2018-03-24 12:58:17'),('75b8d396ce6d68dcd9b9cb5cf6efd753b23dd259c806d379d6c7ecc497e383104e4dc4a045c81f40',4,2,NULL,'[\"*\"]',0,'2018-03-23 09:01:47','2018-03-23 09:01:47','2018-03-25 09:01:46'),('773fef5be915ea44cd5d32f1ef718003b1baa37562e2e1e5abedd8d4cdf2405c93aa03e97da0ce82',2,2,NULL,'[\"*\"]',0,'2018-03-03 10:34:14','2018-03-03 10:34:14','2018-03-05 10:34:13'),('79ab45bf892207448ff0bbded51298da8b2a8c4a2fb0d60146083b376db70196ac69b0b805e3006a',2,2,NULL,'[\"*\"]',0,'2017-12-11 05:28:34','2017-12-11 05:28:34','2017-12-13 05:28:33'),('7a7952d7e640fc868a189b14a44046c5bcaca95d86f59c5ad619c396928dcee47fb16d74343173df',4,2,NULL,'[\"*\"]',0,'2018-01-08 11:46:16','2018-01-08 11:46:16','2018-01-10 11:46:15'),('7b5114ff07512d6b7539634cfc1d75c7479949bbd85b1135e2603efac979890a5e4881901f0ac68d',2,2,NULL,'[\"*\"]',0,'2018-03-14 10:37:51','2018-03-14 10:37:51','2018-03-16 10:37:50'),('7be9a624e229d51d496bffd4b4d9db287a98fe44a78b2ad07813883884b19f8f18d7019727d7c595',2,2,NULL,'[\"*\"]',0,'2017-07-07 12:37:27','2017-07-07 12:37:27','2017-07-09 12:37:26'),('7cd5b61ac4b0c183cf479cd4ff129e7584d1f4267fd295335f86d4cf52b85831413f776152139a2c',2,2,NULL,'[\"*\"]',0,'2017-11-10 04:15:27','2017-11-10 04:15:27','2017-11-12 04:15:26'),('7dc55258761b069594bab7180e71308e9f5ee3c31d9189a73f0bbbe46bf45f7def092ecc472d085f',4,2,NULL,'[\"*\"]',0,'2018-02-03 13:47:18','2018-02-03 13:47:18','2018-02-05 13:47:15'),('7e27ac5fb06f458a4ece6fd97b4008ac0fcaeb565214f9f8a5fa3ca0409a3c550a709420b0444953',2,2,NULL,'[\"*\"]',0,'2017-09-13 06:15:51','2017-09-13 06:15:51','2017-09-15 06:15:50'),('7ffb857d9b59f52a339574d9024b32d9f2471c6fc57f243e475b766010b3657a2ee83dcd08204c41',2,2,NULL,'[\"*\"]',0,'2017-09-28 03:15:01','2017-09-28 03:15:01','2017-09-30 03:15:00'),('817f8e767add993d942e0b5f65d757084767d2d8d5203138ca454b31afc7f2c8a4f33a96f9976f27',2,2,NULL,'[\"*\"]',0,'2018-03-13 04:27:44','2018-03-13 04:27:44','2018-03-15 04:27:43'),('82e161398097552b6d969349c6a50c878ec312d5eff64d21e5477d9caac8ba8ebeb311214425c12a',4,2,NULL,'[\"*\"]',0,'2017-11-27 12:19:12','2017-11-27 12:19:12','2017-11-29 12:19:12'),('831cd0d75f0bf9a3a904382e398372ba61115e51a3b983f723fb61ae23313530eefd206b7605124b',4,2,NULL,'[\"*\"]',0,'2017-12-11 11:36:42','2017-12-11 11:36:42','2017-12-13 11:36:41'),('831de2508d05066ae67f495a6f321295d793d774adfd813672f08f2544993b751d7e73770ac44fbf',2,2,NULL,'[\"*\"]',0,'2017-06-12 06:04:47','2017-06-12 06:04:47','2017-06-14 06:04:47'),('84eb490c67e7a7b22ba08b53d98b26f24b6b05920d8699fc3f98aa3fb30e75949fd7f0d71aa32b69',2,2,NULL,'[\"*\"]',0,'2017-07-07 12:37:35','2017-07-07 12:37:35','2017-07-09 12:37:33'),('85b8ecf58af6a6f5b0a469bc0e512b93100aefe756f1daacd4dd2fab4f663a41c1782f6fc33605b5',2,2,NULL,'[\"*\"]',0,'2017-07-11 14:30:55','2017-07-11 14:30:55','2017-07-13 14:30:54'),('873a16f5784308687f49bc23d51958bc2c91d788786333d0511cb985bb331528ae5c44e88a68df6c',4,2,NULL,'[\"*\"]',0,'2017-12-12 08:06:50','2017-12-12 08:06:50','2017-12-14 08:06:50'),('877832140d1ac2661a51b342301d40d1b8403c19321e55648a0a26386ac757ea65798445fccb20d9',2,2,NULL,'[\"*\"]',0,'2017-11-29 06:58:24','2017-11-29 06:58:24','2017-12-01 06:58:24'),('878fdaadf12ba2f546f2c98c83e6b5fd056a7999f9287502cf496847856add3dcc86fde4f52b4b7f',2,2,NULL,'[\"*\"]',0,'2017-11-27 06:58:54','2017-11-27 06:58:54','2017-11-29 06:58:53'),('87e040d386fdebb31ab1a1e2f6f8bd49b8580fe5414c82a5017a243f1f201a713a468042d091bd60',4,2,NULL,'[\"*\"]',0,'2017-12-16 06:14:09','2017-12-16 06:14:09','2017-12-18 06:14:08'),('88a6f010a172249c1a9c6be4b11986d7e15c50c9e48d8ff16c8ac13b6b01b55f67af7f76e8cb30ab',2,2,NULL,'[\"*\"]',0,'2017-11-14 10:47:46','2017-11-14 10:47:46','2017-11-16 10:47:46'),('890066df69ef3defa5d564178157c56c2fc8364d774127a96077cb7c5e146cf69c2b7a1b2f43861d',2,2,NULL,'[\"*\"]',0,'2017-12-16 07:32:34','2017-12-16 07:32:34','2017-12-18 07:32:33'),('891d4ecef03bc54bac919368ee9fc87178c384f0c7d0e5e2e5a3de1395cce7f9888bcdbcaaa4b836',4,2,NULL,'[\"*\"]',0,'2017-12-01 07:21:57','2017-12-01 07:21:57','2017-12-03 07:21:56'),('8abb38abfcf6a48aef484e59d54323f1d1a4b5ebf019b6c6a46ade1ed30a21f989c0f11a2739c02e',4,2,NULL,'[\"*\"]',0,'2017-12-14 08:05:25','2017-12-14 08:05:25','2017-12-16 08:05:24'),('8b77902dee83a44119421356b0912cdf741f3c343cc9e4ddca79c1ab37024ad2f6a59a27ce744ec0',2,2,NULL,'[\"*\"]',0,'2017-07-22 06:43:11','2017-07-22 06:43:11','2017-07-24 06:43:10'),('8b8890bea665221c6b1775bf72179b51363db9507e2c502548160fe08e4e79ae18e8d15d26cad60c',4,2,NULL,'[\"*\"]',0,'2018-01-06 11:23:44','2018-01-06 11:23:44','2018-01-08 11:23:43'),('8bc3d63477d83014c77a7e2c61d01a0eebd7b1a414259c02ef8b4a98b9a22ecaaf9ceef056caf940',2,2,NULL,'[\"*\"]',0,'2017-11-26 14:04:15','2017-11-26 14:04:15','2017-11-28 14:04:14'),('8d1cc4911bfe74569c28366e7cf8c3ac9f9f52566d72d77acd1deafad69e9a40a101eb93ea6dd4d5',2,2,NULL,'[\"*\"]',0,'2017-10-13 07:35:10','2017-10-13 07:35:10','2017-10-15 07:35:09'),('9011012d7c45939db718e6ea5aae81d770df11890708ce97637856c86fec49045f89bfd0f8744213',4,2,NULL,'[\"*\"]',0,'2017-12-14 11:32:38','2017-12-14 11:32:38','2017-12-16 11:32:38'),('910eb2e15a51f3a0812b4939c42ec3d04195b0a558ced04c3bb3b53f7621182a735bbc520a7f9871',2,2,NULL,'[\"*\"]',0,'2018-02-21 12:55:24','2018-02-21 12:55:24','2018-02-23 12:55:23'),('934b76b3799dc964aca53a3a0e3bbb23d24ec04ecf0f81103b2098baadc42c502bf265d14d67c384',2,2,NULL,'[\"*\"]',0,'2017-11-03 07:33:54','2017-11-03 07:33:54','2017-11-05 07:33:53'),('93dd28dd18e6d6fa4d04d22b5d9f66bfb7b19cadeffd021904eddf3a84f1eb5baf0cc1c6c73f4219',2,2,NULL,'[\"*\"]',0,'2017-10-06 06:42:03','2017-10-06 06:42:03','2017-10-08 06:42:03'),('94870cb5cbbf18ee9e7f6c1cbccef72bedeae780fcd4cd22cfc27d37945f054389d1fe6bd7f516c9',2,2,NULL,'[\"*\"]',0,'2017-11-29 06:12:55','2017-11-29 06:12:55','2017-12-01 06:12:54'),('96a994d40d4c8844d52517ac07ba53b443621633538485ca4c2b3bbd1b290826b1d7ffc7c3b0e7f9',2,2,NULL,'[\"*\"]',0,'2017-12-14 12:45:03','2017-12-14 12:45:03','2017-12-16 12:45:02'),('96d07c345405b67ed0235e63bc8a2af3b44b3ad83fef416b861e629a226fe885dbd10e5341d0e31d',2,2,NULL,'[\"*\"]',0,'2017-11-16 07:45:44','2017-11-16 07:45:44','2017-11-18 07:45:43'),('9882bbee458d263ddadddf8d2f9fe513b94cb78b31bbfb73502b3767f6d33e4b3fa40b254fe90902',2,2,NULL,'[\"*\"]',0,'2017-12-11 15:03:03','2017-12-11 15:03:03','2017-12-13 15:03:02'),('9964d258330dde3cb50cb14fd11d798aa70f704e21d8eadd971acbeb55db9402f59f7ab71eee635e',2,2,NULL,'[\"*\"]',0,'2017-09-04 11:37:52','2017-09-04 11:37:52','2017-09-06 11:37:50'),('99b10cebb9ca53babcd1fca7d5259e718583ada57e2cd8e196e06d27ec296332877c564b77a76ad2',2,2,NULL,'[\"*\"]',0,'2017-11-27 10:55:20','2017-11-27 10:55:20','2017-11-29 10:55:19'),('9bd656700e4aeb8ecc22a3c185a1fe93a5ae7abca984a65ffe663571ab47e885b6d701fef4c501b8',2,2,NULL,'[\"*\"]',0,'2018-01-27 03:31:29','2018-01-27 03:31:29','2018-01-29 03:31:28'),('9cc58066062b46007e3774d4f65a554af6e78fe3bb832131b0a9cffdb387fcc212e599d2a8f8baba',2,2,NULL,'[\"*\"]',0,'2017-12-11 11:35:02','2017-12-11 11:35:02','2017-12-13 11:35:01'),('9d19589c57b01e3925a9321c8422fd454fae342adad12f028cd6fd83cbff73deea56c0f82605d800',2,2,NULL,'[\"*\"]',0,'2017-11-28 08:05:08','2017-11-28 08:05:08','2017-11-30 08:05:03'),('9d290f5835430c585971b8eddf06e7ea2e3c8732cb85282380a91f93ccf9a492fd4af41db38ec161',4,2,NULL,'[\"*\"]',0,'2017-11-19 10:58:47','2017-11-19 10:58:47','2017-11-21 10:58:47'),('9edd7d024f6fe9553cfeb61b4c3cda5758af9228fbe182e3d1113ca5dd692011184a6bdb3bd5a028',4,2,NULL,'[\"*\"]',0,'2017-12-11 06:18:09','2017-12-11 06:18:09','2017-12-13 06:18:09'),('a03f8344ffd2f268a8ded74cd79008c319049d271fca469430bfee9c0ca6601329c82a90015adb9c',2,2,NULL,'[\"*\"]',0,'2017-07-09 13:25:04','2017-07-09 13:25:04','2017-07-11 13:25:02'),('a0b3a052504622e1dab0972e8da2dc8ee15443f37018d607644a67b6d8752418e88d2fc752d7876a',4,2,NULL,'[\"*\"]',0,'2017-11-21 11:44:55','2017-11-21 11:44:55','2017-11-23 11:44:53'),('a258122e80670b37c58aadad88a0b4ad4e489cb10559cae8ba083b025d67db639ad58c743073b98b',2,2,NULL,'[\"*\"]',0,'2017-06-23 05:42:39','2017-06-23 05:42:39','2017-06-25 05:42:38'),('a287a835b6ae44fc9218da4e4b1b57fb2a623db49edae5a15ba3aef24803ee99a9567a89ffa8bd24',2,2,NULL,'[\"*\"]',0,'2017-09-23 16:32:40','2017-09-23 16:32:40','2017-09-25 16:32:39'),('a2b2741fbdc60a0b605d6509132e92d8afbc7084c705f4c541075734681d5e4b1141ff5dadd90d73',2,2,NULL,'[\"*\"]',0,'2017-10-30 06:41:47','2017-10-30 06:41:47','2017-11-01 06:41:46'),('a3cdba9ecca016682d9dc09cb89b08186fefb99afb30c4e03695613a027050e24c6204ee3d4fbf03',2,2,NULL,'[\"*\"]',0,'2017-09-15 07:19:09','2017-09-15 07:19:09','2017-09-17 07:19:08'),('a3fefbd3dd8e0826edd1e6aa38fd45257165f1d775bf5d4fbf6a93e837c010ccdcfba231bc323873',2,2,NULL,'[\"*\"]',0,'2017-11-23 06:17:58','2017-11-23 06:17:58','2017-11-25 06:17:57'),('a44efa49fba066a1b8b296109f9c7652ef73d5afcea94517826705e53ab8d13ed12bb35989242f04',4,2,NULL,'[\"*\"]',0,'2018-03-10 09:37:51','2018-03-10 09:37:51','2018-03-12 09:37:50'),('a5b3e1594f6e832c68917e802777ac1f48946964002e8c5081b117d8b517963b12384a16af5b0597',2,2,NULL,'[\"*\"]',0,'2017-12-14 11:24:51','2017-12-14 11:24:51','2017-12-16 11:24:50'),('a611048c2563c73553dcc37cf803322d15d90bcbce99a22fd3b239ef497fcd3f3a53da27c2492e36',4,2,NULL,'[\"*\"]',0,'2018-03-25 04:46:51','2018-03-25 04:46:51','2018-03-27 04:46:45'),('a7a446012ada606a0d6119b5a35444fa0ba5132282f5dc8e2a6305d52522a232ca779db3eb6dbef8',4,2,NULL,'[\"*\"]',0,'2018-02-07 05:58:31','2018-02-07 05:58:31','2018-02-09 05:58:30'),('a85f087ac53dc9971cddcb94f0c115df3eadfc725d4638c89129ed1a075698628d6413af7012c146',2,2,NULL,'[\"*\"]',0,'2017-09-21 13:33:31','2017-09-21 13:33:31','2017-09-23 13:33:29'),('a895f1457b7fa788274ff26db4075229490c575242f88828fd06ab2ee04f853712b8e9a08a278c1c',2,2,NULL,'[\"*\"]',0,'2017-08-02 06:37:36','2017-08-02 06:37:36','2017-08-04 06:37:35'),('a89828c2fc16dc48ff7cf2fcf00c6b67276d0037dc6275b79e0c8ca3568959846f29c12511d4954f',4,2,NULL,'[\"*\"]',0,'2018-03-13 12:36:49','2018-03-13 12:36:49','2018-03-15 12:36:49'),('a9d1d515116c77890b0920f12784af00fede26c6685e6c38bef0d0f0d6e64e2b3cae4153b0d6e30d',4,2,NULL,'[\"*\"]',0,'2017-11-27 07:27:47','2017-11-27 07:27:47','2017-11-29 07:27:47'),('aaf0ddfb44d2bd03a9f6a7ec285d3a9f88a52d3cd36e60b3fa45a1440f3e28fadff43bc64efc4ec2',2,2,NULL,'[\"*\"]',0,'2017-06-21 03:13:09','2017-06-21 03:13:09','2017-06-23 03:13:07'),('ab9ab28b7cfc07f6fa56a8229cf40e770627857e484d5e8ee85f33f804a747ca12996f2314666e2d',2,2,NULL,'[\"*\"]',0,'2017-11-24 05:30:25','2017-11-24 05:30:25','2017-11-26 05:30:23'),('ad337818d8d3eaac72280347fdf5db994789e31c37e1e7b14553f88fcf8f773e1163a231610d756e',2,2,NULL,'[\"*\"]',0,'2017-08-04 08:19:43','2017-08-04 08:19:43','2017-08-06 08:19:42'),('ae18051005dfd991bdaabe6608fbcc9b2648d93016e3937d5d31dd7aa04db2c0b0597d1a31074da8',2,2,NULL,'[\"*\"]',0,'2018-02-04 12:21:58','2018-02-04 12:21:58','2018-02-06 12:21:57'),('aebb938d7433d2f2b6a2e428b9425d46dea5d7d2c85d09a9e80b75570df8a85c28cc8882771c4512',4,2,NULL,'[\"*\"]',0,'2018-02-22 06:54:21','2018-02-22 06:54:21','2018-02-24 12:24:21'),('b1084c3de4b340d4515be7c25c85db5f9339e8cae788c7232b7e6b579428cf8bac1343f889b60dae',4,2,NULL,'[\"*\"]',0,'2018-01-09 07:50:26','2018-01-09 07:50:26','2018-01-11 07:50:26'),('b1b7abe62e59298becc39a6499f571a12582534714ff82f622208cfb06f39bb85921efe61fb1052e',4,2,NULL,'[\"*\"]',0,'2018-02-28 02:17:48','2018-02-28 02:17:48','2018-03-02 07:47:48'),('b1bd59ee984af8cd27eca49d316b960e82da9bc875c15075e332d79766dd9fa02004f55977dac6bf',2,2,NULL,'[\"*\"]',0,'2017-08-14 05:35:37','2017-08-14 05:35:37','2017-08-16 05:35:36'),('b1d51730f49d05fd2b1019bc83f0f3134cbc011ab444248323b074191bb284f1ec26ec30984b2f89',2,2,NULL,'[\"*\"]',0,'2017-11-27 12:19:54','2017-11-27 12:19:54','2017-11-29 12:19:54'),('b5ba7b873b8b970f47e1c865aa30aa95b6022240a268a4ee46f146a08caeb0b6ed29174f8d749b43',4,2,NULL,'[\"*\"]',0,'2018-03-14 10:11:37','2018-03-14 10:11:37','2018-03-16 10:11:37'),('b70fece3eaa01d8b63150ca3719c58299ae51f1c50cbaa0532234422db3531cc9139a1bb02f486e7',4,2,NULL,'[\"*\"]',0,'2018-02-26 02:35:12','2018-02-26 02:35:12','2018-02-28 08:05:12'),('b7350539ac464803264c5c2ed33e76d6f0bec3a3583720e78803581e57394295f54b89c9b8df375c',4,2,NULL,'[\"*\"]',0,'2018-03-21 11:22:01','2018-03-21 11:22:01','2018-03-23 11:22:00'),('b74ff477a34d048e3d4f9f1fdcb51508afd0541e8ae9d946f73d58f4ab3a53e127b39f5c11045b1c',2,2,NULL,'[\"*\"]',0,'2017-08-19 07:29:16','2017-08-19 07:29:16','2017-08-21 07:29:15'),('b77b98e79936bc969537b8666dbffd1b51a8e3959297cc7ddc181e7b77eb2f8d7c196a4ef5a8877b',2,2,NULL,'[\"*\"]',0,'2017-11-28 08:05:08','2017-11-28 08:05:08','2017-11-30 08:05:03'),('b96211fa04d344b772d63f35cb666f84431c722978163c4fc6d61b10c74b9fef50dcf25f0d38f29c',4,2,NULL,'[\"*\"]',0,'2017-12-27 11:39:39','2017-12-27 11:39:39','2017-12-29 11:39:38'),('bc07451a4fd3b1f1151460541ea892cfb14a44ad66c02af8f28394eda6e9cea3435635418f68f6ca',4,2,NULL,'[\"*\"]',0,'2017-11-27 08:28:46','2017-11-27 08:28:46','2017-11-29 08:28:46'),('bc58c73aa44732f7704e6f2978cf0fc86dacec4145e759a2f3bc3f68dc2c67c36494b8bfb200b06b',2,2,NULL,'[\"*\"]',0,'2017-09-17 09:38:34','2017-09-17 09:38:34','2017-09-19 09:38:33'),('bfb420b51d401ef13c89f9a8a89d9df3e27c68155bda563052712d777e9112ef99afd6be5a097cf8',2,2,NULL,'[\"*\"]',0,'2017-11-27 07:26:34','2017-11-27 07:26:34','2017-11-29 07:26:34'),('bff8eee3782d6b09059e0592d113513ba6e58643d50fb1146ffe3e128b6e9646b6e5d90082990cfc',2,2,NULL,'[\"*\"]',0,'2018-03-14 06:10:41','2018-03-14 06:10:41','2018-03-16 06:10:41'),('c0b0ba2364a211bc232d14e4fe30c556902636153c04384fcf503c3c6182aa6878a225e8afcf2994',4,2,NULL,'[\"*\"]',0,'2018-02-09 06:07:47','2018-02-09 06:07:47','2018-02-11 06:07:46'),('c2b3e72f1eb39da298a4533dda12a2b48d3d790966d8429d7f577beb1c50934f37ecd705c5b4ded7',2,2,NULL,'[\"*\"]',0,'2017-11-18 08:41:32','2017-11-18 08:41:32','2017-11-20 08:41:32'),('c3543bfb19badafd22e13a3a641efbb42b1660252eaa606ab8429e6c06b4d157816dac5e6f216d32',4,2,NULL,'[\"*\"]',0,'2018-03-03 09:18:42','2018-03-03 09:18:42','2018-03-05 09:18:41'),('c4660f16f032427e5f97aebe752e4eac4bca07e1e3f08287898a9e67a65606f126ea411d02ed1247',4,2,NULL,'[\"*\"]',0,'2018-01-23 08:10:52','2018-01-23 08:10:52','2018-01-25 08:10:51'),('c4a163ca8022bc47326918ab010d0fccffc837c13a795e1d01e6b3f6a8432cea414f754ddfb4ed08',2,2,NULL,'[\"*\"]',0,'2017-06-01 08:22:02','2017-06-01 08:22:02','2017-06-03 08:22:00'),('c6fe5927962428ca5eb7bb7a970aeed2747f7b9e1e7b47b4fc13bc640f7f648fd4b984eb13ea78d9',2,2,NULL,'[\"*\"]',0,'2017-11-29 06:16:25','2017-11-29 06:16:25','2017-12-01 06:16:24'),('c707bb7942d1b9718cb417ecea58ec83d5752fa72d3dd79e27052a06777afb260cb72e527826beac',2,2,NULL,'[\"*\"]',0,'2017-11-27 07:02:15','2017-11-27 07:02:15','2017-11-29 07:02:14'),('c75589793931340f36a04476c581115227a041bdff770bfd5c0732f861b3be87b1d345aca786bd8b',4,2,NULL,'[\"*\"]',0,'2017-11-28 12:32:38','2017-11-28 12:32:38','2017-11-30 12:32:37'),('cf6b8152b06fe4ff308c6f15b625773a62aa81483738b6be9fa3c3840431e060daf97179f9ce0e88',2,2,NULL,'[\"*\"]',0,'2017-07-01 10:14:03','2017-07-01 10:14:03','2017-07-03 10:14:02'),('d13fdf62cc82455367e638fc6714240d0c1ab3fd4b9f05066ef65642b1f4e51a61b00479f00447dd',2,2,NULL,'[\"*\"]',0,'2017-11-14 10:43:26','2017-11-14 10:43:26','2017-11-16 10:43:25'),('d1b45c128fba49969f5c0aa1ae8d7a62f02f4dae898fc6f8477f15a6b0c33029efd8a512e60f9fe1',4,2,NULL,'[\"*\"]',0,'2017-11-27 11:00:57','2017-11-27 11:00:57','2017-11-29 11:00:56'),('d1c00d2c05d4b18cdde135dc5a066af4e38f7457b25645ab15c24772e63223161461af86f734d189',4,2,NULL,'[\"*\"]',0,'2018-03-29 14:05:18','2018-03-29 14:05:18','2018-03-31 14:05:17'),('d3c5a81df4aa28e9d88e29c6a5e1a395974bf1df91156ee2eb8f83a1bf2cd0440de8cb91bb9604d7',2,2,NULL,'[\"*\"]',0,'2017-10-16 06:26:42','2017-10-16 06:26:42','2017-10-18 06:26:35'),('d4934783eeebec94bcc21a8e4f4e6d3e898059d2533817c0f77bc04614e84c011de847b5e3e65e4c',4,2,NULL,'[\"*\"]',0,'2018-03-23 09:15:26','2018-03-23 09:15:26','2018-03-25 09:15:25'),('d524597dd70435adbd3888437f9583fb8a72f13fa8c7ffbbbccf2c6de091c99b29faf9d64d8e3518',2,2,NULL,'[\"*\"]',0,'2017-11-10 15:11:51','2017-11-10 15:11:51','2017-11-12 15:11:50'),('d556199d5944aba15c781e8a87fda8adf50ff3fddf7986ef52f7f00d862a601b5934b2919f4cd078',2,2,NULL,'[\"*\"]',0,'2017-06-09 13:39:40','2017-06-09 13:39:40','2017-06-11 13:39:39'),('d85d07e05320a3ccf9feb80d98fec6e18fc6964552b92e26f736ac4832a44517b6e4c9096406783e',2,2,NULL,'[\"*\"]',0,'2018-03-23 05:52:32','2018-03-23 05:52:32','2018-03-25 05:52:30'),('d939311da9f9b25d1eda2d5977c8759c8c277c4abc53cc3659074e810a9d78aa88fb5ca64573e037',2,2,NULL,'[\"*\"]',0,'2018-03-10 16:50:42','2018-03-10 16:50:42','2018-03-12 16:50:42'),('d99c0b0615120575c2f3ac9565c031c13073e363f01d2ecf1611f3c81da81b16d970ffaf29470ff9',4,2,NULL,'[\"*\"]',0,'2017-11-27 07:54:35','2017-11-27 07:54:35','2017-11-29 07:54:34'),('d9b36e3a200ad1a39e1440f303f43756182f62d0af1c70d0f64d4de750e54648f294a1a094afa64f',4,2,NULL,'[\"*\"]',0,'2017-11-10 07:28:24','2017-11-10 07:28:24','2017-11-12 07:28:22'),('d9b53cb77cd317a46b57adf369d20c2ea1beaa5565f251bfc827b59cac0550f5d8fc6ea39a916899',2,2,NULL,'[\"*\"]',0,'2017-12-11 14:53:26','2017-12-11 14:53:26','2017-12-13 14:53:26'),('dbfd65e000650cdd62de297ad063b0700557898bf2e212173f473dd643d074ebce601978f346670d',4,2,NULL,'[\"*\"]',0,'2017-11-14 10:48:17','2017-11-14 10:48:17','2017-11-16 10:48:17'),('dd663608979798da1afed8e3aaeb3a413cc927062b2633314f50766d0b5fce3d3968af415de2d603',2,2,NULL,'[\"*\"]',0,'2017-11-13 18:35:13','2017-11-13 18:35:13','2017-11-15 18:35:13'),('df992fe442a942c1cfe67ca8b2373ea2f1fe867c7327225b5b70c4ece5fca8fb3320f6509bd2c78b',2,2,NULL,'[\"*\"]',0,'2017-08-26 03:22:41','2017-08-26 03:22:41','2017-08-28 03:22:40'),('dfef8ad1ade506c711d83393ff0612302b24dcaa8e8f259af27d9a356e6a85ec82aba70e12800e5b',4,2,NULL,'[\"*\"]',0,'2018-03-19 11:08:46','2018-03-19 11:08:46','2018-03-21 11:08:45'),('e047da01f13a8caf2142acc22af66b0bc0b324be1d166e4b9650a4eecd7b0cb116522b7ff1a735a2',2,2,NULL,'[\"*\"]',0,'2017-06-25 06:06:30','2017-06-25 06:06:30','2017-06-27 06:06:29'),('e1a5f7dcde306b2bdbc4c83da05a72f51692478468774e4899bfeb895004c76ae342b75ebe2f47c0',2,2,NULL,'[\"*\"]',0,'2018-02-12 05:11:29','2018-02-12 05:11:29','2018-02-14 05:11:28'),('e1adf87cac9756efd16a4591c604592c7123530c53d09563053dd2ca948327daf56253a61798de53',4,2,NULL,'[\"*\"]',0,'2018-01-12 11:09:25','2018-01-12 11:09:25','2018-01-14 11:09:24'),('e1bf7ba46c332c187d09fc52ca89c51606efdde9b0c475cef0299c42d999a42d0b34ae56016c5509',2,2,NULL,'[\"*\"]',0,'2017-11-29 06:26:56','2017-11-29 06:26:56','2017-12-01 06:26:56'),('e2ddac4b6839eb9ec60dd340ac056bed78d1c928a1062597453e53e4c86196928569705840ee9de9',2,2,NULL,'[\"*\"]',0,'2017-12-09 06:39:43','2017-12-09 06:39:43','2017-12-11 06:39:42'),('e31721c1ac6aaa077359b33ac6834dd93631e63d353c3aa592bec06a7996ef7f7ffee97a4087c4ff',4,2,NULL,'[\"*\"]',0,'2018-02-28 09:15:32','2018-02-28 09:15:32','2018-03-02 09:15:31'),('e47f3de4ac432eef8ad14301c9c3538487e7bcf74cbf05601e94f25c4155b317c303b226d144caed',2,2,NULL,'[\"*\"]',0,'2017-07-17 09:29:31','2017-07-17 09:29:31','2017-07-19 09:29:31'),('e4d5807eb87ac58b39b9d829fe0b8b9575e6962b3ba94d2ba1ff2036a5e707e452f49f3f4eaa52cf',4,2,NULL,'[\"*\"]',0,'2018-03-17 11:05:32','2018-03-17 11:05:32','2018-03-19 11:05:31'),('e57a57382f4b86b0b8e6f64fcce34a874a9024d4bf9978c1f9f5c249a1912f6af2fa7c0aeec0a573',2,2,NULL,'[\"*\"]',0,'2018-03-13 05:40:23','2018-03-13 05:40:23','2018-03-15 05:40:23'),('e68ccfce4d17a11703b63494d93f7083a1f58b2d176a7d6702303a9f0acbe5af038b29c4988a3ef7',2,2,NULL,'[\"*\"]',0,'2017-11-28 21:24:27','2017-11-28 21:24:27','2017-11-30 21:24:26'),('e8ab3b84607ecb02378aa8048b38bf645977eca3eb5478df132cdfeaed5c29a9423c15707aa86b5f',2,2,NULL,'[\"*\"]',0,'2017-12-19 04:58:27','2017-12-19 04:58:27','2017-12-21 04:58:26'),('e97ee332e11c081e6f22ff0c2f415011116a2be7dc61bae40060cd6e70220aaf4d2a7b45f82fa6b7',2,2,NULL,'[\"*\"]',0,'2017-11-28 21:36:51','2017-11-28 21:36:51','2017-11-30 21:36:51'),('e9eeabb3aa695c2a7eb6e79d65237740d120301edab7111f7a987a75d320255ea508ff3cce03c68b',4,2,NULL,'[\"*\"]',0,'2018-02-10 10:55:49','2018-02-10 10:55:49','2018-02-12 10:55:48'),('eaa23ac7074c957fbb669fcf19bebc3b39293dad5bea4a088910e7144b1f3eea3312818a940e8498',4,2,NULL,'[\"*\"]',0,'2018-02-21 13:05:50','2018-02-21 13:05:50','2018-02-23 13:05:49'),('ed602d9664dccec5d41d59743ba02401363e4a7fd5f9a20ae1c236613d0a87f632950da23a47bed1',4,2,NULL,'[\"*\"]',0,'2017-12-15 13:56:38','2017-12-15 13:56:38','2017-12-17 13:56:37'),('ede82fb56c4681b2972178490bc47480ed7dc214d4560a340cfe478567b23130708ad2be81011c0a',4,2,NULL,'[\"*\"]',0,'2017-12-19 05:05:16','2017-12-19 05:05:16','2017-12-21 05:05:15'),('ee672168f37529ea51fbe929bc7414cbb990098beff296170d87c5556be2d4d3bdcd5ecf372fd6a8',4,2,NULL,'[\"*\"]',0,'2017-11-28 08:08:56','2017-11-28 08:08:56','2017-11-30 08:08:53'),('ef3889cee9663ebb8bced5defec0ad11e241e2030a5fb950ad2eeeb7ea1722a8b2d4867efdac0198',2,2,NULL,'[\"*\"]',0,'2017-08-21 09:31:16','2017-08-21 09:31:16','2017-08-23 09:31:15'),('ef54c834bd132b86cb18f5ac8baa380b763c5e5b8c8e3b1d38abb8199d707e775c349e19988ac993',2,2,NULL,'[\"*\"]',0,'2017-10-03 04:43:46','2017-10-03 04:43:46','2017-10-05 04:43:45'),('f058572028b4fc27095ed4da5afde7d7132e60bd03971c2c6fd0cf2b471dd6cc7124a6dc6afd6dce',4,2,NULL,'[\"*\"]',0,'2018-02-05 05:57:54','2018-02-05 05:57:54','2018-02-07 05:57:53'),('f0c789c2b90301498ccea7d32cd9d0edeb2de583377a2b95bd791394a93135ec0ed6518d0b262c4b',2,2,NULL,'[\"*\"]',0,'2017-07-03 10:22:45','2017-07-03 10:22:45','2017-07-05 10:22:45'),('f121d58b10193307bd1c2f0e5b506b0135a6bdce5e05ce6c57b8c9623d589708bcdb17d97f62a02f',2,2,NULL,'[\"*\"]',0,'2017-09-09 06:04:23','2017-09-09 06:04:23','2017-09-11 06:04:23'),('f447c5a0e72f99d24631fcc1cdd86669bc8cba0ae44ae853de80cdf88ab4edab287301bef1ce2f52',2,2,NULL,'[\"*\"]',0,'2017-12-14 12:34:17','2017-12-14 12:34:17','2017-12-16 12:34:16'),('f46e4830332412fbf214f28128d58bea1ee21b3e413d95bceef32f2bec4ccf92f955d7a834710744',2,2,NULL,'[\"*\"]',0,'2017-07-19 09:31:04','2017-07-19 09:31:04','2017-07-21 09:31:03'),('f491e70c009f4634b95d478fcdb29a772d705a38c42a832a834269e2cd56eebb94dac9b2f2c8b971',2,2,NULL,'[\"*\"]',0,'2017-11-20 09:49:35','2017-11-20 09:49:35','2017-11-22 09:49:34'),('f4fe3c5d2256b57832a0c32741c4aa9a1214480ad764feb3f23e4cb0382d217a90f1d22c09622127',2,2,NULL,'[\"*\"]',0,'2017-11-11 16:02:39','2017-11-11 16:02:39','2017-11-13 16:02:38'),('f547e14755044693bbb91cf1f39fd814c3b8171f92360e4071473dea47eabc4c8663cb2aca7cc7b6',2,2,NULL,'[\"*\"]',0,'2017-06-14 06:05:12','2017-06-14 06:05:12','2017-06-16 06:05:10'),('f5dbc48f4df26a2bb18234949864190bc306058d435a0a5244b4834d4a0bad5cea3ee2df58b8d74b',2,2,NULL,'[\"*\"]',0,'2017-05-30 08:12:41','2017-05-30 08:12:41','2017-06-01 08:12:40'),('f6e97cda6f4629b60173d7412f3f9d4b9e9dc699aa4907d704e0dc52041716e400629a8d8a08d821',4,2,NULL,'[\"*\"]',0,'2017-11-29 07:00:01','2017-11-29 07:00:01','2017-12-01 07:00:01'),('fa4361e9e21fa759dc55baf7478a58005ba1dbccf7ea2909de1d8206b7a7f6013fe2d50cf410bf8f',2,2,NULL,'[\"*\"]',0,'2018-03-16 09:31:58','2018-03-16 09:31:58','2018-03-18 09:31:57'),('fb1a546625be9b2ab393fc0d40e5a8a7c0c3adf19ad2c9de2f113b4dc101b2816122dd82ca123c37',2,2,NULL,'[\"*\"]',0,'2017-11-27 08:14:50','2017-11-27 08:14:50','2017-11-29 08:14:50'),('fb8d24743d4dc3cd7e00597d39a16ac1197cee9c6da72933e640227905280485633cea47b8880121',4,2,NULL,'[\"*\"]',0,'2017-12-06 05:50:47','2017-12-06 05:50:47','2017-12-08 05:50:45'),('fc06cf53adcbb7f0c344c8819aad501a88e6869d3c360e4a1131581645a3f2f49ac0bb76e7c42877',2,2,NULL,'[\"*\"]',0,'2018-03-23 09:07:49','2018-03-23 09:07:49','2018-03-25 09:07:48'),('fc5f5cf1c3bf51761d0c26849debbd885c06929dac7b338b412d0f170ccf748bd8a3d47956ae90b7',4,2,NULL,'[\"*\"]',0,'2017-12-31 12:39:44','2017-12-31 12:39:44','2018-01-02 12:39:43'),('fd0181e46fbab1b8efeeb8b6361fb7e5aa4848b14a3a8749c38cba3bfbeeb8fdc541581e14a8e521',4,2,NULL,'[\"*\"]',0,'2018-01-02 13:20:17','2018-01-02 13:20:17','2018-01-04 13:20:16'),('fd1237c5f1886e3bd1e06b05b14a78f193680b37c8e4688c054f233e053dc02f1334662553d8e67a',4,2,NULL,'[\"*\"]',0,'2017-12-04 05:46:54','2017-12-04 05:46:54','2017-12-06 05:46:53');
/*!40000 ALTER TABLE `oauth_access_tokens` ENABLE KEYS */;
UNLOCK TABLES;
DROP TABLE IF EXISTS `oauth_auth_codes`;
/*!40101 SET @saved_cs_client     = @@character_set_client */;
/*!40101 SET character_set_client = utf8 */;
CREATE TABLE `oauth_auth_codes` (
  `id` varchar(100) COLLATE utf8mb4_unicode_ci NOT NULL,
  `user_id` int(11) NOT NULL,
  `client_id` int(11) NOT NULL,
  `scopes` text COLLATE utf8mb4_unicode_ci,
  `revoked` tinyint(1) NOT NULL,
  `expires_at` datetime DEFAULT NULL,
  PRIMARY KEY (`id`)
) ENGINE=InnoDB DEFAULT CHARSET=utf8mb4 COLLATE=utf8mb4_unicode_ci;
/*!40101 SET character_set_client = @saved_cs_client */;

LOCK TABLES `oauth_auth_codes` WRITE;
/*!40000 ALTER TABLE `oauth_auth_codes` DISABLE KEYS */;
/*!40000 ALTER TABLE `oauth_auth_codes` ENABLE KEYS */;
UNLOCK TABLES;
DROP TABLE IF EXISTS `oauth_clients`;
/*!40101 SET @saved_cs_client     = @@character_set_client */;
/*!40101 SET character_set_client = utf8 */;
CREATE TABLE `oauth_clients` (
  `id` int(10) unsigned NOT NULL AUTO_INCREMENT,
  `user_id` int(11) DEFAULT NULL,
  `name` varchar(255) COLLATE utf8mb4_unicode_ci NOT NULL,
  `secret` varchar(100) COLLATE utf8mb4_unicode_ci NOT NULL,
  `redirect` text COLLATE utf8mb4_unicode_ci NOT NULL,
  `personal_access_client` tinyint(1) NOT NULL,
  `password_client` tinyint(1) NOT NULL,
  `revoked` tinyint(1) NOT NULL,
  `created_at` timestamp NULL DEFAULT NULL,
  `updated_at` timestamp NULL DEFAULT NULL,
  PRIMARY KEY (`id`),
  KEY `oauth_clients_user_id_index` (`user_id`)
) ENGINE=InnoDB AUTO_INCREMENT=3 DEFAULT CHARSET=utf8mb4 COLLATE=utf8mb4_unicode_ci;
/*!40101 SET character_set_client = @saved_cs_client */;

LOCK TABLES `oauth_clients` WRITE;
/*!40000 ALTER TABLE `oauth_clients` DISABLE KEYS */;
INSERT INTO `oauth_clients` VALUES (1,NULL,'Laravel Personal Access Client','dc6PWLt05aDs5ftBZt0YbhizbDfsGQACDRpAHOpZ','http://localhost',1,0,0,'2017-05-30 08:10:45','2017-05-30 08:10:45'),(2,NULL,'Laravel Password Grant Client','Z4fbZSgmTEVX9UNKWwn4B30V5NHut9p8Ui9hvW52','http://localhost',0,1,0,'2017-05-30 08:10:45','2017-05-30 08:10:45');
/*!40000 ALTER TABLE `oauth_clients` ENABLE KEYS */;
UNLOCK TABLES;
DROP TABLE IF EXISTS `oauth_personal_access_clients`;
/*!40101 SET @saved_cs_client     = @@character_set_client */;
/*!40101 SET character_set_client = utf8 */;
CREATE TABLE `oauth_personal_access_clients` (
  `id` int(10) unsigned NOT NULL AUTO_INCREMENT,
  `client_id` int(11) NOT NULL,
  `created_at` timestamp NULL DEFAULT NULL,
  `updated_at` timestamp NULL DEFAULT NULL,
  PRIMARY KEY (`id`),
  KEY `oauth_personal_access_clients_client_id_index` (`client_id`)
) ENGINE=InnoDB AUTO_INCREMENT=2 DEFAULT CHARSET=utf8mb4 COLLATE=utf8mb4_unicode_ci;
/*!40101 SET character_set_client = @saved_cs_client */;

LOCK TABLES `oauth_personal_access_clients` WRITE;
/*!40000 ALTER TABLE `oauth_personal_access_clients` DISABLE KEYS */;
INSERT INTO `oauth_personal_access_clients` VALUES (1,1,'2017-05-30 08:10:45','2017-05-30 08:10:45');
/*!40000 ALTER TABLE `oauth_personal_access_clients` ENABLE KEYS */;
UNLOCK TABLES;
DROP TABLE IF EXISTS `oauth_refresh_tokens`;
/*!40101 SET @saved_cs_client     = @@character_set_client */;
/*!40101 SET character_set_client = utf8 */;
CREATE TABLE `oauth_refresh_tokens` (
  `id` varchar(100) COLLATE utf8mb4_unicode_ci NOT NULL,
  `access_token_id` varchar(100) COLLATE utf8mb4_unicode_ci NOT NULL,
  `revoked` tinyint(1) NOT NULL,
  `expires_at` datetime DEFAULT NULL,
  PRIMARY KEY (`id`),
  KEY `oauth_refresh_tokens_access_token_id_index` (`access_token_id`)
) ENGINE=InnoDB DEFAULT CHARSET=utf8mb4 COLLATE=utf8mb4_unicode_ci;
/*!40101 SET character_set_client = @saved_cs_client */;

LOCK TABLES `oauth_refresh_tokens` WRITE;
/*!40000 ALTER TABLE `oauth_refresh_tokens` DISABLE KEYS */;
INSERT INTO `oauth_refresh_tokens` VALUES ('01868bbb90aab7061bfd6a798f2b888aab983c6fc9122c04dfe67221e1e15c5ff3b9baf0bd461b95','42c9cc479fd9bf2f71efbb352d286292f817fadc5edb39a79d210d83ef27cec1014a1c315908808d',0,'2017-09-21 12:44:58'),('0208bed37ac41a0d1394dac6079b7b2052f972c624a5480ec5b20ffe975f5fc6556d0ef5890b0f73','1ffb93e2f08d27a5f88a35c54ea8a529bc3a1959c62930385af4209ca18d769246d0facc94b4dc7f',0,'2018-02-25 07:14:11'),('02c3c30f37f0ec302bee10d16b890137c3da13349624a006c3c0e7e699c085ecb9bf131741ddd82f','05093cb10301f048b99156759537b63e0051f5e2e97bd98833ecb45dec6ff37f3f32d92c823a0a19',0,'2017-11-30 08:57:27'),('063bf1be363c0b924313c2457f395bdd1a7d249a27a28946988060e6d11bae03eec0e78c7fdf2bc7','fb1a546625be9b2ab393fc0d40e5a8a7c0c3adf19ad2c9de2f113b4dc101b2816122dd82ca123c37',0,'2017-11-29 08:14:50'),('070553cfdc0e31436c0b9e29f8c369f4efff1cffa47e47b671e65facf5363f59a86940379a34499b','5a389cee82827ca3b6cd57fee82f8b23e20f0c2d4e21c8a76672b2b71a1caf91282dde6e70875357',0,'2018-03-03 07:01:23'),('08251a442e2b616b01d84ffebfcb719127851c21c349ffffa20508bbbae973b01ffca6e6ef53f234','b77b98e79936bc969537b8666dbffd1b51a8e3959297cc7ddc181e7b77eb2f8d7c196a4ef5a8877b',0,'2017-11-30 08:05:03'),('08a0455c87365b2f888d9b443732209312e4cf4a989eb54f31939990aa9db6915b956cee62ebe7d3','5e74568629836eeda2098637de957794a357a8328c8df2e273679fd83b52e0c266fd009f4351d362',0,'2018-02-17 13:13:56'),('08d1d931667aab49fdac7591676593db8fa160e66815c809bc02f73107bc54f5d37d68f11625cb66','934b76b3799dc964aca53a3a0e3bbb23d24ec04ecf0f81103b2098baadc42c502bf265d14d67c384',0,'2017-11-05 07:33:53'),('097bb3eae9592005be707eabeed5a90aaac42073e7ed8f08eec17ea20ce860e8dc95cc4c2d79616c','f121d58b10193307bd1c2f0e5b506b0135a6bdce5e05ce6c57b8c9623d589708bcdb17d97f62a02f',0,'2017-09-11 06:04:23'),('0a676a8e76d6fbdaae47745a66d915ff1586e549954671877450ac67be07441a3802d21504c6efc7','e1a5f7dcde306b2bdbc4c83da05a72f51692478468774e4899bfeb895004c76ae342b75ebe2f47c0',0,'2018-02-14 05:11:28'),('0aab8f94c50101e7e4ca841bbf2c7df9ec838a58efd9a93abe4a40e96b520223601766e86a2efb6f','f547e14755044693bbb91cf1f39fd814c3b8171f92360e4071473dea47eabc4c8663cb2aca7cc7b6',0,'2017-06-16 06:05:11'),('0c3f28af2dcc87ad3400059363b9faae00a6d124899b97aeeddabaae438c0542470f4c2bd0d1945b','254dbf655a6e09e4b7ac29d39eb318cd666eaf219d3c5996dd556f6ba1b35bd0a16b7c05e2124b60',0,'2017-11-30 21:30:47'),('0e68238ac0696e390546aab6b045017772586bc817510fe371c7f9babd87c3e5126df0fcc870dc46','2dc53dc3ddbf4433783e726ae9fa56a6649787466265c169fd3234e0d16c634ee962ab07e844a261',0,'2018-02-24 12:25:58'),('0fff16e0f51bfc4e90b07c9a01338a2d85e5f57e4c66babc44f27317c7bfcec34e43ef93afe70c36','d85d07e05320a3ccf9feb80d98fec6e18fc6964552b92e26f736ac4832a44517b6e4c9096406783e',0,'2018-03-25 05:52:30'),('14c5d20013f6a681abecb6c23cbdaa9cd9ea5a14f09b8391ef40fc49aae712b68f2e25c990200a12','29e2414ff3dd617cea0438bcc74d7a341f6a16cc81ae74d832154ad170af92cfc7a84c71e2493020',0,'2017-11-16 10:29:49'),('176321a5c32a6621626d5f18667667421f1388f81cdeb83b9d4654c772efd126f30c506cd60049dd','82e161398097552b6d969349c6a50c878ec312d5eff64d21e5477d9caac8ba8ebeb311214425c12a',0,'2017-11-29 12:19:12'),('176d38fcead23f3bbedbe2cb7e03f6f3bc69f42ee29c9df4de860f5df1fbf66355ae76b38d67c93c','a89828c2fc16dc48ff7cf2fcf00c6b67276d0037dc6275b79e0c8ca3568959846f29c12511d4954f',0,'2018-03-15 12:36:49'),('19028f76e2fba925c3ad6a1668f7ed8fd194a3c3e3bf51161ab21e534ad2a40772784b523b7619c3','88a6f010a172249c1a9c6be4b11986d7e15c50c9e48d8ff16c8ac13b6b01b55f67af7f76e8cb30ab',0,'2017-11-16 10:47:46'),('19868cd3c656f8d99fe9d0c230d497a963a7f742e81137aeb9ef0b210561b4caee4f4c2e5ad6ccbb','1946dd42066a54611b41676dee2d61e51589a0683846e7c51fccb56f01dcaa0ce72d23248d1a009e',0,'2017-08-11 05:13:07'),('1bf009481633a451cee63aa1ee56df9977d2a6d3b93c53ddec4ff80889c0aa48f38c8cfaab163703','3fe79822291db920154ea4133bb672275c5960e903a8a2b2f31f5d31f2ce554d59c27eada25918b9',0,'2018-02-25 05:52:19'),('1c520b7124818d80298bafaaa4810e6633de5e6e3260f1d3ecf75f95650c1585b78db539894bfb82','a3cdba9ecca016682d9dc09cb89b08186fefb99afb30c4e03695613a027050e24c6204ee3d4fbf03',0,'2017-09-17 07:19:09'),('1d08dde90de1ae7bea5c825b8d33b67ac62f3608db4b3d23191d2fe86e4321419457f8300950beea','3ef53321cb9eb567089ed8ff0dade0937f415073a2272db9c2bcf83cd161e456912a9e9910c03eda',0,'2017-06-09 13:36:35'),('1d439d68ec0353a77c9d5c71e81d5577446ec901174e233e12c5eca0cd29c1bf22822cd641d1fdf6','732803fffcc7df6b1964445ad63a4562ce77716f6137885d977cbb6df580e071ee28257179b28ab0',0,'2017-06-21 01:12:05'),('1f3233abcfb315fcb0ac2fd1799f2bed7c3ff26274618b19dfbd7c2c399c22890bd86e2dd476da4a','9cc58066062b46007e3774d4f65a554af6e78fe3bb832131b0a9cffdb387fcc212e599d2a8f8baba',0,'2017-12-13 11:35:01'),('1fd4086afb1c5b5bc80419bb4be88aacbe575ec7e0b678efa3c076ada9c62e288191314d871a8a7f','72bd14b58543a836ddd28ca244528bf41b039278e1ec411dca3eb56e4417eb1273922cf8eb237758',0,'2017-11-13 10:07:08'),('21b12352aa0060de1ceb1c210bc51ebed5689e500cb0be9a95505c2ebfc44d23e534306d3c37f41f','7a7952d7e640fc868a189b14a44046c5bcaca95d86f59c5ad619c396928dcee47fb16d74343173df',0,'2018-01-10 11:46:15'),('22b992cc8449c3de77a0c9956cd547bdd23ae29a930eb177e2a4d4f407c917bdf6a50aeeadde9e32','c2b3e72f1eb39da298a4533dda12a2b48d3d790966d8429d7f577beb1c50934f37ecd705c5b4ded7',0,'2017-11-20 08:41:32'),('23c281d470ac002abba239256b6c948c48e8fab43058ca09b4910f3b67076f2cfd9299a4edd88ec7','161822cbc79adbf29ece3dfafe9822f3bd3285a1ced4bffc3fcec1837e2a33b74ccdfc1a77770ed3',0,'2018-01-29 03:32:37'),('25436ae4731c39102d832faf14f0f986247c89de9f52547ef7c9f4b5a08f1d33144469f9a1c3f3cd','890066df69ef3defa5d564178157c56c2fc8364d774127a96077cb7c5e146cf69c2b7a1b2f43861d',0,'2017-12-18 07:32:33'),('2760281826def81c7df960abc6d0b6d440a2706d0f5b8bba71898f7a6954855ae4169bf36878ed60','d9b36e3a200ad1a39e1440f303f43756182f62d0af1c70d0f64d4de750e54648f294a1a094afa64f',0,'2017-11-12 07:28:22'),('287b522fa1435cb4b20e617b055c0fd43a11729beb30324bc46862f1c0907041d7d75f23bd4146be','fd0181e46fbab1b8efeeb8b6361fb7e5aa4848b14a3a8749c38cba3bfbeeb8fdc541581e14a8e521',0,'2018-01-04 13:20:16'),('28a742f5f0b2dda13fccfbf4ce158d7acec604e4930178b1000c56b6babb9199e2a3fcf30b4beb68','25fe4c4de085e7065a948cf4a2111fb86e45b209a4a2fd2007c18ba17b40b27badc559898b6fa95a',0,'2018-03-16 06:08:46'),('28e5cb3389954f92f599f4e3ebe59604025077f251b7720d8c4b718c763b7ca5a5d3c7c36f004c78','22c4cde08a02c986dc7aaa1247435bbee467944275a8c5454e2f7bf340796aee83a7fea9481d0370',0,'2017-08-08 18:58:08'),('2928f6e083bec9df073b6717d146a4fb4bfc7dd391a151ad698444f266c91ab67921ea186d00f69c','9964d258330dde3cb50cb14fd11d798aa70f704e21d8eadd971acbeb55db9402f59f7ab71eee635e',0,'2017-09-06 11:37:51'),('29c6aea2cbc99d543584ca59b67d53ad0595a2f3375cb63f05acaba105c8d48a456fd4bed0a8295d','2692232a9c808b0247300e1a9897ca5436fec68210174cbb70533ed121cfd5609b653adf67068886',0,'2017-10-29 10:51:56'),('2a2cbd8916ae91e287dd63ce721d6090e07302b59b954293416d69321e82ba7cfb68e62965b1c814','8b8890bea665221c6b1775bf72179b51363db9507e2c502548160fe08e4e79ae18e8d15d26cad60c',0,'2018-01-08 11:23:44'),('2d07fb817a8c2b7187715d84b7036beaff4b03026d5dc025fb21009adf830aafa1a4f2324ab7b6be','df992fe442a942c1cfe67ca8b2373ea2f1fe867c7327225b5b70c4ece5fca8fb3320f6509bd2c78b',0,'2017-08-28 03:22:40'),('2f6d69b9026c1c401db1701552731c7560c567ac16b5c4e4c6adf3ecfa45200cb067109c9176605f','0bf8ded576f1786e05f3e0c4d3d7587a764b937b21fefad9e77b028177d8ee3d630dbeee25b8e910',0,'2017-08-30 06:03:46'),('2f8aad5d2d3e5a9c629e54714f23694210b5ec69a98b02e6eea69d5bc6eeb7034bb62c7af02375de','85b8ecf58af6a6f5b0a469bc0e512b93100aefe756f1daacd4dd2fab4f663a41c1782f6fc33605b5',0,'2017-07-13 14:30:54'),('2fa2942edd77c70c46dec1908f6b20665e464aa556829e352cdd663fd01497bb436708587854fc72','7b5114ff07512d6b7539634cfc1d75c7479949bbd85b1135e2603efac979890a5e4881901f0ac68d',0,'2018-03-16 10:37:50'),('307d17fa95e10b4d4a20fb256595cb1db80b4ef817590cb21052ef7a7b5eea91d8704ee1d5d6bf6a','ef3889cee9663ebb8bced5defec0ad11e241e2030a5fb950ad2eeeb7ea1722a8b2d4867efdac0198',0,'2017-08-23 09:31:16'),('30d19e7e84b65619702c5504e9339755232189b662d20118574b47bda85d0eb44a22d961ce28b820','9011012d7c45939db718e6ea5aae81d770df11890708ce97637856c86fec49045f89bfd0f8744213',0,'2017-12-16 11:32:38'),('3110517a9cf0683b791b86a0dfe20714de7fbefc21e53c8a6ae5dce4916cf654b3b124d435489739','b1084c3de4b340d4515be7c25c85db5f9339e8cae788c7232b7e6b579428cf8bac1343f889b60dae',0,'2018-01-11 07:50:26'),('312a11e582745bfa9527949b8779811531e41369ed845f9b47bea182087997d89894805e23c0aac4','9edd7d024f6fe9553cfeb61b4c3cda5758af9228fbe182e3d1113ca5dd692011184a6bdb3bd5a028',0,'2017-12-13 06:18:09'),('316b28fe8d460cefbf0fd004418aa2cbf2994930527a7804a334e0891ad301a7576852774333d0e3','7dc55258761b069594bab7180e71308e9f5ee3c31d9189a73f0bbbe46bf45f7def092ecc472d085f',0,'2018-02-05 13:47:16'),('31a685abd40aed63f73273fc3cb567cab0f7f1d7e35e77a294217ca1f48a1a1a87569a6cb71a9654','3ee5816ea855cd171415129eddc05c22c1fcbb914878840bda5df12c071c8c6b1287185c81b8d7ff',0,'2017-06-08 18:28:53'),('3303f591234eca85755e165a7d358efd476dd47f5ffbeb0e56127c3559934e687b32ec70d3ab6e26','2c66a0a71efe4e3da469b70da86b1ef342a23893b21e49d2a5a32a16c95953800b5e60a2f1c9b936',0,'2017-09-04 11:34:22'),('33bb23ac4d69f8e45e8e1d88cb7b753cd6b860ab020346bafb6474ea78e0dd738812fb791643a2b9','94870cb5cbbf18ee9e7f6c1cbccef72bedeae780fcd4cd22cfc27d37945f054389d1fe6bd7f516c9',0,'2017-12-01 06:12:54'),('35aaeb5234dddf113a489968bf01659c32460d5e1f57f5a943a44aeddecdf738a6366a6c949f6ab3','d3c5a81df4aa28e9d88e29c6a5e1a395974bf1df91156ee2eb8f83a1bf2cd0440de8cb91bb9604d7',0,'2017-10-18 06:26:35'),('3936b5483ea3c19aebc33f5776addef54a6583425da448e463a792c38dcee587eb029da3d1004e52','d9b53cb77cd317a46b57adf369d20c2ea1beaa5565f251bfc827b59cac0550f5d8fc6ea39a916899',0,'2017-12-13 14:53:26'),('399ef0446834c6e227c7a51ab3c9ed8e3a7bfb38c23a77d7e5af04b7ca283652f0a3f1f432173361','96a994d40d4c8844d52517ac07ba53b443621633538485ca4c2b3bbd1b290826b1d7ffc7c3b0e7f9',0,'2017-12-16 12:45:02'),('39bdfb74d54e64352fc6768bc615cbb681fac2641b5f045f0744ffeabc930a1b6c0752aeb25b42d8','8abb38abfcf6a48aef484e59d54323f1d1a4b5ebf019b6c6a46ade1ed30a21f989c0f11a2739c02e',0,'2017-12-16 08:05:24'),('3abe2c2f1ea2b22bea04df0a7ec36c38093703198b735daa1c0b2a709ea303fd955ec33d39a26709','02dfdfbf0e769d554d3e9e1c998d80e834c3fbedb809cc7dde3bdcdfb271b6b0e8b9b070048aaa33',0,'2018-02-21 09:09:31'),('3cc86ca028a6547da88519ed8cd56a7465efea0b4e854b4fbe24e759cc6cc15e1881d3b5347da0e8','2c2cb0dc688c512db9214efdb0e619955d771d6c84e025bc738fd35e6a959cbacefcd07bf4d8feed',0,'2017-06-18 17:32:44'),('3d419d857e9e9423ed198888ce446d8e2fd70ac0b4dd6be6c24deb2f5130ea4d55ce262437188cd5','f447c5a0e72f99d24631fcc1cdd86669bc8cba0ae44ae853de80cdf88ab4edab287301bef1ce2f52',0,'2017-12-16 12:34:16'),('3e36ba71794fcd3004883d3e43690e19af2f6eaf9a66cc7c9646e6e037678039eb61bc941e334706','3836e6c04dc73b74b5f7fb48f8cd37a93182ef4bffbdc22e9ae8d4c844d751b722f3629a332fa9ac',0,'2018-03-27 11:41:26'),('3eee5222a99f7b25142a1d146997ff327d460784e03804b091f258bcda8432943b88bd073de72b2d','3246666eec32c734ab2f60f1828a7587121cfea9690cb7b76de95d7b34c8400f23cdc41fcc397dd6',0,'2017-11-29 06:44:08'),('3efd4dc5e21012cacb9799d131ce10f38bb2055a8cee602d7c1f55f4735fe15c1dac4199a6d9f5eb','817f8e767add993d942e0b5f65d757084767d2d8d5203138ca454b31afc7f2c8a4f33a96f9976f27',0,'2018-03-15 04:27:43'),('442c23e44d7eb2ef74fd2645833df185677baaf5d2af4b294dc6c70ad986ff8accf4c6c8d6f75568','2c3711910fba1b09edd606b025bdee6f96220e369e5e196982f1109794d7da5fd33d215860b43525',0,'2017-06-04 13:31:14'),('44561e4115e23dcff22528b2807bcb1e61655206a0607a23c53b6686fdd8bd2eae7ea04a187a1d4e','aaf0ddfb44d2bd03a9f6a7ec285d3a9f88a52d3cd36e60b3fa45a1440f3e28fadff43bc64efc4ec2',0,'2017-06-23 03:13:07'),('44a137f58b21f5fffefc1b287d04d2a123e74a3fc76641b36c6ce68d9b39132669a6c58d626eb69f','7be9a624e229d51d496bffd4b4d9db287a98fe44a78b2ad07813883884b19f8f18d7019727d7c595',0,'2017-07-09 12:37:27'),('454dfa7bec952e39de7252ab06a1ef85daccf08d82e308da4d9ac71f3a99eb1b991b475a76f0a116','48b74073845ed7eb83749323480fffea03f161f2d891bf71efd3787c31d8d4124edd719a25d92375',0,'2017-06-05 08:57:55'),('456180bb172f75a5953227f5561dcbcd30ba5e6ff5f3b440ae7ff8dd05666b7312aba1044d817b06','f491e70c009f4634b95d478fcdb29a772d705a38c42a832a834269e2cd56eebb94dac9b2f2c8b971',0,'2017-11-22 09:49:34'),('45c9b16d7b7ebb593961f2451df7aca860db530810006af792d014d268652682f58a1c9fd7327e22','831cd0d75f0bf9a3a904382e398372ba61115e51a3b983f723fb61ae23313530eefd206b7605124b',0,'2017-12-13 11:36:41'),('4682d545c7ea32fe3bf60746d9fbae8a40f2a63136b02983fb99d41b33af3a0dd7b36c41f6193c37','ef54c834bd132b86cb18f5ac8baa380b763c5e5b8c8e3b1d38abb8199d707e775c349e19988ac993',0,'2017-10-05 04:43:45'),('47457840bbc4796095cf898a459d02ea4917b181e99ce991392b8c3d5174cdf938ad1c0ebb94aeca','34163bb13515708ff619c6373b029048b88b18963d03542a8d2fbaeee71fcc114391e77cd26fb59c',0,'2017-11-29 12:22:37'),('480f6de644296df968df3c01046ac5db05aefa58c099b86f75a34a854abedebea63612b122d8f407','d1b45c128fba49969f5c0aa1ae8d7a62f02f4dae898fc6f8477f15a6b0c33029efd8a512e60f9fe1',0,'2017-11-29 11:00:56'),('4866b5fd13f7c73003124928b09d04fa3b967d07fe4342022a1ca13935a78f4c93812eaf44078243','e1adf87cac9756efd16a4591c604592c7123530c53d09563053dd2ca948327daf56253a61798de53',0,'2018-01-14 11:09:25'),('49f1336faa992cd0b86feef0ef238008857f0236696303849db4140ac5ee931c072a8fc27e09d18f','69c6b31624135069b95a84a9d763e29720bac1767a94f29f9ee5042726c9a995361d680f00861d3f',0,'2018-03-15 04:31:43'),('4bbf2aac097cc1428a02873e3a84296f64320ee6727a25b7df35c8a3911e6aba285751e25d718935','79ab45bf892207448ff0bbded51298da8b2a8c4a2fb0d60146083b376db70196ac69b0b805e3006a',0,'2017-12-13 05:28:33'),('4cc487318b36aaa036b0c8e2542200d00303e6b6e8a88a164664381933723c10727f236a9e79ecf3','4417e43e6a6040199d163c5f66e209452ba295a58a46ce501592d07146c55a7983170cae674f90e9',0,'2017-07-01 08:16:39'),('4dbce033f8eb095b589a60e4dd959bb8cf29a18238fed649827aff19f1a44c74ded82411beebcc7a','9d19589c57b01e3925a9321c8422fd454fae342adad12f028cd6fd83cbff73deea56c0f82605d800',0,'2017-11-30 08:05:03'),('4e0fe5129dd242632843c40be5eb2a6117e2b095d79b0300f1b4e99b1addef04fb07935a836fe34a','891d4ecef03bc54bac919368ee9fc87178c384f0c7d0e5e2e5a3de1395cce7f9888bcdbcaaa4b836',0,'2017-12-03 07:21:56'),('4f0589cfe7ec7304c015307b48436e696315830d646dfd64523697ed64f77412d24369045a4f475c','140f972bf6c0afa4e79bfd229a4218bb2befe1b2e94d0b49b418d32e516be9c41fcad64f8bd9d07b',0,'2018-03-16 10:15:25'),('4fff90d83680198e5a899939f3755a82fe03bbe5f4faa59d82f84897b6ecfc53f87b481c39d1cccb','8bc3d63477d83014c77a7e2c61d01a0eebd7b1a414259c02ef8b4a98b9a22ecaaf9ceef056caf940',0,'2017-11-28 14:04:14'),('50797271492bab69fcf816eec5e17f2a679b5fa93792c56295ce5687e45843a4cdf85634bb34a5ce','bfb420b51d401ef13c89f9a8a89d9df3e27c68155bda563052712d777e9112ef99afd6be5a097cf8',0,'2017-11-29 07:26:34'),('5131b95a19da4c7b29b97b0f4583fb1ba379f080738ce3f0c2d08f397d938a267971383962941722','93dd28dd18e6d6fa4d04d22b5d9f66bfb7b19cadeffd021904eddf3a84f1eb5baf0cc1c6c73f4219',0,'2017-10-08 06:42:03'),('547d9e58f87da7d67c644f950c37364d97043e3fec530fb4ab959bdf0785252b3a427410165e2968','a287a835b6ae44fc9218da4e4b1b57fb2a623db49edae5a15ba3aef24803ee99a9567a89ffa8bd24',0,'2017-09-25 16:32:39'),('561b0038fb163ad182191a29181ad5c417843d8fd235a0304c0b075c66b71fe5a4cc3c8db5fe3db9','0c74dd960c023118e5cb7fb563e7ee08f4aa136617e910bd7391d20a036b40854e4f09fdc3f601a5',0,'2017-10-27 10:00:13'),('5750b7b5a1614403e6fee3859bf055b0d68a69a1c45ce342c7e25f80e43621d4892a4849b0de9154','2a90e368b0c23f84b1c92f6801c2590d18170666ae7f2604f79e2d86474a94890f668a678ac5c6c3',0,'2018-03-16 10:33:52'),('5a44a1fdcef541b25a2b2a17ca86f875b6c3a13f56bae73ec43b9a18e1fcca3324e61a55239fb690','773fef5be915ea44cd5d32f1ef718003b1baa37562e2e1e5abedd8d4cdf2405c93aa03e97da0ce82',0,'2018-03-05 10:34:13'),('5a6656fbabc4c80fef998c73ca673f4bccc6af121f9ce066b7b0fcf844a587453e8b3749c1da10eb','fb8d24743d4dc3cd7e00597d39a16ac1197cee9c6da72933e640227905280485633cea47b8880121',0,'2017-12-08 05:50:45'),('5b01913d490a2e536c7fb638c2df9be9b88ac8bc5f90bbc7c04724adf46da1432270bfa3c680c019','e47f3de4ac432eef8ad14301c9c3538487e7bcf74cbf05601e94f25c4155b317c303b226d144caed',0,'2017-07-19 09:29:31'),('5d32ceb05cb4daa27cbd2529b8f8b4fcd26e46a301ea5cbca9d45925d0b2c81a22c3759f14f484e9','878fdaadf12ba2f546f2c98c83e6b5fd056a7999f9287502cf496847856add3dcc86fde4f52b4b7f',0,'2017-11-29 06:58:53'),('5d7dec2bd115e83c1a18edd7d9eb61ec9e36afa1646cdf03ce319799511f6e9966c7e148ee335ec0','b7350539ac464803264c5c2ed33e76d6f0bec3a3583720e78803581e57394295f54b89c9b8df375c',0,'2018-03-23 11:22:00'),('5e481294b26144253885f77a46fefef7535a7df528e6bc4d1522918e8d26398108ab738e37da6b92','e9eeabb3aa695c2a7eb6e79d65237740d120301edab7111f7a987a75d320255ea508ff3cce03c68b',0,'2018-02-12 10:55:48'),('60bb09f73fbfe176174a37a56459354146f20816ce7da842eed91be81a38f261777f1c907d216882','c6fe5927962428ca5eb7bb7a970aeed2747f7b9e1e7b47b4fc13bc640f7f648fd4b984eb13ea78d9',0,'2017-12-01 06:16:24'),('623a7c129b3f900d7606ec2ea2fdd7f7e6549dc692285c26965049196827e91369a2c1d6595d6b85','d556199d5944aba15c781e8a87fda8adf50ff3fddf7986ef52f7f00d862a601b5934b2919f4cd078',0,'2017-06-11 13:39:39'),('63831c9a2ef892ed299cea0109a144e62467f26423b7c709e05ee6ffb90724b8627ef492a15ddb18','a611048c2563c73553dcc37cf803322d15d90bcbce99a22fd3b239ef497fcd3f3a53da27c2492e36',0,'2018-03-27 04:46:47'),('6394da24c1bef51372d129b04323e18616fd0986ef0c5f68b35a2c7bd0746bf1620a09ef398007eb','19bb10b3980c688d0f390dcf6d71b2c36141b0e670479eb760259155b269d6c2c78f616918d50554',0,'2017-11-16 10:42:39'),('64062f127366ba4488cc5961c065ede6b4239f885060627e834394fee50bb27fc1903d44ff59f949','bff8eee3782d6b09059e0592d113513ba6e58643d50fb1146ffe3e128b6e9646b6e5d90082990cfc',0,'2018-03-16 06:10:41'),('6513bb12e704d300aad09e2f731d9a4db832a88ade95eb6ffd81d1cce3a11293027fb43946f9cfac','44a6d191f3b6de6467c1aebd16f6c78b892985c1271d73ece521b106858fa0de9bfae61215c0852c',0,'2017-09-02 08:51:27'),('656bd6b490cda6d31ee25cdb4446a40763a37bd19cfb5d0c4b2c6c530485d4c9e1bb618801f418ac','45a30f8c9927431bce9f714d9cff80a3c821629ff7c74c210f0f6aed4d5616ca14cce1e82e62671d',0,'2017-07-30 05:11:57'),('66522095bae557b1d8afe59ba375a615561d0e8a1ba32ecee180848f325ba9609b2b64291aeb0419','e97ee332e11c081e6f22ff0c2f415011116a2be7dc61bae40060cd6e70220aaf4d2a7b45f82fa6b7',0,'2017-11-30 21:36:52'),('696a919310861e2f6df945a7bc860e5f618c8575a3604a6ab36ba042fb8bd6c2c16b03bdc8e3c6f1','12bf87431fff9416997c01d75c501f29c966bbdc36ee039e38823c9597c0f579903a5909a562e8f9',0,'2018-02-03 13:24:46'),('6d2ae09869943d868c47723b2f97dd4aca2e60fcacaeaea63495e90c0f5e7c586a493483c2933c27','f6e97cda6f4629b60173d7412f3f9d4b9e9dc699aa4907d704e0dc52041716e400629a8d8a08d821',0,'2017-12-01 07:00:01'),('720e93f3a66526d7c4cb334bf148a4c366d039a5488aff238712548cda8f80e375332bdf96506bb3','5b224ed9596b6bf14b38fb6855fbddc135419838b3bbe648feca26fe34a97e31c86990dc2ade6881',0,'2017-11-16 10:34:09'),('722e1e9c559ced0420c52393b9ee13fe5ee058404596e7213789c87ba1943e4b8852574bf509d0ee','e68ccfce4d17a11703b63494d93f7083a1f58b2d176a7d6702303a9f0acbe5af038b29c4988a3ef7',0,'2017-11-30 21:24:26'),('738642a326c121e3fac0c88f38cdfd65bde3b3bc6a94a6af66121ad2288d3a97b15a2a407f891ed7','d4934783eeebec94bcc21a8e4f4e6d3e898059d2533817c0f77bc04614e84c011de847b5e3e65e4c',0,'2018-03-25 09:15:26'),('73cb171606a07b650afa1a867e5c269981470710775b287c2dad4c9be7d7fd361432eaebb576791d','07d6caebbb71418bcabd30d53870e5354e725029a31da916de698ab2040978c293dc04612932d2b0',0,'2017-11-29 08:25:46'),('73f13230debf23a6f3cdb0bd982b364277ecc784ab0887b08fe13afea2573e51c128295456f1e74b','fc06cf53adcbb7f0c344c8819aad501a88e6869d3c360e4a1131581645a3f2f49ac0bb76e7c42877',0,'2018-03-25 09:07:48'),('75e4842abab52a04c336feaa0eb64d97270a0db7ec86f62a922cccb2517399cb8c3fc5d3934e6fbc','5d06f696f43e6a2f597a694c4cc0b245313723126ebc632de6b2b4667adcee74d6d1a60b0ae22ecd',0,'2017-07-07 12:36:19'),('7667d94f0cd069ef4f9c53da312da003be74fc662d2b1103e2262d102595f92c6233e273b6070358','c0b0ba2364a211bc232d14e4fe30c556902636153c04384fcf503c3c6182aa6878a225e8afcf2994',0,'2018-02-11 06:07:46'),('7989ab9a26fd899c1914ae71497b5c2451bdbd6be906148c6033a0389e0f98f5bdc15de64f25c302','36e83a51501a768be7fad13ab3a1d9da722d19f68116ce4185e1495a9986429eb5e29f4fd69f6355',0,'2017-12-23 06:58:50'),('7a3df1ef4d126abf1f2889f382fb5f643dde57a3b7314804ab2636bda3273f9403bb0751b8307608','a0b3a052504622e1dab0972e8da2dc8ee15443f37018d607644a67b6d8752418e88d2fc752d7876a',0,'2017-11-23 11:44:54'),('7a96f88cfa33222784acf975863cc00fe0c30be89b38f67efcd14f151fd23e03c66541e0b285806f','d524597dd70435adbd3888437f9583fb8a72f13fa8c7ffbbbccf2c6de091c99b29faf9d64d8e3518',0,'2017-11-12 15:11:50'),('7a9890c6f479e9c20847fc4d89b4e7329f9c801dadbbd02f0aa3ffe4177fbad5509295176bac7f67','525cd876fdb9ad52ae3a4477ffeff99a3bc2b6e497230ce9e082f5f3f0d47cef7b010ac77b4585c1',0,'2017-11-16 10:32:45'),('7bfa1033505a8e8d02528778e27ec777021016a08a533fc55db6b081f4a985317b9b82789b958a34','2a43ee5e8fa016323568233f77cdb87b61e0c592fe58050f8cb573252139cfa01dcaf346ce281aa9',0,'2017-11-09 11:00:27'),('7c205eabb4a03aafdcc9844eec89aaa97c95d089aec1ec4e02749087707f6f7155ae85531c57384f','2a13e7abfc9773142d807f49c4fcf463b7d8ee0b5cd6021d99153ed42e4cb437ff210c7278b0f423',0,'2017-12-01 06:25:12'),('7cbddad9dd06296b9466049e1a1d313969800f8e11cc18f843a67b9e15d81cb709452eada72066ee','99b10cebb9ca53babcd1fca7d5259e718583ada57e2cd8e196e06d27ec296332877c564b77a76ad2',0,'2017-11-29 10:55:19'),('7d3352ce343135e41f346d57e5c519aee4fd7a0229418de7871c8645fc43c20a9d8feac50fcfa019','2d020b6dcb5306351189422863c082ee6a94c5fb9229da4c225f41795ff9e46902e9251e4d27017d',0,'2017-11-16 10:32:24'),('7d94f38b601220251887fca419b4fbaaddaa21b08f815d4b1ead8042b460abc41225a859a6035ad1','c75589793931340f36a04476c581115227a041bdff770bfd5c0732f861b3be87b1d345aca786bd8b',0,'2017-11-30 12:32:37'),('7e432b02064db5434be7c10c2b336d1a7d8f1e37ef457269e9703e83b3118021f9f27bf1f1592fda','ab9ab28b7cfc07f6fa56a8229cf40e770627857e484d5e8ee85f33f804a747ca12996f2314666e2d',0,'2017-11-26 05:30:23'),('7e625b3cfe40c2f96619eaa6a5d316ed0ac71125c90a0d5faab727e025df8100ceadf33862c713a5','6dfaa64eaa6727ee230d25e68d22e93b3c432486996b2441c42415dac14939702ba9b682f8c4799b',0,'2017-12-10 05:06:41'),('80736dea6fc96852273ebf9a9007eeabf3c2779c2b1a7cc121e9a4fe2975c45d3cd74b922c91d753','a5b3e1594f6e832c68917e802777ac1f48946964002e8c5081b117d8b517963b12384a16af5b0597',0,'2017-12-16 11:24:51'),('81c908af33205c924a4e00a8716354f554b9a25c1f0b1cf2b1ad1ed58b8eab8296150ba8db892330','e57a57382f4b86b0b8e6f64fcce34a874a9024d4bf9978c1f9f5c249a1912f6af2fa7c0aeec0a573',0,'2018-03-15 05:40:23'),('82365c27ebc18b8b50237dff03c7c1a28b6b5e9ef011e21f3f0593f26697fb9da9368f72d4d8404b','6461be67541b81086175d49b269d00db22c5243dd5c05222f3772232df536bcdc68e1b29bba16dd2',0,'2017-08-26 02:40:28'),('83cc72c19ce69e8e929af92da5a739c5befcfa59098865c4370e3239024abfbe469f261d7f53f905','315046df8d6fa08c11065f75a64d04f3a50122cabc76c28bee74e13b6190302e0572c2ea8bc968ed',0,'2018-02-12 10:59:27'),('8513e0be3db1ff51944cab25044598ab59abf3839134ef2f58a39ad1a96caa6c0026380934c5f04b','c3543bfb19badafd22e13a3a641efbb42b1660252eaa606ab8429e6c06b4d157816dac5e6f216d32',0,'2018-03-05 09:18:41'),('86202addc34d215785e732e24140e77bb39f144f47a7a604f8e04880514c4cb3ff8465414fdbd9f8','84eb490c67e7a7b22ba08b53d98b26f24b6b05920d8699fc3f98aa3fb30e75949fd7f0d71aa32b69',0,'2017-07-09 12:37:33'),('866ffd950d92f6199844f90d80b241614b54debc82c550033e740125d3b3458535c642edb741b823','036c5b39877d76999d0c5caf13bf30a69111c557a7f350a76958773853f1814eda9cd598f3080533',0,'2017-11-29 06:43:29'),('86facabc6ab6bc6d65b41352a3f4ee2a767907016b139c3f312ba1d6a9c6358107450d6f57fe3a1a','3c0c2cd767e3a1f0c2e4cab6343a725a9983ecdf7aa60803e89f4c2441e5db5bcc748fd1eea0a169',0,'2017-10-20 07:28:56'),('87693ec6ac3d6b19234b83e244202aeb392236682028ce3b9c4b15b384ee9a6df0b1e4e9abb30ab8','585731f29ba8f0632c4e9b5d98b3f117305ef1858907ea9b2b60261f2e56184e3bafcd00ea3e0293',0,'2018-03-16 11:18:10'),('87a49dbbfb0eeefd3149de2d1113c320af046a0a60939428c80fee91920e18c41ae1d4bcd819a94d','6c81ff0e200e8730b98661b7ac11504ebf8ff53f3acbcd504957afea22714469f288385c914729be',0,'2017-06-07 13:37:18'),('882cb1338e16f4a936e31e5764c21aa6f271ad4a3930b8cf74fad9bb3859093ec49b14745ab65d3c','11ae32f17ee48a61c31f8cbcb90cbb5be3a5a491aed2cc441c62d801f1013edcc7b86686e6a5b5f3',0,'2017-11-28 11:58:37'),('88d127047b38317ed9889a7207d7f9e9353044f96e4775e990742db8dd28de483afd489938c6beb5','bc58c73aa44732f7704e6f2978cf0fc86dacec4145e759a2f3bc3f68dc2c67c36494b8bfb200b06b',0,'2017-09-19 09:38:34'),('8a2977ca2f7e75b3e66967ad564cabdfe40d20393ed36da73c77b2d3dfe9a52821e9b49f49e9fbb1','6ba30bc2588f2b04198b9cbd7180429fd73c05796732db31fdf9365c87557214fbe6ec40ce1cef47',0,'2017-06-29 06:19:34'),('8b1b7e2aaa2a9f24f293eb41be66baf5347a804ba500a6929b510d8a1b46a6dec2db112c576bdef3','ad337818d8d3eaac72280347fdf5db994789e31c37e1e7b14553f88fcf8f773e1163a231610d756e',0,'2017-08-06 08:19:42'),('8b2e531bb4cd8f43de7dd74997c736f3ff62bcdccee58391f5d653e764c1207aaabfb922b7bc48dd','6659c99102f1bc06c38cf04c47f453b2db9eb80849a284b813240f32455a1ae949bd0e0490fa69db',0,'2018-01-20 12:27:26'),('8bf499a79ea28e64b2d2c170b0c76d7ad3f5b41e5524386ffdd52fb49708848d2231b59a4c00ac16','e1bf7ba46c332c187d09fc52ca89c51606efdde9b0c475cef0299c42d999a42d0b34ae56016c5509',0,'2017-12-01 06:26:56'),('8bfa637488bbabbc24a15209ec33202c66a793af287c5673662b95a2a5da4a5d7369f78123951124','87e040d386fdebb31ab1a1e2f6f8bd49b8580fe5414c82a5017a243f1f201a713a468042d091bd60',0,'2017-12-18 06:14:08'),('8bff897a2296e8625be43a2b5d2cf52eab751cca00d93de94347143540f89fe3d82ae925e33a076b','7028ee0cb680a9ed9541306a6d363821907edd9465bcb151689d339083478f6ac7cb4aa3c8617446',0,'2017-06-05 08:57:50'),('8f82e8a5863b78e7ad5b70414081cc6d21c20cc95c1ad3efd26f6ff4f26f990b65312185d7192e2e','50686ddf63fc77ca03ec2b48f0b26dc185e0195ce0b624940a7b52d1f67b9883595bb56bdb7270bc',0,'2017-10-23 05:50:04'),('8fdf66524f6659ffb1571d0e7c86d2c398e6d2b7521f224c30439d1f4a90d321f25abd1c7460c226','fd1237c5f1886e3bd1e06b05b14a78f193680b37c8e4688c054f233e053dc02f1334662553d8e67a',0,'2017-12-06 05:46:53'),('909225a5b8b32a3824b18dde85b0185e70ab6881905e4887f825275e1a1bd5a0be6e751c355b5934','b96211fa04d344b772d63f35cb666f84431c722978163c4fc6d61b10c74b9fef50dcf25f0d38f29c',0,'2017-12-29 11:39:39'),('92efda725c546b6f74626276e59cad82681b6188fd67ec717ccb740e6fea312434fa4ecca98fb988','2d3a181f303ed19b00c31c80520cf81d2873920ab23b4b396c75716779d2db733de83cc91460f44a',0,'2017-11-16 10:22:16'),('961dc6f2d01c723c84ba40d06f3f024ba985b98ab28735a14d1b5a2658a042768100ac5f053b6567','40672b222aed26b4e0e909cd2ac2a258240e76223ad6fafe7973a00213b1c8d498e8f7e489b784bb',0,'2017-11-25 06:18:42'),('989183fd5dc168704ec390315fcfeec4548e70948bd629fe2ddcf2b124ccc389362911b1009b4268','11db21f855cb471440028f79755a12629ff6f51617cc611a1c1e8a5b8ac2bdac7bed242c27b0f38f',0,'2017-11-28 17:27:04'),('98934f531c4bc133b1b39b6d9907b362c8db71d1c003a90c944601287cb596ca8a69d1afdc2e849a','aebb938d7433d2f2b6a2e428b9425d46dea5d7d2c85d09a9e80b75570df8a85c28cc8882771c4512',0,'2018-02-24 12:24:21'),('990749f92a7c1a48a799d8f3855bc88825e49945805a26094a4b8b6eb63b5ffe5a561b281e8de2f6','b70fece3eaa01d8b63150ca3719c58299ae51f1c50cbaa0532234422db3531cc9139a1bb02f486e7',0,'2018-02-28 08:05:12'),('9aaa6a1a20bd4a4b346ed7a5d73bf075a3c32719cf45fcb932ee66e19d187fe626890da55ba1b0ae','f46e4830332412fbf214f28128d58bea1ee21b3e413d95bceef32f2bec4ccf92f955d7a834710744',0,'2017-07-21 09:31:03'),('9b1943c8f0dc487d33585ee5fd6af6da530448a3c66082c21989a8ccefe507266ee031c16317b7cc','42299c3332a5bb4c99e2075fcf990879f63636a945a6b06d53c1c9436f815abd8b195c50282e40d8',0,'2017-11-24 12:54:28'),('9edfa7053c126144edaec4caff23dd1924db81a50536980cd1144f210b96209e8b402314c6c766d6','f0c789c2b90301498ccea7d32cd9d0edeb2de583377a2b95bd791394a93135ec0ed6518d0b262c4b',0,'2017-07-05 10:22:45'),('a1143a48fe24e09b7e2c5c1a2a341b191f75d993c9bc0b92f7f956010300db5668f6674ae8cd05cd','eaa23ac7074c957fbb669fcf19bebc3b39293dad5bea4a088910e7144b1f3eea3312818a940e8498',0,'2018-02-23 13:05:49'),('a1cf9b56e4354f4b16492994434dc633af93c4d3ab0e60c8057c457c84bc7e4dfa5b180e374b25be','749b5f0d60e32004fb20d7a41fcda6dc50b2b58faf3ad25523fac5804b6a1f9bd73b213628d38c96',0,'2018-03-24 12:58:17'),('a6032146abb0b225fae6166feb5c2e62024a695746923a717cdfbe1c1b41afb93b93e6ebf9e470e5','ed602d9664dccec5d41d59743ba02401363e4a7fd5f9a20ae1c236613d0a87f632950da23a47bed1',0,'2017-12-17 13:56:37'),('a6651170d9da8c835d369f164d36f57e7ade8948316d91d58a6d2b401864cd2334925150f5980337','e31721c1ac6aaa077359b33ac6834dd93631e63d353c3aa592bec06a7996ef7f7ffee97a4087c4ff',0,'2018-03-02 09:15:31'),('a7133f98b78e88ca4d5a94fa5f03419fb8d58cbb02b75b4e71da2290d6273695e09c5fc113a33647','96d07c345405b67ed0235e63bc8a2af3b44b3ad83fef416b861e629a226fe885dbd10e5341d0e31d',0,'2017-11-18 07:45:43'),('a7ed692485af1a4327ce27b3eee92cd403bfce3115538cc5de3bae2bc809dcd0a803bd98a7f9b262','a7a446012ada606a0d6119b5a35444fa0ba5132282f5dc8e2a6305d52522a232ca779db3eb6dbef8',0,'2018-02-09 05:58:30'),('a83659f3460cec2fca2542ce52f1474de3e1e51470813ebe7e0d2e9916250182dba2f15bfe2d918a','0ef83c66f5ebd64d37d14e2e92bc970bf2f5417b179f795e44427450d7bd011cce822e4a397dc47b',0,'2017-06-18 17:32:44'),('a85f90db015d8589a84811c12c8904c1c12aed53b3947f0e7bf4bed59f06166fdd5a03e1539ca2df','831de2508d05066ae67f495a6f321295d793d774adfd813672f08f2544993b751d7e73770ac44fbf',0,'2017-06-14 06:04:47'),('a934daded5de7a6e9262cdc03619918b7daebb44addddcf579c83989f065aaf4adac2e38c169c824','205463bf847534241736c576ea556d6bd90c6beb616be0e2d36f0a96cea73ddde641ff6bf0c46a2e',0,'2018-02-01 10:05:15'),('ab41d494b831c9ac7ebcd6fe7a3040f889cbf6fd90165d55b84b884bc4df80b1ccb371b72e257f63','568e5fc08797651593b4d979cc36b7d85b0aeb4ce9f24d0481bae701ed5e326c252cfdd574afd2d9',0,'2018-02-12 11:01:08'),('ab8048f04901b42e20e94dad515ccb037734928f8367e9e5df0b43e130be9e1d8743b65a0024f2dd','1cd7a447af122edd39fdcd97bb4a2c1bca29106154e4f1158a0e6f904722dde9a10442b9b0fcb4b9',0,'2018-01-06 11:30:59'),('acab15b54558ae0f2ca36f468ce7b34db4e0222e6688ddc0329032253a8dadbe4f3f1609b2db99cb','b74ff477a34d048e3d4f9f1fdcb51508afd0541e8ae9d946f73d58f4ab3a53e127b39f5c11045b1c',0,'2017-08-21 07:29:15'),('ad2865eb8925e7283a6dad9b56d6fde2abf627b941e2bfb54494843411ea275c8289f49299a8ead7','7e27ac5fb06f458a4ece6fd97b4008ac0fcaeb565214f9f8a5fa3ca0409a3c550a709420b0444953',0,'2017-09-15 06:15:50'),('ad443a5c80b6444aa9faa8387b3c7005ed6c3098d6a6d70713a399be7dd076f6cf16a72fe7b7376d','6aedbf520a64ee0840b14578d784946b9c50aa815409ad8f66713b12e6d9568dda56cef5793a4d09',0,'2018-03-16 05:00:19'),('ad8e3f927c291d40647ebbc78dc9a0207609289270d2483a1e3f0e83617ed9328a988aa883ef1792','ee672168f37529ea51fbe929bc7414cbb990098beff296170d87c5556be2d4d3bdcd5ecf372fd6a8',0,'2017-11-30 08:08:53'),('b2a8bda6e3a8a25b5b207ab3dd2b7af0440b94699f8e70cfa48ff15421e3cbd017226630feb01b7f','9882bbee458d263ddadddf8d2f9fe513b94cb78b31bbfb73502b3767f6d33e4b3fa40b254fe90902',0,'2017-12-13 15:03:02'),('b426d65122d4f8ed02c92259eec24d7f7baca1a8fadda1f4bf150f2e947dce97cdfcdf2a8c4a4654','5730b12cb85929852066f6ffd9a8bdf49e5641f4ae083e8437a47610fc7432c1ef4950886b0a9530',0,'2017-12-31 12:29:00'),('b71bc926e95d058df00e4ac89864591e89a7a7bc2d7bf3427c4c579da0df5a61d11f45877876885d','ae18051005dfd991bdaabe6608fbcc9b2648d93016e3937d5d31dd7aa04db2c0b0597d1a31074da8',0,'2018-02-06 12:21:57'),('b73261c65c40fc84cbb1491b0e40c7d61b90c4053ec4393cdcac5756946363da46cc897f1901ee3a','f5dbc48f4df26a2bb18234949864190bc306058d435a0a5244b4834d4a0bad5cea3ee2df58b8d74b',0,'2017-06-01 08:12:40'),('b773cdaabde877d08927062adb297450c2a73bd5470db6c3d64ccf600cf0ae2a4f16082fea1a419d','d939311da9f9b25d1eda2d5977c8759c8c277c4abc53cc3659074e810a9d78aa88fb5ca64573e037',0,'2018-03-12 16:50:42'),('b8392f7d419e88e5e6f42ee3ff7a58bda6fbc9763cd07a3e9c75f0d047806ebc78bc8046d0e94aa0','dfef8ad1ade506c711d83393ff0612302b24dcaa8e8f259af27d9a356e6a85ec82aba70e12800e5b',0,'2018-03-21 11:08:45'),('b889486ec818c034cc2e82644015d8f38f315ec3b6c0266738d6f3ccfa7c8d6dd3ad0386d96a0b9b','d1c00d2c05d4b18cdde135dc5a066af4e38f7457b25645ab15c24772e63223161461af86f734d189',0,'2018-03-31 14:05:17'),('b897b5aa9a3da6633a7fed1f145496e4c1241d3e6715ece267b641c4da97b876eb4290c7e6a5417d','405c03fb1fa5f8a864d31f9471c9fb3f7cfe173e4a9fa3d840a0178fc0d3754d233291fa5f46881f',0,'2017-12-25 07:16:25'),('b8c357313e6fb7e55a02462a5906c8a02a4a24dd988dfdb0737579125c8e9a2934a95efa92135bcd','f058572028b4fc27095ed4da5afde7d7132e60bd03971c2c6fd0cf2b471dd6cc7124a6dc6afd6dce',0,'2018-02-07 05:57:53'),('ba25c663ca9622d5888a588e33ae1707a2fb881ff10762de261f262e64ae87353cfbbb5a79d007d0','b1d51730f49d05fd2b1019bc83f0f3134cbc011ab444248323b074191bb284f1ec26ec30984b2f89',0,'2017-11-29 12:19:54'),('bab416883decd85cb53cde4d04b2f2f7df94000d4d85c9035568911d07ab3c62d9b8b049c1362e01','24a131adcd925db71e433e53e0c910b079fc2eb7d323bc31871dfae7048191a416d0fd152954113a',0,'2017-11-29 07:27:21'),('bb1a5bf1600b85a5c7874133001ed88ce22f3f987b6a6a497b745a8412cd7ae2846c0e932f4b0a02','a85f087ac53dc9971cddcb94f0c115df3eadfc725d4638c89129ed1a075698628d6413af7012c146',0,'2017-09-23 13:33:29'),('bb8fd6e9175d4831e2b6972b0bd4af83383c1a1cbfce1b81db131bcce57c9b9db5902492d88c9314','9d290f5835430c585971b8eddf06e7ea2e3c8732cb85282380a91f93ccf9a492fd4af41db38ec161',0,'2017-11-21 10:58:47'),('be7e728ad9978fad8562133d6f42ccf60cef100c8d820e8c25b70323d712ece801d0ab6e174ad174','b5ba7b873b8b970f47e1c865aa30aa95b6022240a268a4ee46f146a08caeb0b6ed29174f8d749b43',0,'2018-03-16 10:11:37'),('bec092574c361ff08dbb5539abd11ee385844c21e7ad3bd7cfad11f584aac5c737a117a9e2dac380','b1b7abe62e59298becc39a6499f571a12582534714ff82f622208cfb06f39bb85921efe61fb1052e',0,'2018-03-02 07:47:48'),('c1120c35e8c8ff13b17246afd4edd4b0a2f927fbc9c74baa448643b4299058ae92c58884cb3537b5','a03f8344ffd2f268a8ded74cd79008c319049d271fca469430bfee9c0ca6601329c82a90015adb9c',0,'2017-07-11 13:25:02'),('c2c56b4f0cd03f9e29a361fbefb43f6569a33435523fac31b38b790cbb340c08d8595e318161dbfe','d99c0b0615120575c2f3ac9565c031c13073e363f01d2ecf1611f3c81da81b16d970ffaf29470ff9',0,'2017-11-29 07:54:34'),('c3732aeed38bdd354544a985896f5c666bc141c6107226a28b013a096525368b2623068192534c68','1a9ec309de6b2e556bcac15193c748d74dccc7b20f17ee4985bfc53a421c09738766d560534393ac',0,'2017-12-01 06:15:56'),('c379b08f1a9eb1ddd6e1a32cec7ac198379b1e22a7726b1a9383a6d86d3f69558c5f5d4b20608e93','700bc28c54030aff78d48b2db7ede8cb2072bf0ede58e47debfb42bd2bdb8b1e1b331a49694ae89c',0,'2017-12-13 15:03:55'),('c7a7085f7f217c9f518070090d7277c573779d4285a3d381462fbcf7727d35644b188ca48014f9e2','fa4361e9e21fa759dc55baf7478a58005ba1dbccf7ea2909de1d8206b7a7f6013fe2d50cf410bf8f',0,'2018-03-18 09:31:57'),('c7c38efabce35609406d1e876a6af1050f79124e64476b0a6d2da1b40d4ff9d3643aa747acf238dd','4c23e66dbdbfbea1618aa55be1b3e9bc31cf5b5f7d36455959688240b4bbb39fbacd1d3443526619',0,'2017-12-13 05:10:26'),('ca6568e8e024677fde4c9439c95b3e7a8b7a2ace90b28036a910bcc7cfcea996a16fc8edcb5b0a6c','873a16f5784308687f49bc23d51958bc2c91d788786333d0511cb985bb331528ae5c44e88a68df6c',0,'2017-12-14 08:06:50'),('cb735f2a4eb56931f821aa0218433417f11d7cd65ef978e04aa3e35a89ad3f040b461fc4eb2412cf','c4a163ca8022bc47326918ab010d0fccffc837c13a795e1d01e6b3f6a8432cea414f754ddfb4ed08',0,'2017-06-03 08:22:01'),('cd1cb8b440928ba1f5d73488cf737c8c9af60e8036e5772f14edd841506b9edc996150a97fd28459','8b77902dee83a44119421356b0912cdf741f3c343cc9e4ddca79c1ab37024ad2f6a59a27ce744ec0',0,'2017-07-24 06:43:10'),('d0ed826472d08504afe3a2157bc8dc7ea0f6d622e7dce15b85b989c4f650b3e02e0e5c046dc26e1e','ede82fb56c4681b2972178490bc47480ed7dc214d4560a340cfe478567b23130708ad2be81011c0a',0,'2017-12-21 05:05:15'),('d2219f435fb1498a6b6bb1618764cb3f3d50b0571fc56cf35a41ede2f6434b864e71fc600ebf2cfd','235bb5cc616091e8ba6eea32c23f77daf03b317eadc3f29695138616de048314044b0565ea4955da',0,'2017-10-25 07:27:23'),('d2653fa2d6e677f5fe928f0decc1161d49355375bc6f41dd3a9d32f30e1360a5c01508cc71ae9078','128d4c3158f007ce79bc3e22f6632df00fb67c7ff00205b835762abd21d611612a982594340158cf',0,'2017-09-08 18:52:47'),('d347f98d44114a01c7cbe82fa86a20eaccad751d769f5e8c72c9994866bffe835985a3846e7aac55','6fd451ce0f0c02b5ba7fd35824066f21a043eb2135b06ff734fe75462936d516ed59d53f9f2eee61',0,'2017-06-14 05:06:42'),('d379ea60bae7a48818aa8037ef7e5e652775cbee82696b5a8c490b404ab82201a359832128214410','2c9cbbe9ee0c9d6e6390a71ee1532811b720aa9ea414b4eb1a9f07d5d923d9ae40ea38af786ab621',0,'2017-12-13 05:37:18'),('d3d5d1bf26c39beae6cd45851049a70a40d1258e4731e48a6adc6e79413ea3ff2dad155ce33760d3','cf6b8152b06fe4ff308c6f15b625773a62aa81483738b6be9fa3c3840431e060daf97179f9ce0e88',0,'2017-07-03 10:14:02'),('d481e4aa3732a810ebfec1b9f5ce8f170b876959e7e3cbaf41e377dd563eef725ca832d47be6534a','3660d382c6da2e8972c9ddf4ddfe7eef51438e263c1dd00fb0db5394f5bd4ba6ae0432ce2af72ceb',0,'2018-02-28 07:42:06'),('d62806048f1c9e110de1525034ed4e0ce5dd7798bc3cbcc77ee6eed4103c2e70060f5d01c329512b','a3fefbd3dd8e0826edd1e6aa38fd45257165f1d775bf5d4fbf6a93e837c010ccdcfba231bc323873',0,'2017-11-25 06:17:58'),('d63b1c1aec1abfd96eb26ce948249500c26f6fcaa1fc5a149fd511f2162094efd7f2b39aca8e5502','8d1cc4911bfe74569c28366e7cf8c3ac9f9f52566d72d77acd1deafad69e9a40a101eb93ea6dd4d5',0,'2017-10-15 07:35:09'),('d661ce8b27edfaac2474029102ca0b7367c980b543243244944ea16325f1463ed9223606585dddc6','a895f1457b7fa788274ff26db4075229490c575242f88828fd06ab2ee04f853712b8e9a08a278c1c',0,'2017-08-04 06:37:36'),('d6d1dcd791515783f8dd3b52cee13057fe28f053508d00a2499c084bb90a5e5b96a0991937781d05','e4d5807eb87ac58b39b9d829fe0b8b9575e6962b3ba94d2ba1ff2036a5e707e452f49f3f4eaa52cf',0,'2018-03-19 11:05:31'),('d705d90824b90490cd57f91487aba8150ac72f90940792413cb5f4a10b604f630869c25dec2ba963','9bd656700e4aeb8ecc22a3c185a1fe93a5ae7abca984a65ffe663571ab47e885b6d701fef4c501b8',0,'2018-01-29 03:31:28'),('d72eb7a6bb5a90e3419cd9d6bbe9bf4318835f46c2f0fbf6ebb908bf8258a5499c40a8750a968fde','dbfd65e000650cdd62de297ad063b0700557898bf2e212173f473dd643d074ebce601978f346670d',0,'2017-11-16 10:48:17'),('d849661153e908e9580b43f1946b984eefcfbe5badfc3253e720a177233fe785138dbff5c8c28698','42435b088644d012892cb39301290775c70d23c4a1d2be6fdc7adffb1260b15c0a7b557ba080e49c',0,'2017-12-18 08:08:47'),('d859b16cfaa9882a8e5bdc2aae94e3290cd0c5d40fc7b992bd24c254cd69e519bdc875bcfad14f52','a2b2741fbdc60a0b605d6509132e92d8afbc7084c705f4c541075734681d5e4b1141ff5dadd90d73',0,'2017-11-01 06:41:46'),('d85dd3901bd4a8f430828e0b2e79832aeb20733094e12bcd12d5824355ec8640d34e421ffaada7a3','6acb3a6e9ff4a0be8d6e4661fc35ab0b39b5594fded085cbf4e11d11531f6077244b80e48ac5efa0',0,'2018-03-29 13:19:21'),('d96d36b6827bb5df4844e2bbea0d53e3c7a824830d888defe14868beda7863ae7527c07f91562067','4c9e9ab39b26953225c157b1e40d12dc4b949df7813915438916a61eac48534bb24db843bdc02cfb',0,'2018-02-13 17:25:27'),('da79e651e57fb23c5acce6d7163e33b2ba8379bf062b9fef8171fb87c6e13ff9ad908d522ace9233','7cd5b61ac4b0c183cf479cd4ff129e7584d1f4267fd295335f86d4cf52b85831413f776152139a2c',0,'2017-11-12 04:15:26'),('db889b21487b4cc5daea7727951c5bbf7588311d670f4427d5b7275b93881b684d3f7d25ed8c1cd9','fc5f5cf1c3bf51761d0c26849debbd885c06929dac7b338b412d0f170ccf748bd8a3d47956ae90b7',0,'2018-01-02 12:39:43'),('dba75c4cf82ebefd26f08212625d169e08604456d4b6dc4fcf387245916bc68f1428dd87156aa0ff','29defb4ace0ce82a8ff514e059956ac8fcc8e9d1f27462e4c7452bc5fc531798966d6956361e735e',0,'2017-11-29 07:28:38'),('dbcc2c6e29d5a74be6b68744d282897f9d964c86c5f267cccdb85a78f4c998a9822ed423927a0f5b','a9d1d515116c77890b0920f12784af00fede26c6685e6c38bef0d0f0d6e64e2b3cae4153b0d6e30d',0,'2017-11-29 07:27:47'),('dc85b72ceb80d5f2fa5c108eaf23543d505bdb708b72b869824fb322be4cb5f9699af98f3ae68c7d','4a165358b58d85407121575e9901c7d5e8b279ddb4e40b1cb871296f55bf5abf809d007fa9fe9409',0,'2017-12-27 11:38:51'),('dd366652cfdf46c4e316f3a850b480214a2a01a60cbeb4642e584264f279a560577aaa0ac4553648','5286474217e738df647665c12bca6913786426e73efe65f81edd3e32d97be0c3d1a2d2eed785a57a',0,'2018-03-18 09:30:55'),('deb80e24729f78f50e9fd99bcffe54bd9e29095af59c5ce3708fa6158e730b30089b058cd2169e1e','e047da01f13a8caf2142acc22af66b0bc0b324be1d166e4b9650a4eecd7b0cb116522b7ff1a735a2',0,'2017-06-27 06:06:29'),('e00efc350bfe7449a7f3a070afb76102fd6ede0836dccebcf1288c44c2ba6621d96064b34a4df4d4','bc07451a4fd3b1f1151460541ea892cfb14a44ad66c02af8f28394eda6e9cea3435635418f68f6ca',0,'2017-11-29 08:28:46'),('e0226e4c82773648053e8cbfe656df214fe4813355a784ed767e9aac6d5f092a568b4e5e0e876147','75b8d396ce6d68dcd9b9cb5cf6efd753b23dd259c806d379d6c7ecc497e383104e4dc4a045c81f40',0,'2018-03-25 09:01:46'),('e04c0fea38a476b3bbd8ce5b4e8ef421bf8a0484ae9556b0ea45ff141205c04ce96861646e9d9f4b','477a7647cfbc50d989a8a4ea093df150cbdeff54caed327d2ecb0b062e2244516b97a1f8248f2d85',0,'2017-10-13 07:17:20'),('e1d7d091f51a76180a2b10562c934b075cbfa46ad96d93b9934dd6f64e2a35c1cb33306c1a4aef9d','f4fe3c5d2256b57832a0c32741c4aa9a1214480ad764feb3f23e4cb0382d217a90f1d22c09622127',0,'2017-11-13 16:02:39'),('e3f09fb290699ab7a95a8cde750f59129ab6b05e7e0f6c3ee035b02e1f02fdbb19c866f750ddc0f1','0a8f8ff1dbeaaa280ea0e244ba38464f4bc274121277954e3f9c98d587e7493a90af6cd3a85292f4',0,'2018-02-05 14:21:28'),('e6ef4ec63da373e102b0c53dee5b07099c53e9887232c5d05349d5536ef6a05b7d11798ff4086fd1','b1bd59ee984af8cd27eca49d316b960e82da9bc875c15075e332d79766dd9fa02004f55977dac6bf',0,'2017-08-16 05:35:36'),('e70917ca3b25486ec7d07d9d8bb7f81a879a62f862ec855f7633e547974bacc89308eeb6d7660c2d','6c477a0ac12f7aca40947c7cee46d9536401917c4d160e41437a701bdcba2b9aeb4aa5b7144707a6',0,'2017-09-27 18:01:51'),('e73c56a184bea7158ec529b487a81f6c3adfc5573a3aa1d179ea9303b259cb12f78b2828bf28dbf5','3389c18559a86983b17ea804f98152049413fdae641d058b7743e6d03bf2c4485c9433f262093eac',0,'2017-09-13 06:11:14'),('e7a3b8b57dc368589461c1a3c5daf02ef68ce4af0b6d3ee6f95443281e26b2550b079b3e89409a8e','69d6068d44de8112d5510161c95d6270d08100eb086c117e70111f79cf9325d18eeeeb18a57e1e4b',0,'2017-11-30 21:37:17'),('e94854aef3fb90f0fb2fdbaeea4db4cd971380caa65cbee2468e231aa16cfbad07b0b1f8cc586616','7ffb857d9b59f52a339574d9024b32d9f2471c6fc57f243e475b766010b3657a2ee83dcd08204c41',0,'2017-09-30 03:15:00'),('e9a92dea3329c4c851f0b3317fa324eb908e6856238108a4c9f79dd66d6f67f05c02439241fa1b98','257598953ae8ed7b37b5630267be83933a1290c484af7057a2f2cce40c09211a9a8f67a6dcf5999c',0,'2018-01-06 11:22:27'),('ec8888a09539c8d67c7cda0a142accaf979816dd3b23653ae708f8315492ff1458b335a837468f49','3ad3ebd3b7e0ca9c04fe7599848e74392b5ea1d87e738cafbe20a3174dc72772df6977425262dbd7',0,'2017-07-16 06:19:47'),('ece5e713c8096c2aeaa0d617068f112bc4e9e761d898825e8cf20b813683a330fc2e793b9427645a','e2ddac4b6839eb9ec60dd340ac056bed78d1c928a1062597453e53e4c86196928569705840ee9de9',0,'2017-12-11 06:39:42'),('ed4ee52d52f5a8fe3344d6e464f0d123d9324a6578b11353733910af6160e329b636bb9d9fb9f676','877832140d1ac2661a51b342301d40d1b8403c19321e55648a0a26386ac757ea65798445fccb20d9',0,'2017-12-01 06:58:24'),('ef90f0fa4e230d1a3053832ae2d2ed073ae82d127676a57e2de90a1840106555f4a809755d00c149','3b8edfd2e839700e8dfbd15e77518bbb074fe2cd75b9f4f0aa31866c9d6f20b10d07a24de8b84dd8',0,'2018-02-24 10:55:57'),('efaa28ae2120e9565a1b486717f302aeabf21f9ff32494a8fa6d725f5e77ea49839a01174d2751b0','c4660f16f032427e5f97aebe752e4eac4bca07e1e3f08287898a9e67a65606f126ea411d02ed1247',0,'2018-01-25 08:10:51'),('efae05013d2d2703c461824999f69b81a936279281ddc24eb4bb884ffdf726b957efba5c31776f23','910eb2e15a51f3a0812b4939c42ec3d04195b0a558ced04c3bb3b53f7621182a735bbc520a7f9871',0,'2018-02-23 12:55:23'),('f11fb211fb8bfa8ceffa8f123f3500f2e3a982712342f7930db73334cb88438e51f29666be904b3f','a44efa49fba066a1b8b296109f9c7652ef73d5afcea94517826705e53ab8d13ed12bb35989242f04',0,'2018-03-12 09:37:50'),('f1354115aaddaf9c834e1f76caf4916b90878e50f5cee59db5afe4a9f9dbf2efe6dd3875e3671473','3d3b7871a65dc5653251dbc2019d5882a0a162ce3199fc40870f0c5feba47935a8a79d06ab0e4cfb',0,'2017-11-28 14:07:53'),('f319ac583abba13900c4d63094cdeee7d8781c3e45685e3f39294a6e2cedb7738d95ed694cc218b4','595d9f9ed6da26b9e5af2234d887f8ecd5b1952132b1b5fabc6b747d952cc84c84cf0b24ae0ecf63',0,'2017-06-09 13:36:45'),('f35988519ab14baa31b351d97d652f1c459b733a9234ea7113bf3702519b30a75de5e2b7627ba6c8','60fe952f8078a0875e8a39a985b52b7e1487d489c7274f72cc76b2d9d4d2e0a738831a1c1dbcb9e8',0,'2017-11-10 14:56:22'),('f548d199bc63d9f175fed9bfa2f966e7177a2d6574d065017ee5634e8e0d887f5824e761c0be2979','a258122e80670b37c58aadad88a0b4ad4e489cb10559cae8ba083b025d67db639ad58c743073b98b',0,'2017-06-25 05:42:38'),('f669d6a23c51fe4ff8af93c7c9d74877bd9c2fd2f8726f6b5ec9bec386863beb630bcd133c4e5bd2','e8ab3b84607ecb02378aa8048b38bf645977eca3eb5478df132cdfeaed5c29a9423c15707aa86b5f',0,'2017-12-21 04:58:27'),('f7690946f5bc5ce5fd6bebbeaff33fd9721d696b48d19d38a430e50d1d38971bddc3248f3ef320e9','41e76b6626f6cf94099ad29cf634a9cb23d77094776636450beefaf67e4d04a21c5def90ba78adbe',0,'2017-10-11 04:54:07'),('f830f53d541be7159d244f11b22500bda7d7b848f154c554f11090eba6ee406f4596f81a26d7e0c5','0081314b1cc12c756acd423fd1e0122c0124cdd6576b8ddae79db580ac4bcea56dbb961a3b589d04',0,'2018-02-15 12:12:05'),('fb33d14616b98148ab053bac10b962e59b04f6ebaa11eeed0fb75d69d450e5780664e5d94f12da0f','c707bb7942d1b9718cb417ecea58ec83d5752fa72d3dd79e27052a06777afb260cb72e527826beac',0,'2017-11-29 07:02:14'),('fb4c2f488f9d304bfc57a2906d6fa2899e09573ff88894f8d3ea1b390b42b3e52e2e03d42446e95a','d13fdf62cc82455367e638fc6714240d0c1ab3fd4b9f05066ef65642b1f4e51a61b00479f00447dd',0,'2017-11-16 10:43:25'),('fc3dc454191f39e94efa60056c7a42cabd2155957cf56cbc5ebaa9c0b2ea5d0c8dd00711ad0480fd','dd663608979798da1afed8e3aaeb3a413cc927062b2633314f50766d0b5fce3d3968af415de2d603',0,'2017-11-15 18:35:13'),('fdf0736ccd0199da150ca60cff74ee2d08e95aac9df35a6cd723fe27409a8454e6bb3f9592150e4b','6f34f9c9bdcdf559de17bb0c53fe622b2f871a0fcd089e1f1d73aafc8ae97cacce2e0b8dd916581b',0,'2017-11-03 07:11:30'),('feaee91f238b90b4ea1786582feb82b09e9715d027908ef742e3c71c080505105fb9084024ce61f3','38de4d2678bd425edc0b726959ebfe09dcec59a366e7192ac65a9834b109b60ee691bfa3ba9f32dd',0,'2017-11-07 09:50:40');
/*!40000 ALTER TABLE `oauth_refresh_tokens` ENABLE KEYS */;
UNLOCK TABLES;
DROP TABLE IF EXISTS `password_resets`;
/*!40101 SET @saved_cs_client     = @@character_set_client */;
/*!40101 SET character_set_client = utf8 */;
CREATE TABLE `password_resets` (
  `email` varchar(255) COLLATE utf8mb4_unicode_ci NOT NULL,
  `token` varchar(255) COLLATE utf8mb4_unicode_ci NOT NULL,
  `created_at` timestamp NULL DEFAULT NULL,
  KEY `password_resets_email_index` (`email`),
  KEY `password_resets_token_index` (`token`)
) ENGINE=InnoDB DEFAULT CHARSET=utf8mb4 COLLATE=utf8mb4_unicode_ci;
/*!40101 SET character_set_client = @saved_cs_client */;

LOCK TABLES `password_resets` WRITE;
/*!40000 ALTER TABLE `password_resets` DISABLE KEYS */;
/*!40000 ALTER TABLE `password_resets` ENABLE KEYS */;
UNLOCK TABLES;
DROP TABLE IF EXISTS `private_tour_availability`;
/*!40101 SET @saved_cs_client     = @@character_set_client */;
/*!40101 SET character_set_client = utf8 */;
CREATE TABLE `private_tour_availability` (
  `id` int(10) unsigned NOT NULL AUTO_INCREMENT,
  `city_id` int(11) NOT NULL,
  `tour_id` int(11) NOT NULL,
  `date` date NOT NULL,
  `is_available` tinyint(1) NOT NULL DEFAULT '0',
  `is_on_request` tinyint(1) NOT NULL DEFAULT '0',
  `time_slots` varchar(255) COLLATE utf8mb4_unicode_ci NOT NULL,
  PRIMARY KEY (`id`),
  KEY `private_tour_availability_city_id_index` (`city_id`),
  KEY `private_tour_availability_tour_id_index` (`tour_id`),
  KEY `private_tour_availability_date_index` (`date`)
) ENGINE=InnoDB AUTO_INCREMENT=32 DEFAULT CHARSET=utf8mb4 COLLATE=utf8mb4_unicode_ci;
/*!40101 SET character_set_client = @saved_cs_client */;

LOCK TABLES `private_tour_availability` WRITE;
/*!40000 ALTER TABLE `private_tour_availability` DISABLE KEYS */;
INSERT INTO `private_tour_availability` VALUES (1,1,1,'2017-07-01',1,0,'[{\"start_time\":\"14:30\",\"end_time\":\"20:30\",\"is_available\":true,\"is_on_request\":false},{\"start_time\":\"20:00\",\"end_time\":\"06:00\",\"is_available\":true}]'),(2,1,1,'2017-07-02',1,0,'[{\"start_time\":\"14:30\",\"end_time\":\"20:30\",\"is_available\":true,\"is_on_request\":false},{\"start_time\":\"20:00\",\"end_time\":\"06:00\",\"is_available\":true}]'),(3,1,1,'2017-07-03',1,0,'[{\"start_time\":\"14:30\",\"end_time\":\"20:30\",\"is_available\":true,\"is_on_request\":false},{\"start_time\":\"20:00\",\"end_time\":\"06:00\",\"is_available\":true}]'),(4,1,1,'2017-07-04',1,0,'[{\"start_time\":\"14:30\",\"end_time\":\"20:30\",\"is_available\":true,\"is_on_request\":false},{\"start_time\":\"20:00\",\"end_time\":\"06:00\",\"is_available\":true}]'),(5,1,1,'2017-07-05',1,0,'[{\"start_time\":\"14:30\",\"end_time\":\"20:30\",\"is_available\":true,\"is_on_request\":false},{\"start_time\":\"20:00\",\"end_time\":\"06:00\",\"is_available\":true}]'),(6,1,1,'2017-07-06',1,0,'[{\"start_time\":\"14:30\",\"end_time\":\"20:30\",\"is_available\":true,\"is_on_request\":false},{\"start_time\":\"20:00\",\"end_time\":\"06:00\",\"is_available\":true}]'),(7,1,1,'2017-07-07',1,0,'[{\"start_time\":\"14:30\",\"end_time\":\"20:30\",\"is_available\":true,\"is_on_request\":false},{\"start_time\":\"20:00\",\"end_time\":\"06:00\",\"is_available\":true}]'),(8,1,1,'2017-07-08',1,0,'[{\"start_time\":\"14:30\",\"end_time\":\"20:30\",\"is_available\":true,\"is_on_request\":false},{\"start_time\":\"20:00\",\"end_time\":\"06:00\",\"is_available\":true}]'),(9,1,1,'2017-07-09',1,0,'[{\"start_time\":\"14:30\",\"end_time\":\"20:30\",\"is_available\":true,\"is_on_request\":false},{\"start_time\":\"20:00\",\"end_time\":\"06:00\",\"is_available\":true}]'),(10,1,1,'2017-07-10',1,0,'[{\"start_time\":\"14:30\",\"end_time\":\"20:30\",\"is_available\":true,\"is_on_request\":false},{\"start_time\":\"20:00\",\"end_time\":\"06:00\",\"is_available\":true}]'),(11,1,1,'2017-07-11',1,0,'[{\"start_time\":\"14:30\",\"end_time\":\"20:30\",\"is_available\":true,\"is_on_request\":false},{\"start_time\":\"20:00\",\"end_time\":\"06:00\",\"is_available\":true}]'),(12,1,1,'2017-07-12',1,0,'[{\"start_time\":\"14:30\",\"end_time\":\"20:30\",\"is_available\":true,\"is_on_request\":false},{\"start_time\":\"20:00\",\"end_time\":\"06:00\",\"is_available\":true}]'),(13,1,1,'2017-07-13',1,0,'[{\"start_time\":\"14:30\",\"end_time\":\"20:30\",\"is_available\":true,\"is_on_request\":false},{\"start_time\":\"20:00\",\"end_time\":\"06:00\",\"is_available\":true}]'),(14,1,1,'2017-07-14',1,0,'[{\"start_time\":\"14:30\",\"end_time\":\"20:30\",\"is_available\":true,\"is_on_request\":false},{\"start_time\":\"20:00\",\"end_time\":\"06:00\",\"is_available\":true}]'),(15,1,1,'2017-07-15',1,0,'[{\"start_time\":\"14:30\",\"end_time\":\"20:30\",\"is_available\":true,\"is_on_request\":false},{\"start_time\":\"20:00\",\"end_time\":\"06:00\",\"is_available\":true}]'),(16,1,1,'2017-07-16',1,0,'[{\"start_time\":\"14:30\",\"end_time\":\"20:30\",\"is_available\":true,\"is_on_request\":false},{\"start_time\":\"20:00\",\"end_time\":\"06:00\",\"is_available\":true}]'),(17,1,1,'2017-07-17',1,0,'[{\"start_time\":\"14:30\",\"end_time\":\"20:30\",\"is_available\":true,\"is_on_request\":false},{\"start_time\":\"20:00\",\"end_time\":\"06:00\",\"is_available\":true}]'),(18,1,1,'2017-07-18',1,0,'[{\"start_time\":\"14:30\",\"end_time\":\"20:30\",\"is_available\":true,\"is_on_request\":false},{\"start_time\":\"20:00\",\"end_time\":\"06:00\",\"is_available\":true}]'),(19,1,1,'2017-07-19',1,0,'[{\"start_time\":\"14:30\",\"end_time\":\"20:30\",\"is_available\":true,\"is_on_request\":false},{\"start_time\":\"20:00\",\"end_time\":\"06:00\",\"is_available\":true}]'),(20,1,1,'2017-07-20',1,0,'[{\"start_time\":\"14:30\",\"end_time\":\"20:30\",\"is_available\":true,\"is_on_request\":false},{\"start_time\":\"20:00\",\"end_time\":\"06:00\",\"is_available\":true}]'),(21,1,1,'2017-07-21',1,0,'[{\"start_time\":\"14:30\",\"end_time\":\"20:30\",\"is_available\":true,\"is_on_request\":false},{\"start_time\":\"20:00\",\"end_time\":\"06:00\",\"is_available\":true}]'),(22,1,1,'2017-07-22',1,0,'[{\"start_time\":\"14:30\",\"end_time\":\"20:30\",\"is_available\":true,\"is_on_request\":false},{\"start_time\":\"20:00\",\"end_time\":\"06:00\",\"is_available\":true}]'),(23,1,1,'2017-07-23',1,0,'[{\"start_time\":\"14:30\",\"end_time\":\"20:30\",\"is_available\":true,\"is_on_request\":false},{\"start_time\":\"20:00\",\"end_time\":\"06:00\",\"is_available\":true}]'),(24,1,1,'2017-07-24',1,0,'[{\"start_time\":\"14:30\",\"end_time\":\"20:30\",\"is_available\":true,\"is_on_request\":false},{\"start_time\":\"20:00\",\"end_time\":\"06:00\",\"is_available\":true}]'),(25,1,1,'2017-07-25',1,0,'[{\"start_time\":\"14:30\",\"end_time\":\"20:30\",\"is_available\":true,\"is_on_request\":false},{\"start_time\":\"20:00\",\"end_time\":\"06:00\",\"is_available\":true}]'),(26,1,1,'2017-07-26',1,0,'[{\"start_time\":\"14:30\",\"end_time\":\"20:30\",\"is_available\":true,\"is_on_request\":false},{\"start_time\":\"20:00\",\"end_time\":\"06:00\",\"is_available\":true}]'),(27,1,1,'2017-07-27',1,0,'[{\"start_time\":\"14:30\",\"end_time\":\"20:30\",\"is_available\":true,\"is_on_request\":false},{\"start_time\":\"20:00\",\"end_time\":\"06:00\",\"is_available\":true}]'),(28,1,1,'2017-07-28',1,0,'[{\"start_time\":\"14:30\",\"end_time\":\"20:30\",\"is_available\":true,\"is_on_request\":false},{\"start_time\":\"20:00\",\"end_time\":\"06:00\",\"is_available\":true}]'),(29,1,1,'2017-07-29',1,0,'[{\"start_time\":\"14:30\",\"end_time\":\"20:30\",\"is_available\":true,\"is_on_request\":false},{\"start_time\":\"20:00\",\"end_time\":\"06:00\",\"is_available\":true}]'),(30,1,1,'2017-07-30',1,0,'[{\"start_time\":\"14:30\",\"end_time\":\"20:30\",\"is_available\":true,\"is_on_request\":false},{\"start_time\":\"20:00\",\"end_time\":\"06:00\",\"is_available\":true}]'),(31,1,1,'2017-07-31',1,0,'[{\"start_time\":\"14:30\",\"end_time\":\"20:30\",\"is_available\":true,\"is_on_request\":false},{\"start_time\":\"20:00\",\"end_time\":\"06:00\",\"is_available\":true}]');
/*!40000 ALTER TABLE `private_tour_availability` ENABLE KEYS */;
UNLOCK TABLES;
DROP TABLE IF EXISTS `private_tour_vehicle_availability`;
/*!40101 SET @saved_cs_client     = @@character_set_client */;
/*!40101 SET character_set_client = utf8 */;
CREATE TABLE `private_tour_vehicle_availability` (
  `id` int(10) unsigned NOT NULL AUTO_INCREMENT,
  `city_id` int(11) NOT NULL,
  `tour_id` int(11) NOT NULL,
  `vehicle_id` int(11) NOT NULL,
  `date` date NOT NULL,
  `is_available` tinyint(1) NOT NULL DEFAULT '0',
  `is_on_request` tinyint(1) NOT NULL DEFAULT '0',
  `allocation` int(11) NOT NULL,
  `price` decimal(8,2) NOT NULL,
  PRIMARY KEY (`id`),
  KEY `private_tour_vehicle_availability_city_id_index` (`city_id`),
  KEY `private_tour_vehicle_availability_tour_id_index` (`tour_id`),
  KEY `private_tour_vehicle_availability_vehicle_id_index` (`vehicle_id`),
  KEY `private_tour_vehicle_availability_date_index` (`date`)
) ENGINE=InnoDB AUTO_INCREMENT=32 DEFAULT CHARSET=utf8mb4 COLLATE=utf8mb4_unicode_ci;
/*!40101 SET character_set_client = @saved_cs_client */;

LOCK TABLES `private_tour_vehicle_availability` WRITE;
/*!40000 ALTER TABLE `private_tour_vehicle_availability` DISABLE KEYS */;
INSERT INTO `private_tour_vehicle_availability` VALUES (1,1,1,2,'2017-07-01',1,0,200,300.00),(2,1,1,2,'2017-07-02',1,0,200,300.00),(3,1,1,2,'2017-07-03',1,0,200,300.00),(4,1,1,2,'2017-07-04',1,0,200,300.00),(5,1,1,2,'2017-07-05',1,0,200,300.00),(6,1,1,2,'2017-07-06',1,0,200,300.00),(7,1,1,2,'2017-07-07',1,0,200,300.00),(8,1,1,2,'2017-07-08',1,0,200,300.00),(9,1,1,2,'2017-07-09',1,0,200,300.00),(10,1,1,2,'2017-07-10',1,0,200,300.00),(11,1,1,2,'2017-07-11',1,0,200,300.00),(12,1,1,2,'2017-07-12',1,0,200,300.00),(13,1,1,2,'2017-07-13',1,0,200,300.00),(14,1,1,2,'2017-07-14',1,0,200,300.00),(15,1,1,2,'2017-07-15',1,0,200,300.00),(16,1,1,2,'2017-07-16',1,0,200,300.00),(17,1,1,2,'2017-07-17',1,0,200,300.00),(18,1,1,2,'2017-07-18',1,0,200,300.00),(19,1,1,2,'2017-07-19',1,0,200,300.00),(20,1,1,2,'2017-07-20',1,0,200,300.00),(21,1,1,2,'2017-07-21',1,0,200,300.00),(22,1,1,2,'2017-07-22',1,0,200,300.00),(23,1,1,2,'2017-07-23',1,0,200,300.00),(24,1,1,2,'2017-07-24',1,0,200,300.00),(25,1,1,2,'2017-07-25',1,0,200,300.00),(26,1,1,2,'2017-07-26',1,0,200,300.00),(27,1,1,2,'2017-07-27',1,0,200,300.00),(28,1,1,2,'2017-07-28',1,0,200,300.00),(29,1,1,2,'2017-07-29',1,0,200,300.00),(30,1,1,2,'2017-07-30',1,0,200,300.00),(31,1,1,2,'2017-07-31',1,0,200,300.00);
/*!40000 ALTER TABLE `private_tour_vehicle_availability` ENABLE KEYS */;
UNLOCK TABLES;
DROP TABLE IF EXISTS `regions`;
/*!40101 SET @saved_cs_client     = @@character_set_client */;
/*!40101 SET character_set_client = utf8 */;
CREATE TABLE `regions` (
  `id` int(10) unsigned NOT NULL AUTO_INCREMENT,
  `name` varchar(100) COLLATE utf8mb4_unicode_ci NOT NULL,
  `slug` varchar(100) COLLATE utf8mb4_unicode_ci NOT NULL,
  `code` varchar(100) COLLATE utf8mb4_unicode_ci NOT NULL,
  `country_id` int(10) unsigned NOT NULL,
  `lng` decimal(10,6) NOT NULL DEFAULT '0.000000',
  `lat` decimal(10,6) NOT NULL DEFAULT '0.000000',
  `status` smallint(6) NOT NULL DEFAULT '1',
  PRIMARY KEY (`id`),
  KEY `regions_name_country_id_slug_index` (`name`,`country_id`,`slug`)
) ENGINE=InnoDB AUTO_INCREMENT=3 DEFAULT CHARSET=utf8mb4 COLLATE=utf8mb4_unicode_ci;
/*!40101 SET character_set_client = @saved_cs_client */;

LOCK TABLES `regions` WRITE;
/*!40000 ALTER TABLE `regions` DISABLE KEYS */;
INSERT INTO `regions` VALUES (1,'Dubai','dubai','Dubai',8,55.270783,25.204849,1),(2,'Abu Dhabi','abu-dhabi','Abu Dhabi',8,54.377344,24.453884,1);
/*!40000 ALTER TABLE `regions` ENABLE KEYS */;
UNLOCK TABLES;
DROP TABLE IF EXISTS `resource_has_permissions`;
/*!40101 SET @saved_cs_client     = @@character_set_client */;
/*!40101 SET character_set_client = utf8 */;
CREATE TABLE `resource_has_permissions` (
  `id` int(10) unsigned NOT NULL AUTO_INCREMENT,
  `name` varchar(255) COLLATE utf8mb4_unicode_ci NOT NULL,
  `slug` varchar(255) COLLATE utf8mb4_unicode_ci NOT NULL,
  `resource_id` int(11) NOT NULL,
  PRIMARY KEY (`id`)
) ENGINE=InnoDB AUTO_INCREMENT=1320 DEFAULT CHARSET=utf8mb4 COLLATE=utf8mb4_unicode_ci;
/*!40101 SET character_set_client = @saved_cs_client */;

LOCK TABLES `resource_has_permissions` WRITE;
/*!40000 ALTER TABLE `resource_has_permissions` DISABLE KEYS */;
INSERT INTO `resource_has_permissions` VALUES (1165,'List View','list',318),(1166,'Own List View','own-list',318),(1167,'View details','details',318),(1168,'Edit','edit',318),(1169,'Create','create',318),(1170,'Delete','delete',318),(1171,'List View','list',319),(1172,'View details','details',319),(1173,'Edit','edit',319),(1174,'Create','create',319),(1175,'Delete','delete',319),(1176,'List View','list',320),(1177,'View details','details',320),(1178,'Edit','edit',320),(1179,'Create','create',320),(1180,'Delete','delete',320),(1181,'View Own Profile','view',321),(1182,'Edit','edit',321),(1183,'List View','list',322),(1184,'View details','details',322),(1185,'Edit','edit',322),(1186,'Create','create',322),(1187,'Delete','delete',322),(1188,'Approve','approve',322),(1189,'Book','book',324),(1190,'Vochuer','voucher',324),(1191,'Cancel','cancel',324),(1192,'Book','book',325),(1193,'Vochuer','voucher',325),(1194,'Cancel','cancel',325),(1195,'Book','book',326),(1196,'Vochuer','voucher',326),(1197,'Cancel','cancel',326),(1198,'Book','book',327),(1199,'Vochuer','voucher',327),(1200,'Cancel','cancel',327),(1201,'Book','book',328),(1202,'Vochuer','voucher',328),(1203,'Cancel','cancel',328),(1204,'Book','book',329),(1205,'Vochuer','voucher',329),(1206,'Cancel','cancel',329),(1207,'List View','list',330),(1208,'View details','details',330),(1209,'Edit','edit',330),(1210,'Create','create',330),(1211,'Delete','delete',330),(1212,'List View','list',331),(1213,'View details','details',331),(1214,'Edit','edit',331),(1215,'Create','create',331),(1216,'Delete','delete',331),(1217,'List View','list',333),(1218,'View details','details',333),(1219,'Edit','edit',333),(1220,'Create','create',333),(1221,'Delete','delete',333),(1222,'List View','list',334),(1223,'View details','details',334),(1224,'Edit','edit',334),(1225,'Create','create',334),(1226,'Delete','delete',334),(1227,'List View','list',335),(1228,'View details','details',335),(1229,'Edit','edit',335),(1230,'Create','create',335),(1231,'Delete','delete',335),(1232,'List View','list',336),(1233,'View details','details',336),(1234,'Edit','edit',336),(1235,'Create','create',336),(1236,'Delete','delete',336),(1237,'List View','list',337),(1238,'View details','details',337),(1239,'Edit','edit',337),(1240,'Create','create',337),(1241,'Delete','delete',337),(1242,'View Only','view',339),(1243,'Edit','edit',339),(1244,'View Only','view',340),(1245,'Edit','edit',340),(1246,'View Only','view',341),(1247,'Create','create',341),(1248,'Edit','edit',341),(1249,'Delete','delete',341),(1250,'View Only','view',342),(1251,'Create','create',342),(1252,'Edit','edit',342),(1253,'Delete','delete',342),(1254,'View Only','view',343),(1255,'Create','create',343),(1256,'Edit','edit',343),(1257,'Delete','delete',343),(1258,'View Only','view',344),(1259,'Create','create',344),(1260,'Edit','edit',344),(1261,'Delete','delete',344),(1262,'View Only','view',345),(1263,'Create','create',345),(1264,'Edit','edit',345),(1265,'Delete','delete',345),(1266,'List View','list',348),(1267,'View Details','details',348),(1268,'Edit','edit',348),(1269,'Create','create',348),(1270,'Delete','delete',348),(1271,'List View','list',349),(1272,'View Details','details',349),(1273,'Edit','edit',349),(1274,'Create','create',349),(1275,'Delete','delete',349),(1276,'List View','list',350),(1277,'View Details','details',350),(1278,'Edit','edit',350),(1279,'Create','create',350),(1280,'Delete','delete',350),(1281,'List View','list',351),(1282,'View Details','details',351),(1283,'Edit','edit',351),(1284,'Create','create',351),(1285,'Delete','delete',351),(1286,'List View','list',352),(1287,'View Details','details',352),(1288,'Edit','edit',352),(1289,'Create','create',352),(1290,'Delete','delete',352),(1291,'List View','list',353),(1292,'View Hotel Details','details',353),(1293,'Edit','edit',353),(1294,'Create','create',353),(1295,'Delete','delete',353),(1296,'View All','list',324),(1297,'View Own Agents bookings','agents-list',324),(1298,'View Own bookings','own-list',324),(1299,'View All','list',325),(1300,'View Own Agents bookings','agents-list',325),(1301,'View Own bookings','own-list',325),(1302,'View All','list',326),(1303,'View Own Agents bookings','agents-list',326),(1304,'View Own bookings','own-list',326),(1305,'View All','list',327),(1306,'View Own Agents bookings','agents-list',327),(1307,'View Own bookings','own-list',327),(1308,'View All','list',328),(1309,'View Own Agents bookings','agents-list',328),(1310,'View Own bookings','own-list',328),(1311,'View All','list',329),(1312,'View Own Agents bookings','agents-list',329),(1313,'View Own bookings','own-list',329),(1314,'Can Edit Credit limit','credit-limit',322),(1315,'List View','list',354),(1316,'View Details','details',354),(1317,'Edit','edit',354),(1318,'Create','create',354),(1319,'Delete','delete',354);
/*!40000 ALTER TABLE `resource_has_permissions` ENABLE KEYS */;
UNLOCK TABLES;
DROP TABLE IF EXISTS `resources`;
/*!40101 SET @saved_cs_client     = @@character_set_client */;
/*!40101 SET character_set_client = utf8 */;
CREATE TABLE `resources` (
  `id` int(10) unsigned NOT NULL AUTO_INCREMENT,
  `name` varchar(255) COLLATE utf8mb4_unicode_ci NOT NULL,
  `slug` varchar(255) COLLATE utf8mb4_unicode_ci NOT NULL,
  `parent_resource_id` int(11) NOT NULL DEFAULT '0',
  PRIMARY KEY (`id`)
) ENGINE=InnoDB AUTO_INCREMENT=355 DEFAULT CHARSET=utf8mb4 COLLATE=utf8mb4_unicode_ci;
/*!40101 SET character_set_client = @saved_cs_client */;

LOCK TABLES `resources` WRITE;
/*!40000 ALTER TABLE `resources` DISABLE KEYS */;
INSERT INTO `resources` VALUES (317,'Acl','acl',0),(318,'Roles','roles',317),(319,'Teams','teams',317),(320,'Users','users',317),(321,'Own Profile','self',320),(322,'Agents','agents',0),(323,'Bookings','bookings',0),(324,'Accomodation','accomodation',323),(325,'Tours','tours',323),(326,'Transfers','transfers',323),(327,'Meals','meals',323),(328,'Guides','guides',323),(329,'Visas','visas',323),(330,'Distributor','distributors',0),(331,'Dmc','dmc',0),(332,'Locations','locations',0),(333,'Countries','countries',332),(334,'Regions','regions',332),(335,'Cities','cities',332),(336,'Areas','areas',332),(337,'Market Places','market-places',332),(338,'System settings','system-settings',0),(339,'Currencies','currencies',338),(340,'Code Generation','code-generation',338),(341,'Email Sending Settings','emails',338),(342,'DMC Bank Accounts','dmc-bank-accounts',338),(343,'Markups','markups',338),(344,'Taxes','taxes',338),(345,'Invoice Settings','invoice-settings',338),(346,'Vendor','vendors',0),(347,'Contracts','contracts',346),(348,'Hotels','hotels',347),(349,'Tours','tours',347),(350,'Transfers','transfers',347),(351,'Meals','meals',347),(352,'Visas','visas',347),(353,'Api Points','api',346),(354,'Packages','packages',347);
/*!40000 ALTER TABLE `resources` ENABLE KEYS */;
UNLOCK TABLES;
DROP TABLE IF EXISTS `role_has_permissions`;
/*!40101 SET @saved_cs_client     = @@character_set_client */;
/*!40101 SET character_set_client = utf8 */;
CREATE TABLE `role_has_permissions` (
  `id` int(10) unsigned NOT NULL AUTO_INCREMENT,
  `role_id` int(11) NOT NULL,
  `permission_id` int(11) NOT NULL,
  PRIMARY KEY (`id`)
) ENGINE=InnoDB AUTO_INCREMENT=2718 DEFAULT CHARSET=utf8mb4 COLLATE=utf8mb4_unicode_ci;
/*!40101 SET character_set_client = @saved_cs_client */;

LOCK TABLES `role_has_permissions` WRITE;
/*!40000 ALTER TABLE `role_has_permissions` DISABLE KEYS */;
INSERT INTO `role_has_permissions` VALUES (2311,1,1165),(2312,1,1166),(2313,1,1167),(2314,1,1168),(2315,1,1169),(2316,1,1170),(2317,1,1171),(2318,1,1172),(2319,1,1173),(2320,1,1174),(2321,1,1175),(2322,1,1176),(2323,1,1177),(2324,1,1178),(2325,1,1179),(2326,1,1180),(2327,1,1181),(2328,1,1182),(2329,1,1183),(2330,1,1184),(2331,1,1185),(2332,1,1186),(2333,1,1187),(2334,1,1188),(2335,1,1189),(2336,1,1190),(2337,1,1191),(2338,1,1192),(2339,1,1193),(2340,1,1194),(2341,1,1195),(2342,1,1196),(2343,1,1197),(2344,1,1198),(2345,1,1199),(2346,1,1200),(2347,1,1201),(2348,1,1202),(2349,1,1203),(2350,1,1204),(2351,1,1205),(2352,1,1206),(2353,1,1207),(2354,1,1208),(2355,1,1209),(2356,1,1210),(2357,1,1211),(2358,1,1212),(2359,1,1213),(2360,1,1214),(2361,1,1215),(2362,1,1216),(2363,1,1217),(2364,1,1218),(2365,1,1219),(2366,1,1220),(2367,1,1221),(2368,1,1222),(2369,1,1223),(2370,1,1224),(2371,1,1225),(2372,1,1226),(2373,1,1227),(2374,1,1228),(2375,1,1229),(2376,1,1230),(2377,1,1231),(2378,1,1232),(2379,1,1233),(2380,1,1234),(2381,1,1235),(2382,1,1236),(2383,1,1237),(2384,1,1238),(2385,1,1239),(2386,1,1240),(2387,1,1241),(2388,1,1242),(2389,1,1243),(2390,1,1244),(2391,1,1245),(2392,1,1246),(2393,1,1247),(2394,1,1248),(2395,1,1249),(2396,1,1250),(2397,1,1251),(2398,1,1252),(2399,1,1253),(2400,1,1254),(2401,1,1255),(2402,1,1256),(2403,1,1257),(2404,1,1258),(2405,1,1259),(2406,1,1260),(2407,1,1261),(2408,1,1262),(2409,1,1263),(2410,1,1264),(2411,1,1265),(2412,1,1266),(2413,1,1267),(2414,1,1268),(2415,1,1269),(2416,1,1270),(2417,1,1271),(2418,1,1272),(2419,1,1273),(2420,1,1274),(2421,1,1275),(2422,1,1276),(2423,1,1277),(2424,1,1278),(2425,1,1279),(2426,1,1280),(2427,1,1281),(2428,1,1282),(2429,1,1283),(2430,1,1284),(2431,1,1285),(2432,1,1286),(2433,1,1287),(2434,1,1288),(2435,1,1289),(2436,1,1290),(2437,1,1291),(2438,1,1292),(2439,1,1293),(2440,1,1294),(2441,1,1295),(2442,2,1165),(2443,2,1166),(2444,2,1167),(2445,2,1168),(2446,2,1169),(2447,2,1170),(2448,2,1171),(2449,2,1172),(2450,2,1173),(2451,2,1174),(2452,2,1175),(2453,2,1176),(2454,2,1177),(2455,2,1178),(2456,2,1179),(2457,2,1180),(2458,2,1181),(2459,2,1182),(2460,2,1183),(2461,2,1184),(2462,2,1185),(2463,2,1186),(2464,2,1187),(2465,2,1188),(2466,2,1189),(2467,2,1190),(2468,2,1191),(2469,2,1192),(2470,2,1193),(2471,2,1194),(2472,2,1195),(2473,2,1196),(2474,2,1197),(2475,2,1198),(2476,2,1199),(2477,2,1200),(2478,2,1201),(2479,2,1202),(2480,2,1203),(2481,2,1204),(2482,2,1205),(2483,2,1206),(2484,2,1207),(2485,2,1208),(2486,2,1209),(2487,2,1210),(2488,2,1211),(2489,2,1217),(2490,2,1218),(2491,2,1219),(2492,2,1220),(2493,2,1221),(2494,2,1222),(2495,2,1223),(2496,2,1224),(2497,2,1225),(2498,2,1226),(2499,2,1227),(2500,2,1228),(2501,2,1229),(2502,2,1230),(2503,2,1231),(2504,2,1232),(2505,2,1233),(2506,2,1234),(2507,2,1235),(2508,2,1236),(2509,2,1237),(2510,2,1238),(2511,2,1239),(2512,2,1240),(2513,2,1241),(2514,2,1242),(2515,2,1243),(2516,2,1244),(2517,2,1245),(2518,2,1246),(2519,2,1247),(2520,2,1248),(2521,2,1249),(2522,2,1250),(2523,2,1251),(2524,2,1252),(2525,2,1253),(2526,2,1254),(2527,2,1255),(2528,2,1256),(2529,2,1257),(2530,2,1258),(2531,2,1259),(2532,2,1260),(2533,2,1261),(2534,2,1262),(2535,2,1263),(2536,2,1264),(2537,2,1265),(2538,2,1266),(2539,2,1267),(2540,2,1268),(2541,2,1269),(2542,2,1270),(2543,2,1271),(2544,2,1272),(2545,2,1273),(2546,2,1274),(2547,2,1275),(2548,2,1276),(2549,2,1277),(2550,2,1278),(2551,2,1279),(2552,2,1280),(2553,2,1281),(2554,2,1282),(2555,2,1283),(2556,2,1284),(2557,2,1285),(2558,2,1286),(2559,2,1287),(2560,2,1288),(2561,2,1289),(2562,2,1290),(2563,2,1291),(2564,2,1292),(2565,2,1293),(2566,2,1294),(2567,2,1295),(2568,1,1296),(2569,1,1297),(2570,1,1298),(2571,1,1299),(2572,1,1300),(2573,1,1301),(2574,1,1302),(2575,1,1303),(2576,1,1304),(2577,1,1305),(2578,1,1306),(2579,1,1307),(2580,1,1308),(2581,1,1309),(2582,1,1310),(2583,1,1311),(2584,1,1312),(2585,1,1313),(2586,2,1296),(2587,2,1297),(2588,2,1298),(2589,2,1299),(2590,2,1300),(2591,2,1301),(2592,2,1302),(2593,2,1303),(2594,2,1304),(2595,2,1305),(2596,2,1306),(2597,2,1307),(2598,2,1308),(2599,2,1309),(2600,2,1310),(2601,2,1311),(2602,2,1312),(2603,2,1313),(2610,3,1165),(2611,3,1166),(2612,3,1167),(2613,3,1168),(2614,3,1169),(2615,3,1170),(2616,3,1171),(2617,3,1172),(2618,3,1173),(2619,3,1174),(2620,3,1175),(2621,3,1176),(2622,3,1177),(2623,3,1178),(2624,3,1179),(2625,3,1180),(2626,3,1181),(2627,3,1182),(2628,3,1189),(2629,3,1190),(2630,3,1191),(2631,3,1296),(2632,3,1297),(2633,3,1298),(2634,3,1192),(2635,3,1193),(2636,3,1194),(2637,3,1299),(2638,3,1300),(2639,3,1301),(2640,3,1195),(2641,3,1196),(2642,3,1197),(2643,3,1302),(2644,3,1303),(2645,3,1304),(2646,3,1198),(2647,3,1199),(2648,3,1200),(2649,3,1305),(2650,3,1306),(2651,3,1307),(2652,3,1201),(2653,3,1202),(2654,3,1203),(2655,3,1308),(2656,3,1309),(2657,3,1310),(2658,3,1204),(2659,3,1205),(2660,3,1206),(2661,3,1311),(2662,3,1312),(2663,3,1313),(2664,4,1165),(2665,4,1166),(2666,4,1167),(2667,4,1168),(2668,4,1169),(2669,4,1170),(2670,4,1171),(2671,4,1172),(2672,4,1173),(2673,4,1174),(2674,4,1175),(2675,4,1176),(2676,4,1177),(2677,4,1178),(2678,4,1179),(2679,4,1180),(2680,4,1181),(2681,4,1182),(2682,4,1183),(2683,4,1184),(2684,4,1185),(2685,4,1186),(2686,4,1187),(2687,4,1188),(2688,4,1190),(2689,4,1191),(2690,4,1297),(2691,4,1193),(2692,4,1194),(2693,4,1300),(2694,4,1196),(2695,4,1197),(2696,4,1303),(2697,4,1199),(2698,4,1200),(2699,4,1306),(2700,4,1202),(2701,4,1203),(2702,4,1309),(2703,4,1205),(2704,4,1206),(2705,4,1312),(2706,1,1314),(2707,2,1314),(2708,1,1315),(2709,1,1316),(2710,1,1317),(2711,1,1318),(2712,1,1319),(2713,2,1315),(2714,2,1316),(2715,2,1317),(2716,2,1318),(2717,2,1319);
/*!40000 ALTER TABLE `role_has_permissions` ENABLE KEYS */;
UNLOCK TABLES;
DROP TABLE IF EXISTS `roles`;
/*!40101 SET @saved_cs_client     = @@character_set_client */;
/*!40101 SET character_set_client = utf8 */;
CREATE TABLE `roles` (
  `id` int(10) unsigned NOT NULL AUTO_INCREMENT,
  `name` varchar(100) COLLATE utf8mb4_unicode_ci NOT NULL,
  `slug` varchar(100) COLLATE utf8mb4_unicode_ci NOT NULL,
  `module` varchar(50) COLLATE utf8mb4_unicode_ci NOT NULL,
  `description` varchar(500) COLLATE utf8mb4_unicode_ci NOT NULL,
  `owner_id` int(11) NOT NULL DEFAULT '0',
  PRIMARY KEY (`id`)
) ENGINE=InnoDB AUTO_INCREMENT=5 DEFAULT CHARSET=utf8mb4 COLLATE=utf8mb4_unicode_ci;
/*!40101 SET character_set_client = @saved_cs_client */;

LOCK TABLES `roles` WRITE;
/*!40000 ALTER TABLE `roles` DISABLE KEYS */;
INSERT INTO `roles` VALUES (1,'Super Admin','super-admin','staff','You are Nways owner',0),(2,'Super User','dmc-owner','staff','You are DMC owner',1),(3,'Agency','agency','staff','Travel agency where they can book hotel, transports, meals , guides & packages',2),(4,'Distributor','distributor','staff','who manages Agents & all his activities',2);
/*!40000 ALTER TABLE `roles` ENABLE KEYS */;
UNLOCK TABLES;
DROP TABLE IF EXISTS `system_settings`;
/*!40101 SET @saved_cs_client     = @@character_set_client */;
/*!40101 SET character_set_client = utf8 */;
CREATE TABLE `system_settings` (
  `id` int(10) unsigned NOT NULL AUTO_INCREMENT,
  `type` varchar(50) COLLATE utf8mb4_unicode_ci NOT NULL,
  `setting_values` text COLLATE utf8mb4_unicode_ci NOT NULL,
  PRIMARY KEY (`id`)
) ENGINE=InnoDB AUTO_INCREMENT=2 DEFAULT CHARSET=utf8mb4 COLLATE=utf8mb4_unicode_ci;
/*!40101 SET character_set_client = @saved_cs_client */;

LOCK TABLES `system_settings` WRITE;
/*!40000 ALTER TABLE `system_settings` DISABLE KEYS */;
INSERT INTO `system_settings` VALUES (1,'currency_exchange_rates','{\"exchange_rate_buffer_amount\":\"1\",\"exchange_rate_buffer_amount_type\":\"PERCENT\",\"exchange_rates\":{\"AED\":{\"AED\":{\"exchange_rate_buffer\":0,\"exchange_rate\":1},\"AUD\":{\"exchange_rate_buffer\":\"1\",\"exchange_rate\":0.3467},\"CNY\":{\"exchange_rate_buffer\":\"1\",\"exchange_rate\":1.7268},\"EUR\":{\"exchange_rate_buffer\":\"1\",\"exchange_rate\":0.2203},\"GBP\":{\"exchange_rate_buffer\":\"1\",\"exchange_rate\":0.196},\"INR\":{\"exchange_rate_buffer\":\"1\",\"exchange_rate\":17.4913},\"JPY\":{\"exchange_rate_buffer\":\"1\",\"exchange_rate\":29.3129},\"PKR\":{\"exchange_rate_buffer\":\"1\",\"exchange_rate\":30.1147},\"SAR\":{\"exchange_rate_buffer\":\"1\",\"exchange_rate\":1.0211},\"USD\":{\"exchange_rate_buffer\":\"1\",\"exchange_rate\":0.2723}},\"AUD\":{\"AED\":{\"exchange_rate_buffer\":\"1\",\"exchange_rate\":2.8844},\"AUD\":{\"exchange_rate_buffer\":0,\"exchange_rate\":1},\"CNY\":{\"exchange_rate_buffer\":\"1\",\"exchange_rate\":4.9807},\"EUR\":{\"exchange_rate_buffer\":\"1\",\"exchange_rate\":0.6353},\"GBP\":{\"exchange_rate_buffer\":\"1\",\"exchange_rate\":0.5653},\"INR\":{\"exchange_rate_buffer\":\"1\",\"exchange_rate\":50.478},\"JPY\":{\"exchange_rate_buffer\":\"1\",\"exchange_rate\":84.5505},\"PKR\":{\"exchange_rate_buffer\":\"1\",\"exchange_rate\":86.8631},\"SAR\":{\"exchange_rate_buffer\":\"1\",\"exchange_rate\":2.9449},\"USD\":{\"exchange_rate_buffer\":\"1\",\"exchange_rate\":0.7853}},\"CNY\":{\"AED\":{\"exchange_rate_buffer\":\"1\",\"exchange_rate\":0.5791},\"AUD\":{\"exchange_rate_buffer\":\"1\",\"exchange_rate\":0.2008},\"CNY\":{\"exchange_rate_buffer\":0,\"exchange_rate\":1},\"EUR\":{\"exchange_rate_buffer\":\"1\",\"exchange_rate\":0.1276},\"GBP\":{\"exchange_rate_buffer\":\"1\",\"exchange_rate\":0.1135},\"INR\":{\"exchange_rate_buffer\":\"1\",\"exchange_rate\":10.1295},\"JPY\":{\"exchange_rate_buffer\":\"1\",\"exchange_rate\":16.9755},\"PKR\":{\"exchange_rate_buffer\":\"1\",\"exchange_rate\":17.4399},\"SAR\":{\"exchange_rate_buffer\":\"1\",\"exchange_rate\":0.5913},\"USD\":{\"exchange_rate_buffer\":\"1\",\"exchange_rate\":0.1577}},\"EUR\":{\"AED\":{\"exchange_rate_buffer\":\"1\",\"exchange_rate\":4.54},\"AUD\":{\"exchange_rate_buffer\":\"1\",\"exchange_rate\":1.5738},\"CNY\":{\"exchange_rate_buffer\":\"1\",\"exchange_rate\":7.8393},\"EUR\":{\"exchange_rate_buffer\":0,\"exchange_rate\":1},\"GBP\":{\"exchange_rate_buffer\":\"1\",\"exchange_rate\":0.8897},\"INR\":{\"exchange_rate_buffer\":\"1\",\"exchange_rate\":79.45},\"JPY\":{\"exchange_rate_buffer\":\"1\",\"exchange_rate\":133.078},\"PKR\":{\"exchange_rate_buffer\":\"1\",\"exchange_rate\":136.7195},\"SAR\":{\"exchange_rate_buffer\":\"1\",\"exchange_rate\":4.6359},\"USD\":{\"exchange_rate_buffer\":\"1\",\"exchange_rate\":1.236}},\"GBP\":{\"AED\":{\"exchange_rate_buffer\":\"1\",\"exchange_rate\":5.1026},\"AUD\":{\"exchange_rate_buffer\":\"1\",\"exchange_rate\":1.7688},\"CNY\":{\"exchange_rate_buffer\":\"1\",\"exchange_rate\":8.8115},\"EUR\":{\"exchange_rate_buffer\":\"1\",\"exchange_rate\":1.124},\"GBP\":{\"exchange_rate_buffer\":0,\"exchange_rate\":1},\"INR\":{\"exchange_rate_buffer\":\"1\",\"exchange_rate\":89.266},\"JPY\":{\"exchange_rate_buffer\":\"1\",\"exchange_rate\":149.5365},\"PKR\":{\"exchange_rate_buffer\":\"1\",\"exchange_rate\":153.6616},\"SAR\":{\"exchange_rate_buffer\":\"1\",\"exchange_rate\":5.2102},\"USD\":{\"exchange_rate_buffer\":\"1\",\"exchange_rate\":1.3892}},\"IDR\":{\"AED\":{\"exchange_rate_buffer\":\"1\",\"exchange_rate\":0.0003},\"AUD\":{\"exchange_rate_buffer\":\"1\",\"exchange_rate\":0.0001},\"CNY\":{\"exchange_rate_buffer\":\"1\",\"exchange_rate\":0.0005},\"EUR\":{\"exchange_rate_buffer\":\"1\",\"exchange_rate\":0.0001},\"GBP\":{\"exchange_rate_buffer\":\"1\",\"exchange_rate\":0.0001},\"IDR\":{\"exchange_rate_buffer\":0,\"exchange_rate\":1},\"INR\":{\"exchange_rate_buffer\":\"1\",\"exchange_rate\":0.0047},\"JPY\":{\"exchange_rate_buffer\":\"1\",\"exchange_rate\":0.0079},\"PKR\":{\"exchange_rate_buffer\":\"1\",\"exchange_rate\":0.0077},\"SAR\":{\"exchange_rate_buffer\":\"1\",\"exchange_rate\":0.0003},\"USD\":{\"exchange_rate_buffer\":\"1\",\"exchange_rate\":0.0001}},\"INR\":{\"AED\":{\"exchange_rate_buffer\":\"1\",\"exchange_rate\":0.0572},\"AUD\":{\"exchange_rate_buffer\":\"1\",\"exchange_rate\":0.0198},\"CNY\":{\"exchange_rate_buffer\":\"1\",\"exchange_rate\":0.0987},\"EUR\":{\"exchange_rate_buffer\":\"1\",\"exchange_rate\":0.0126},\"GBP\":{\"exchange_rate_buffer\":\"1\",\"exchange_rate\":0.0112},\"INR\":{\"exchange_rate_buffer\":0,\"exchange_rate\":1},\"JPY\":{\"exchange_rate_buffer\":\"1\",\"exchange_rate\":1.6763},\"PKR\":{\"exchange_rate_buffer\":\"1\",\"exchange_rate\":1.7222},\"SAR\":{\"exchange_rate_buffer\":\"1\",\"exchange_rate\":0.0584},\"USD\":{\"exchange_rate_buffer\":\"1\",\"exchange_rate\":0.0156}},\"JPY\":{\"AED\":{\"exchange_rate_buffer\":\"1\",\"exchange_rate\":0.0341},\"AUD\":{\"exchange_rate_buffer\":\"1\",\"exchange_rate\":0.0118},\"CNY\":{\"exchange_rate_buffer\":\"1\",\"exchange_rate\":0.0589},\"EUR\":{\"exchange_rate_buffer\":\"1\",\"exchange_rate\":0.0075},\"GBP\":{\"exchange_rate_buffer\":\"1\",\"exchange_rate\":0.0067},\"INR\":{\"exchange_rate_buffer\":\"1\",\"exchange_rate\":0.597},\"JPY\":{\"exchange_rate_buffer\":0,\"exchange_rate\":1},\"PKR\":{\"exchange_rate_buffer\":\"1\",\"exchange_rate\":1.0276},\"SAR\":{\"exchange_rate_buffer\":\"1\",\"exchange_rate\":0.0348},\"USD\":{\"exchange_rate_buffer\":\"1\",\"exchange_rate\":0.0093}},\"PKR\":{\"AED\":{\"exchange_rate_buffer\":\"1\",\"exchange_rate\":0.0332},\"AUD\":{\"exchange_rate_buffer\":\"1\",\"exchange_rate\":0.0115},\"CNY\":{\"exchange_rate_buffer\":\"1\",\"exchange_rate\":0.0573},\"EUR\":{\"exchange_rate_buffer\":\"1\",\"exchange_rate\":0.0073},\"GBP\":{\"exchange_rate_buffer\":\"1\",\"exchange_rate\":0.0065},\"INR\":{\"exchange_rate_buffer\":\"1\",\"exchange_rate\":0.5808},\"JPY\":{\"exchange_rate_buffer\":\"1\",\"exchange_rate\":0.9733},\"PKR\":{\"exchange_rate_buffer\":0,\"exchange_rate\":1},\"SAR\":{\"exchange_rate_buffer\":\"1\",\"exchange_rate\":0.0339},\"USD\":{\"exchange_rate_buffer\":\"1\",\"exchange_rate\":0.009}},\"SAR\":{\"AED\":{\"exchange_rate_buffer\":\"1\",\"exchange_rate\":0.9792},\"AUD\":{\"exchange_rate_buffer\":\"1\",\"exchange_rate\":0.3395},\"CNY\":{\"exchange_rate_buffer\":\"1\",\"exchange_rate\":1.6911},\"EUR\":{\"exchange_rate_buffer\":\"1\",\"exchange_rate\":0.2157},\"GBP\":{\"exchange_rate_buffer\":\"1\",\"exchange_rate\":0.1919},\"INR\":{\"exchange_rate_buffer\":\"1\",\"exchange_rate\":17.1277},\"JPY\":{\"exchange_rate_buffer\":\"1\",\"exchange_rate\":28.697},\"PKR\":{\"exchange_rate_buffer\":\"1\",\"exchange_rate\":29.4886},\"SAR\":{\"exchange_rate_buffer\":0,\"exchange_rate\":1},\"USD\":{\"exchange_rate_buffer\":\"1\",\"exchange_rate\":0.2666}},\"USD\":{\"AED\":{\"exchange_rate_buffer\":\"1\",\"exchange_rate\":3.673},\"AUD\":{\"exchange_rate_buffer\":\"1\",\"exchange_rate\":1.2733},\"CNY\":{\"exchange_rate_buffer\":\"1\",\"exchange_rate\":6.3423},\"EUR\":{\"exchange_rate_buffer\":\"1\",\"exchange_rate\":0.8091},\"GBP\":{\"exchange_rate_buffer\":\"1\",\"exchange_rate\":0.7198},\"INR\":{\"exchange_rate_buffer\":\"1\",\"exchange_rate\":64.245},\"JPY\":{\"exchange_rate_buffer\":\"1\",\"exchange_rate\":107.64},\"PKR\":{\"exchange_rate_buffer\":\"1\",\"exchange_rate\":110.61},\"SAR\":{\"exchange_rate_buffer\":\"1\",\"exchange_rate\":3.751},\"USD\":{\"exchange_rate_buffer\":0,\"exchange_rate\":1}}}}');
/*!40000 ALTER TABLE `system_settings` ENABLE KEYS */;
UNLOCK TABLES;
DROP TABLE IF EXISTS `taxes`;
/*!40101 SET @saved_cs_client     = @@character_set_client */;
/*!40101 SET character_set_client = utf8 */;
CREATE TABLE `taxes` (
  `id` int(10) unsigned NOT NULL AUTO_INCREMENT,
  `country_id` int(11) NOT NULL,
  `name` varchar(255) COLLATE utf8mb4_unicode_ci NOT NULL,
  `slug` varchar(255) COLLATE utf8mb4_unicode_ci NOT NULL,
  `agency_name` varchar(255) COLLATE utf8mb4_unicode_ci NOT NULL DEFAULT '',
  `amount` decimal(8,2) NOT NULL,
  `amount_type` varchar(20) COLLATE utf8mb4_unicode_ci NOT NULL DEFAULT 'percent',
  `tax_type` varchar(30) COLLATE utf8mb4_unicode_ci NOT NULL,
  PRIMARY KEY (`id`)
) ENGINE=InnoDB AUTO_INCREMENT=7 DEFAULT CHARSET=utf8mb4 COLLATE=utf8mb4_unicode_ci;
/*!40101 SET character_set_client = @saved_cs_client */;

LOCK TABLES `taxes` WRITE;
/*!40000 ALTER TABLE `taxes` DISABLE KEYS */;
INSERT INTO `taxes` VALUES (1,104,'IGST','igst','Income Tax',18.00,'percent','purchase'),(2,104,'CGST','cgst','Income Tax',9.00,'percent','purchase'),(6,104,'SGST','sgst','Income tax',9.00,'percent','purchase');
/*!40000 ALTER TABLE `taxes` ENABLE KEYS */;
UNLOCK TABLES;
DROP TABLE IF EXISTS `team_has_users`;
/*!40101 SET @saved_cs_client     = @@character_set_client */;
/*!40101 SET character_set_client = utf8 */;
CREATE TABLE `team_has_users` (
  `id` int(10) unsigned NOT NULL AUTO_INCREMENT,
  `team_id` int(11) NOT NULL,
  `user_id` int(11) NOT NULL,
  PRIMARY KEY (`id`)
) ENGINE=InnoDB DEFAULT CHARSET=utf8mb4 COLLATE=utf8mb4_unicode_ci;
/*!40101 SET character_set_client = @saved_cs_client */;

LOCK TABLES `team_has_users` WRITE;
/*!40000 ALTER TABLE `team_has_users` DISABLE KEYS */;
/*!40000 ALTER TABLE `team_has_users` ENABLE KEYS */;
UNLOCK TABLES;
DROP TABLE IF EXISTS `teams`;
/*!40101 SET @saved_cs_client     = @@character_set_client */;
/*!40101 SET character_set_client = utf8 */;
CREATE TABLE `teams` (
  `id` int(10) unsigned NOT NULL AUTO_INCREMENT,
  `name` varchar(100) COLLATE utf8mb4_unicode_ci NOT NULL,
  `description` varchar(500) COLLATE utf8mb4_unicode_ci NOT NULL,
  `owner_id` int(11) NOT NULL,
  PRIMARY KEY (`id`)
) ENGINE=InnoDB AUTO_INCREMENT=3 DEFAULT CHARSET=utf8mb4 COLLATE=utf8mb4_unicode_ci;
/*!40101 SET character_set_client = @saved_cs_client */;

LOCK TABLES `teams` WRITE;
/*!40000 ALTER TABLE `teams` DISABLE KEYS */;
INSERT INTO `teams` VALUES (1,'Nways Solutions','This is main team for this product, they have all rights',1),(2,'GoDubaiTourism operations head','This is DMC company',1);
/*!40000 ALTER TABLE `teams` ENABLE KEYS */;
UNLOCK TABLES;
DROP TABLE IF EXISTS `ticket_categories`;
/*!40101 SET @saved_cs_client     = @@character_set_client */;
/*!40101 SET character_set_client = utf8 */;
CREATE TABLE `ticket_categories` (
  `id` int(10) unsigned NOT NULL AUTO_INCREMENT,
  `name` varchar(255) COLLATE utf8mb4_unicode_ci NOT NULL,
  PRIMARY KEY (`id`)
) ENGINE=InnoDB AUTO_INCREMENT=4 DEFAULT CHARSET=utf8mb4 COLLATE=utf8mb4_unicode_ci;
/*!40101 SET character_set_client = @saved_cs_client */;

LOCK TABLES `ticket_categories` WRITE;
/*!40000 ALTER TABLE `ticket_categories` DISABLE KEYS */;
INSERT INTO `ticket_categories` VALUES (1,'Standard'),(3,'Premium');
/*!40000 ALTER TABLE `ticket_categories` ENABLE KEYS */;
UNLOCK TABLES;
DROP TABLE IF EXISTS `ticket_types`;
/*!40101 SET @saved_cs_client     = @@character_set_client */;
/*!40101 SET character_set_client = utf8 */;
CREATE TABLE `ticket_types` (
  `id` int(10) unsigned NOT NULL AUTO_INCREMENT,
  `name` varchar(100) COLLATE utf8mb4_unicode_ci NOT NULL,
  PRIMARY KEY (`id`)
) ENGINE=InnoDB AUTO_INCREMENT=4 DEFAULT CHARSET=utf8mb4 COLLATE=utf8mb4_unicode_ci;
/*!40101 SET character_set_client = @saved_cs_client */;

LOCK TABLES `ticket_types` WRITE;
/*!40000 ALTER TABLE `ticket_types` DISABLE KEYS */;
INSERT INTO `ticket_types` VALUES (1,'Advnture'),(3,'Children');
/*!40000 ALTER TABLE `ticket_types` ENABLE KEYS */;
UNLOCK TABLES;
DROP TABLE IF EXISTS `ticket_vendor_ticket_details`;
/*!40101 SET @saved_cs_client     = @@character_set_client */;
/*!40101 SET character_set_client = utf8 */;
CREATE TABLE `ticket_vendor_ticket_details` (
  `id` int(10) unsigned NOT NULL AUTO_INCREMENT,
  `ticket_vendor_id` int(11) NOT NULL,
  `ticket_id` int(11) NOT NULL,
  `code` varchar(100) COLLATE utf8mb4_unicode_ci NOT NULL,
  `description` varchar(255) COLLATE utf8mb4_unicode_ci DEFAULT '',
  `inclusions` varchar(255) COLLATE utf8mb4_unicode_ci DEFAULT '',
  `exclusions` varchar(255) COLLATE utf8mb4_unicode_ci DEFAULT '',
  `remarks` varchar(255) COLLATE utf8mb4_unicode_ci DEFAULT '',
  `terms_and_conditions` varchar(255) COLLATE utf8mb4_unicode_ci DEFAULT '',
  `cancellation_policies` varchar(255) COLLATE utf8mb4_unicode_ci DEFAULT '',
  `cancellation_policy_rules` varchar(255) COLLATE utf8mb4_unicode_ci DEFAULT '',
  `gallery` varchar(255) COLLATE utf8mb4_unicode_ci DEFAULT '',
  PRIMARY KEY (`id`),
  KEY `ticket_vendor_id_index` (`ticket_vendor_id`,`ticket_id`),
  KEY `ticket_vendor_ticket_details_code_index` (`code`)
) ENGINE=InnoDB AUTO_INCREMENT=2 DEFAULT CHARSET=utf8mb4 COLLATE=utf8mb4_unicode_ci;
/*!40101 SET character_set_client = @saved_cs_client */;

LOCK TABLES `ticket_vendor_ticket_details` WRITE;
/*!40000 ALTER TABLE `ticket_vendor_ticket_details` DISABLE KEYS */;
INSERT INTO `ticket_vendor_ticket_details` VALUES (1,1,1,'CODE','<p>this is description</p>','<p>inclusions&nbsp;</p>','<p>exclusions</p>','<p>Remarks for this tour from this vendor</p>','<p>Temrs &amp; Conditions</p>','<p>Cancellation Policies</p>','[{\"days\":\"20\",\"amount\":\"15\",\"amount_type\":\"percent\"},{\"name\":null,\"amount\":\"10\",\"amount_type\":\"percent\",\"days\":\"30\"}]','[\"uploads\\/images\\/countries\\/\\/tickets\\/1\\/army.jpg\",\"uploads\\/images\\/countries\\/\\/tickets\\/1\\/beatiful-meas.jpg\"]');
/*!40000 ALTER TABLE `ticket_vendor_ticket_details` ENABLE KEYS */;
UNLOCK TABLES;
DROP TABLE IF EXISTS `ticket_vendor_ticket_pricing`;
/*!40101 SET @saved_cs_client     = @@character_set_client */;
/*!40101 SET character_set_client = utf8 */;
CREATE TABLE `ticket_vendor_ticket_pricing` (
  `id` int(10) unsigned NOT NULL AUTO_INCREMENT,
  `vendor_ticket_id` int(11) NOT NULL,
  `date` date NOT NULL,
  `time_slots_with_pricing_details` text COLLATE utf8mb4_unicode_ci,
  `is_available` tinyint(1) NOT NULL DEFAULT '1',
  `is_on_request` tinyint(1) NOT NULL DEFAULT '0',
  PRIMARY KEY (`id`),
  KEY `ticket_vendor_ticket_pricing_vendor_ticket_id_index` (`vendor_ticket_id`),
  KEY `ticket_vendor_ticket_pricing_date_index` (`date`),
  KEY `ticket_vendor_ticket_pricing_vendor_ticket_id_date_index` (`vendor_ticket_id`,`date`)
) ENGINE=InnoDB DEFAULT CHARSET=utf8mb4 COLLATE=utf8mb4_unicode_ci;
/*!40101 SET character_set_client = @saved_cs_client */;

LOCK TABLES `ticket_vendor_ticket_pricing` WRITE;
/*!40000 ALTER TABLE `ticket_vendor_ticket_pricing` DISABLE KEYS */;
/*!40000 ALTER TABLE `ticket_vendor_ticket_pricing` ENABLE KEYS */;
UNLOCK TABLES;
DROP TABLE IF EXISTS `ticket_vendors`;
/*!40101 SET @saved_cs_client     = @@character_set_client */;
/*!40101 SET character_set_client = utf8 */;
CREATE TABLE `ticket_vendors` (
  `id` int(10) unsigned NOT NULL AUTO_INCREMENT,
  `vendor_id` int(11) NOT NULL,
  `ticket_category_ids` varchar(50) COLLATE utf8mb4_unicode_ci NOT NULL,
  `description` varchar(255) COLLATE utf8mb4_unicode_ci DEFAULT '',
  `gallery` varchar(255) COLLATE utf8mb4_unicode_ci DEFAULT '',
  PRIMARY KEY (`id`),
  KEY `ticket_vendors_vendor_id_index` (`vendor_id`)
) ENGINE=InnoDB AUTO_INCREMENT=2 DEFAULT CHARSET=utf8mb4 COLLATE=utf8mb4_unicode_ci;
/*!40101 SET character_set_client = @saved_cs_client */;

LOCK TABLES `ticket_vendors` WRITE;
/*!40000 ALTER TABLE `ticket_vendors` DISABLE KEYS */;
INSERT INTO `ticket_vendors` VALUES (1,1,'[1]','<p>This is description</p>','[\"uploads\\/images\\/countries\\/8\\/tickets\\/vendors\\/1\\/acche_din.jpg\",\"uploads\\/images\\/countries\\/8\\/tickets\\/vendors\\/1\\/army.jpg\"]');
/*!40000 ALTER TABLE `ticket_vendors` ENABLE KEYS */;
UNLOCK TABLES;
DROP TABLE IF EXISTS `tickets`;
/*!40101 SET @saved_cs_client     = @@character_set_client */;
/*!40101 SET character_set_client = utf8 */;
CREATE TABLE `tickets` (
  `id` int(10) unsigned NOT NULL AUTO_INCREMENT,
  `city_id` int(11) NOT NULL,
  `name` varchar(250) COLLATE utf8mb4_unicode_ci NOT NULL,
  `ticket_category_id` int(11) DEFAULT NULL,
  `ticket_type_ids` varchar(50) COLLATE utf8mb4_unicode_ci NOT NULL DEFAULT '[]',
  `child_age_from` smallint(6) NOT NULL DEFAULT '0',
  `child_age_to` smallint(6) NOT NULL DEFAULT '0',
  `description` varchar(255) COLLATE utf8mb4_unicode_ci DEFAULT NULL,
  `gallery` varchar(255) COLLATE utf8mb4_unicode_ci DEFAULT NULL,
  PRIMARY KEY (`id`)
) ENGINE=InnoDB AUTO_INCREMENT=2 DEFAULT CHARSET=utf8mb4 COLLATE=utf8mb4_unicode_ci;
/*!40101 SET character_set_client = @saved_cs_client */;

LOCK TABLES `tickets` WRITE;
/*!40000 ALTER TABLE `tickets` DISABLE KEYS */;
INSERT INTO `tickets` VALUES (1,1,'BurzKalifha',1,'[1,3]',3,10,'<p>this is description</p>','[\"uploads\\/images\\/countries\\/\\/tickets\\/1\\/army.jpg\",\"uploads\\/images\\/countries\\/\\/tickets\\/1\\/beatiful-meas.jpg\"]');
/*!40000 ALTER TABLE `tickets` ENABLE KEYS */;
UNLOCK TABLES;
DROP TABLE IF EXISTS `tour_categories`;
/*!40101 SET @saved_cs_client     = @@character_set_client */;
/*!40101 SET character_set_client = utf8 */;
CREATE TABLE `tour_categories` (
  `id` int(10) unsigned NOT NULL AUTO_INCREMENT,
  `name` varchar(200) COLLATE utf8mb4_unicode_ci NOT NULL,
  PRIMARY KEY (`id`)
) ENGINE=InnoDB AUTO_INCREMENT=2 DEFAULT CHARSET=utf8mb4 COLLATE=utf8mb4_unicode_ci;
/*!40101 SET character_set_client = @saved_cs_client */;

LOCK TABLES `tour_categories` WRITE;
/*!40000 ALTER TABLE `tour_categories` DISABLE KEYS */;
INSERT INTO `tour_categories` VALUES (1,'Standard');
/*!40000 ALTER TABLE `tour_categories` ENABLE KEYS */;
UNLOCK TABLES;
DROP TABLE IF EXISTS `tour_child_ages`;
/*!40101 SET @saved_cs_client     = @@character_set_client */;
/*!40101 SET character_set_client = utf8 */;
CREATE TABLE `tour_child_ages` (
  `id` int(10) unsigned NOT NULL AUTO_INCREMENT,
  `country_id` int(11) NOT NULL,
  `min_age` smallint(6) NOT NULL,
  `max_age` smallint(6) NOT NULL,
  PRIMARY KEY (`id`)
) ENGINE=InnoDB AUTO_INCREMENT=2 DEFAULT CHARSET=utf8mb4 COLLATE=utf8mb4_unicode_ci;
/*!40101 SET character_set_client = @saved_cs_client */;

LOCK TABLES `tour_child_ages` WRITE;
/*!40000 ALTER TABLE `tour_child_ages` DISABLE KEYS */;
INSERT INTO `tour_child_ages` VALUES (1,8,3,8);
/*!40000 ALTER TABLE `tour_child_ages` ENABLE KEYS */;
UNLOCK TABLES;
DROP TABLE IF EXISTS `tour_duration_filters`;
/*!40101 SET @saved_cs_client     = @@character_set_client */;
/*!40101 SET character_set_client = utf8 */;
CREATE TABLE `tour_duration_filters` (
  `id` int(10) unsigned NOT NULL AUTO_INCREMENT,
  `name` varchar(200) COLLATE utf8mb4_unicode_ci NOT NULL,
  PRIMARY KEY (`id`)
) ENGINE=InnoDB AUTO_INCREMENT=4 DEFAULT CHARSET=utf8mb4 COLLATE=utf8mb4_unicode_ci;
/*!40101 SET character_set_client = @saved_cs_client */;

LOCK TABLES `tour_duration_filters` WRITE;
/*!40000 ALTER TABLE `tour_duration_filters` DISABLE KEYS */;
INSERT INTO `tour_duration_filters` VALUES (1,'0-3 Hours'),(3,'Half Day - 6 Hours');
/*!40000 ALTER TABLE `tour_duration_filters` ENABLE KEYS */;
UNLOCK TABLES;
DROP TABLE IF EXISTS `tour_guide_languages`;
/*!40101 SET @saved_cs_client     = @@character_set_client */;
/*!40101 SET character_set_client = utf8 */;
CREATE TABLE `tour_guide_languages` (
  `id` int(10) unsigned NOT NULL AUTO_INCREMENT,
  `name` varchar(200) COLLATE utf8mb4_unicode_ci NOT NULL,
  PRIMARY KEY (`id`)
) ENGINE=InnoDB AUTO_INCREMENT=8 DEFAULT CHARSET=utf8mb4 COLLATE=utf8mb4_unicode_ci;
/*!40101 SET character_set_client = @saved_cs_client */;

LOCK TABLES `tour_guide_languages` WRITE;
/*!40000 ALTER TABLE `tour_guide_languages` DISABLE KEYS */;
INSERT INTO `tour_guide_languages` VALUES (1,'Hindi'),(2,'Indain English'),(4,'Telugu'),(5,'Arabic'),(6,'German'),(7,'Spanish');
/*!40000 ALTER TABLE `tour_guide_languages` ENABLE KEYS */;
UNLOCK TABLES;
DROP TABLE IF EXISTS `tour_services`;
/*!40101 SET @saved_cs_client     = @@character_set_client */;
/*!40101 SET character_set_client = utf8 */;
CREATE TABLE `tour_services` (
  `id` int(10) unsigned NOT NULL AUTO_INCREMENT,
  `vendor_service_id` int(11) NOT NULL,
  `name` varchar(200) COLLATE utf8mb4_unicode_ci NOT NULL,
  PRIMARY KEY (`id`)
) ENGINE=InnoDB AUTO_INCREMENT=3 DEFAULT CHARSET=utf8mb4 COLLATE=utf8mb4_unicode_ci;
/*!40101 SET character_set_client = @saved_cs_client */;

LOCK TABLES `tour_services` WRITE;
/*!40000 ALTER TABLE `tour_services` DISABLE KEYS */;
INSERT INTO `tour_services` VALUES (1,29,'SIC'),(2,30,'Private');
/*!40000 ALTER TABLE `tour_services` ENABLE KEYS */;
UNLOCK TABLES;
DROP TABLE IF EXISTS `tour_themes`;
/*!40101 SET @saved_cs_client     = @@character_set_client */;
/*!40101 SET character_set_client = utf8 */;
CREATE TABLE `tour_themes` (
  `id` int(10) unsigned NOT NULL AUTO_INCREMENT,
  `name` varchar(255) COLLATE utf8mb4_unicode_ci NOT NULL,
  PRIMARY KEY (`id`)
) ENGINE=InnoDB AUTO_INCREMENT=3 DEFAULT CHARSET=utf8mb4 COLLATE=utf8mb4_unicode_ci;
/*!40101 SET character_set_client = @saved_cs_client */;

LOCK TABLES `tour_themes` WRITE;
/*!40000 ALTER TABLE `tour_themes` DISABLE KEYS */;
INSERT INTO `tour_themes` VALUES (1,'Wild'),(2,'Adventure');
/*!40000 ALTER TABLE `tour_themes` ENABLE KEYS */;
UNLOCK TABLES;
DROP TABLE IF EXISTS `tour_traveler_types`;
/*!40101 SET @saved_cs_client     = @@character_set_client */;
/*!40101 SET character_set_client = utf8 */;
CREATE TABLE `tour_traveler_types` (
  `id` int(10) unsigned NOT NULL AUTO_INCREMENT,
  `name` varchar(255) COLLATE utf8mb4_unicode_ci NOT NULL,
  PRIMARY KEY (`id`)
) ENGINE=InnoDB AUTO_INCREMENT=3 DEFAULT CHARSET=utf8mb4 COLLATE=utf8mb4_unicode_ci;
/*!40101 SET character_set_client = @saved_cs_client */;

LOCK TABLES `tour_traveler_types` WRITE;
/*!40000 ALTER TABLE `tour_traveler_types` DISABLE KEYS */;
INSERT INTO `tour_traveler_types` VALUES (1,'Women'),(2,'Couple');
/*!40000 ALTER TABLE `tour_traveler_types` ENABLE KEYS */;
UNLOCK TABLES;
DROP TABLE IF EXISTS `tour_types`;
/*!40101 SET @saved_cs_client     = @@character_set_client */;
/*!40101 SET character_set_client = utf8 */;
CREATE TABLE `tour_types` (
  `id` int(10) unsigned NOT NULL AUTO_INCREMENT,
  `name` varchar(255) COLLATE utf8mb4_unicode_ci NOT NULL,
  `parent_id` int(11) DEFAULT NULL,
  PRIMARY KEY (`id`)
) ENGINE=InnoDB AUTO_INCREMENT=23 DEFAULT CHARSET=utf8mb4 COLLATE=utf8mb4_unicode_ci;
/*!40101 SET character_set_client = @saved_cs_client */;

LOCK TABLES `tour_types` WRITE;
/*!40000 ALTER TABLE `tour_types` DISABLE KEYS */;
INSERT INTO `tour_types` VALUES (21,'Tour',NULL),(22,'City Tour',21);
/*!40000 ALTER TABLE `tour_types` ENABLE KEYS */;
UNLOCK TABLES;
DROP TABLE IF EXISTS `tour_types_for_city`;
/*!40101 SET @saved_cs_client     = @@character_set_client */;
/*!40101 SET character_set_client = utf8 */;
CREATE TABLE `tour_types_for_city` (
  `id` int(10) unsigned NOT NULL AUTO_INCREMENT,
  `city_id` int(11) NOT NULL,
  `name` varchar(150) COLLATE utf8mb4_unicode_ci NOT NULL,
  `slug` varchar(150) COLLATE utf8mb4_unicode_ci NOT NULL,
  `parent_id` int(11) DEFAULT NULL,
  `created_at` timestamp NULL DEFAULT NULL,
  `updated_at` timestamp NULL DEFAULT NULL,
  PRIMARY KEY (`id`),
  KEY `tour_types_for_city_city_id_index` (`city_id`),
  KEY `tour_types_for_city_slug_index` (`slug`)
) ENGINE=InnoDB AUTO_INCREMENT=12 DEFAULT CHARSET=utf8mb4 COLLATE=utf8mb4_unicode_ci;
/*!40101 SET character_set_client = @saved_cs_client */;

LOCK TABLES `tour_types_for_city` WRITE;
/*!40000 ALTER TABLE `tour_types_for_city` DISABLE KEYS */;
INSERT INTO `tour_types_for_city` VALUES (1,1,'City Tour','city-tour',NULL,NULL,NULL),(2,1,'Half Day City Tour','half-day-city-tour',1,NULL,NULL),(3,1,'Full Day City Tour','full-day-city-tour',1,NULL,NULL),(8,2,'City Tour','city-tour',NULL,NULL,NULL),(9,2,'Dhaw Cruise','dhaw-cruise',NULL,NULL,NULL),(10,2,'Full Day','full-day',9,NULL,NULL),(11,2,'Full Day','full-day',8,NULL,NULL);
/*!40000 ALTER TABLE `tour_types_for_city` ENABLE KEYS */;
UNLOCK TABLES;
DROP TABLE IF EXISTS `tours`;
/*!40101 SET @saved_cs_client     = @@character_set_client */;
/*!40101 SET character_set_client = utf8 */;
CREATE TABLE `tours` (
  `id` int(10) unsigned NOT NULL AUTO_INCREMENT,
  `city_id` int(11) NOT NULL,
  `name` varchar(500) COLLATE utf8mb4_unicode_ci NOT NULL,
  `slug` varchar(500) COLLATE utf8mb4_unicode_ci NOT NULL,
  `is_sic` tinyint(1) NOT NULL DEFAULT '1',
  `is_private` tinyint(1) NOT NULL DEFAULT '1',
  `private_tour_vendor_service_ids` varchar(50) COLLATE utf8mb4_unicode_ci DEFAULT '',
  `private_tour_guide_title_ids` varchar(200) COLLATE utf8mb4_unicode_ci DEFAULT NULL,
  `private_tour_ticket_ids` varchar(200) COLLATE utf8mb4_unicode_ci DEFAULT NULL,
  `description` varchar(255) COLLATE utf8mb4_unicode_ci DEFAULT NULL,
  `gallery` varchar(255) COLLATE utf8mb4_unicode_ci DEFAULT NULL,
  `created_at` timestamp NULL DEFAULT NULL,
  `updated_at` timestamp NULL DEFAULT NULL,
  `deleted_at` timestamp NULL DEFAULT NULL,
  PRIMARY KEY (`id`),
  KEY `tours_city_id_index` (`city_id`),
  KEY `tours_slug_index` (`slug`)
) ENGINE=InnoDB AUTO_INCREMENT=3 DEFAULT CHARSET=utf8mb4 COLLATE=utf8mb4_unicode_ci;
/*!40101 SET character_set_client = @saved_cs_client */;

LOCK TABLES `tours` WRITE;
/*!40000 ALTER TABLE `tours` DISABLE KEYS */;
INSERT INTO `tours` VALUES (1,1,'Dubai - Half Day  City Tour with Guide & Lunch with Entry to At the Top Burj Khalifa 124-level Bronze Ticket','dubai-half-day-city-tour-with-guide-lunch-with-entry-to-at-the-top-burj-khalifa-124-level-bronze-ticket',1,1,'[23,33]','[2,3]','[]','<p>this is description about half -day city dubai tour</p>',NULL,NULL,'2017-07-03 14:24:21',NULL),(2,1,'Half Day Dubai City Tour','half-day-dubai-city-tour',1,1,'[23,33]',NULL,NULL,'<p>this is description</p>',NULL,'2017-07-11 09:35:48','2017-07-11 09:35:48',NULL);
/*!40000 ALTER TABLE `tours` ENABLE KEYS */;
UNLOCK TABLES;
DROP TABLE IF EXISTS `transfer_point_types`;
/*!40101 SET @saved_cs_client     = @@character_set_client */;
/*!40101 SET character_set_client = utf8 */;
CREATE TABLE `transfer_point_types` (
  `id` int(10) unsigned NOT NULL AUTO_INCREMENT,
  `name` varchar(255) COLLATE utf8mb4_unicode_ci NOT NULL,
  `slug` varchar(255) COLLATE utf8mb4_unicode_ci NOT NULL,
  PRIMARY KEY (`id`)
) ENGINE=InnoDB AUTO_INCREMENT=4 DEFAULT CHARSET=utf8mb4 COLLATE=utf8mb4_unicode_ci;
/*!40101 SET character_set_client = @saved_cs_client */;

LOCK TABLES `transfer_point_types` WRITE;
/*!40000 ALTER TABLE `transfer_point_types` DISABLE KEYS */;
INSERT INTO `transfer_point_types` VALUES (1,'Meals','meals'),(2,'Airport','airport'),(3,'Cruise','cruise');
/*!40000 ALTER TABLE `transfer_point_types` ENABLE KEYS */;
UNLOCK TABLES;
DROP TABLE IF EXISTS `transfer_points`;
/*!40101 SET @saved_cs_client     = @@character_set_client */;
/*!40101 SET character_set_client = utf8 */;
CREATE TABLE `transfer_points` (
  `id` int(10) unsigned NOT NULL AUTO_INCREMENT,
  `name` varchar(255) COLLATE utf8mb4_unicode_ci NOT NULL,
  `slug` varchar(255) COLLATE utf8mb4_unicode_ci NOT NULL,
  `code` varchar(255) COLLATE utf8mb4_unicode_ci NOT NULL,
  `transfer_point_type_id` int(11) NOT NULL,
  `country_id` int(11) NOT NULL,
  `region_id` int(11) NOT NULL,
  `city_id` int(11) NOT NULL,
  `area_id` int(11) NOT NULL,
  `lng` decimal(10,6) NOT NULL DEFAULT '0.000000',
  `lat` decimal(10,6) NOT NULL DEFAULT '0.000000',
  PRIMARY KEY (`id`)
) ENGINE=InnoDB DEFAULT CHARSET=utf8mb4 COLLATE=utf8mb4_unicode_ci;
/*!40101 SET character_set_client = @saved_cs_client */;

LOCK TABLES `transfer_points` WRITE;
/*!40000 ALTER TABLE `transfer_points` DISABLE KEYS */;
/*!40000 ALTER TABLE `transfer_points` ENABLE KEYS */;
UNLOCK TABLES;
DROP TABLE IF EXISTS `transfer_types`;
/*!40101 SET @saved_cs_client     = @@character_set_client */;
/*!40101 SET character_set_client = utf8 */;
CREATE TABLE `transfer_types` (
  `id` int(10) unsigned NOT NULL AUTO_INCREMENT,
  `vendor_service_id` int(11) NOT NULL,
  `name` varchar(255) COLLATE utf8mb4_unicode_ci NOT NULL,
  `is_show_luggage_info` tinyint(1) NOT NULL DEFAULT '0',
  `description` varchar(500) COLLATE utf8mb4_unicode_ci NOT NULL DEFAULT '',
  PRIMARY KEY (`id`)
) ENGINE=InnoDB AUTO_INCREMENT=9 DEFAULT CHARSET=utf8mb4 COLLATE=utf8mb4_unicode_ci;
/*!40101 SET character_set_client = @saved_cs_client */;

LOCK TABLES `transfer_types` WRITE;
/*!40000 ALTER TABLE `transfer_types` DISABLE KEYS */;
INSERT INTO `transfer_types` VALUES (5,24,'Airport Transfers',0,''),(6,25,'Tour Transfers',0,''),(7,26,'Meal Transfer',0,''),(8,27,'Vehicle On Disposal-VOD',0,'');
/*!40000 ALTER TABLE `transfer_types` ENABLE KEYS */;
UNLOCK TABLES;
DROP TABLE IF EXISTS `travel_agency_details`;
/*!40101 SET @saved_cs_client     = @@character_set_client */;
/*!40101 SET character_set_client = utf8 */;
CREATE TABLE `travel_agency_details` (
  `id` int(10) unsigned NOT NULL AUTO_INCREMENT,
  `code` varchar(25) COLLATE utf8mb4_unicode_ci NOT NULL,
  `name` varchar(255) COLLATE utf8mb4_unicode_ci NOT NULL,
  `slug` varchar(255) COLLATE utf8mb4_unicode_ci DEFAULT NULL,
  `agency_email` varchar(255) COLLATE utf8mb4_unicode_ci NOT NULL,
  `admin_login_email` varchar(255) COLLATE utf8mb4_unicode_ci NOT NULL,
  `contact_person_name` varchar(255) COLLATE utf8mb4_unicode_ci NOT NULL,
  `designation` varchar(255) COLLATE utf8mb4_unicode_ci NOT NULL,
  `iata_or_tids_number` varchar(255) COLLATE utf8mb4_unicode_ci DEFAULT NULL,
  `currency` varchar(10) COLLATE utf8mb4_unicode_ci NOT NULL,
  `country_id` int(11) NOT NULL,
  `city` varchar(255) COLLATE utf8mb4_unicode_ci NOT NULL,
  `address` varchar(255) COLLATE utf8mb4_unicode_ci NOT NULL,
  `postal_code` varchar(20) COLLATE utf8mb4_unicode_ci NOT NULL,
  `timezone` varchar(50) COLLATE utf8mb4_unicode_ci NOT NULL,
  `telephone` varchar(20) COLLATE utf8mb4_unicode_ci NOT NULL,
  `mobile` varchar(20) COLLATE utf8mb4_unicode_ci NOT NULL,
  `fax` varchar(20) COLLATE utf8mb4_unicode_ci DEFAULT NULL,
  `website` varchar(255) COLLATE utf8mb4_unicode_ci DEFAULT NULL,
  `logo_url` varchar(255) COLLATE utf8mb4_unicode_ci DEFAULT NULL,
  `is_active` tinyint(1) NOT NULL DEFAULT '0',
  `is_suspended` tinyint(1) NOT NULL DEFAULT '0',
  `created_by` int(11) DEFAULT NULL,
  `distributor_id` int(11) DEFAULT NULL,
  `status` varchar(15) COLLATE utf8mb4_unicode_ci NOT NULL DEFAULT 'pending',
  `reason_for_not_approving` varchar(1000) COLLATE utf8mb4_unicode_ci DEFAULT NULL,
  `markups` varchar(1000) COLLATE utf8mb4_unicode_ci DEFAULT NULL,
  `credit_limit` decimal(10,2) DEFAULT NULL,
  `credit_limit_used` decimal(10,2) DEFAULT '0.00',
  `account_balance` decimal(10,2) DEFAULT '0.00',
  `contact_details` varchar(1000) COLLATE utf8mb4_unicode_ci DEFAULT NULL,
  `invoice_settings` varchar(1500) COLLATE utf8mb4_unicode_ci DEFAULT NULL,
  `other_details` varchar(500) COLLATE utf8mb4_unicode_ci DEFAULT NULL,
  `created_at` timestamp NULL DEFAULT NULL,
  `updated_at` timestamp NULL DEFAULT NULL,
  `deleted_at` timestamp NULL DEFAULT NULL,
  PRIMARY KEY (`id`),
  UNIQUE KEY `travel_agency_details_slug_unique` (`slug`),
  KEY `travel_agency_details_country_id_index` (`country_id`)
) ENGINE=InnoDB AUTO_INCREMENT=8 DEFAULT CHARSET=utf8mb4 COLLATE=utf8mb4_unicode_ci;
/*!40101 SET character_set_client = @saved_cs_client */;

LOCK TABLES `travel_agency_details` WRITE;
/*!40000 ALTER TABLE `travel_agency_details` DISABLE KEYS */;
INSERT INTO `travel_agency_details` VALUES (1,'','Columbus Vacations','columbus-vacations','ops@columbusvacations.in','ops@gmail.com','kamalakar','sales Head',NULL,'INR',104,'Hyderabad','Address','517526','Asia/Kolkata','3232323232','424242424242','3232323232','www.columbusvactions.in',NULL,0,0,NULL,1,'pending',NULL,'{\"service_markups\":[{\"service_id\":18,\"markup_name\":\"Service charge\",\"amount_type\":\"percent\",\"amount\":\"5\"},{\"service_id\":22,\"markup_name\":\"Service charge\",\"amount_type\":\"percent\",\"amount\":\"5\"},{\"service_id\":23,\"markup_name\":\"Service charge\",\"amount_type\":\"percent\",\"amount\":\"5\"},{\"service_id\":28,\"markup_name\":\"Service charge\",\"amount_type\":\"percent\",\"amount\":\"5\"},{\"service_id\":31,\"markup_name\":\"Service charge\",\"amount_type\":\"percent\",\"amount\":\"5\"},{\"service_id\":32,\"markup_name\":\"Service charge\",\"amount_type\":\"percent\",\"amount\":\"5\"},{\"service_id\":35,\"markup_name\":\"Service charge\",\"amount_type\":\"percent\",\"amount\":\"5\"},{\"service_id\":36,\"markup_name\":\"Service charge\",\"amount_type\":\"percent\",\"amount\":\"5\"}],\"label\":\"Premium\"}',5000.00,566734.98,-131469.00,'[{\"name\":\"Kamalakar\",\"email\":\"accounts@cv.in\",\"mobile\":\"22424224\",\"department_name\":\"Accounts\",\"designation\":\"Sr. Accountant\"}]','{\"currencies\":[\"INR\"],\"invoice_taxes\":{\"INR\":[{\"tax_ids\":[2,6],\"service_id\":18},{\"tax_ids\":[2,6],\"service_id\":22},{\"tax_ids\":[2,6],\"service_id\":23},{\"tax_ids\":[2,6],\"service_id\":28}]}}','{\"gstn\":\"GSTNNUMBER\"}','2017-07-30 13:45:59','2018-03-30 06:18:23',NULL),(3,'','Columbus Vacations1','columbus-vacations1','ops@columbusvacations.in','admin@columbusvacations.in','kamalakar','sales Head',NULL,'INR',104,'Hyderabad','Himayath nagar','517526','Asia/Kolkata','32323232','4242424242','424324242','www.columbusvacations.in','images/countries/104/agents/3/oxygen.jpg',0,0,NULL,0,'pending',NULL,NULL,0.00,0.00,0.00,NULL,'','','2017-07-30 14:03:05','2017-11-01 13:12:38',NULL),(4,'','Columbus Vacations2','columbus-vacations2','chagamkamalakar@gmail.com','chagamkamalakar@gmail.com','kamalakar','sales Head',NULL,'INR',104,'Hyderabad','Himayath nagar','517526','Africa/Accra','32323232','4242424242','424324242','www.columbusvacations.in','images/countries/104/agents/4/oxygen.jpg',0,0,NULL,0,'pending',NULL,NULL,0.00,0.00,0.00,NULL,'','','2017-07-30 15:14:56','2017-07-30 15:14:56',NULL),(5,'','Columbus Vacations4','columbus-vacations4','chagamkamalakar@gmail.com','chagamkamalakar@gmail.com','kamalakar','Sales Head',NULL,'ALL',104,'Hyderabad','Himayath nagar','32323232','Asia/Kolkata','32323232','4242424242','323232','www.columbusvacations.in','images/countries/104/agents/5/kamalakar.jpg',0,0,NULL,0,'pending',NULL,NULL,0.00,0.00,0.00,NULL,'','','2017-07-30 15:28:09','2017-07-30 15:28:09',NULL),(6,'GDT-AGT-12','My travel Agency','my-travel-agency','chagamkamalakar@gmail.com','chagamkamalakar@gmail.com','Kamalakar','Sales Head',NULL,'INR',104,'Hyderbad','Span chambers','500029','Asia/Calcutta','7093096349','7093096349',NULL,NULL,'undefined',0,0,NULL,NULL,'pending',NULL,NULL,NULL,0.00,0.00,NULL,NULL,'\"[object Object]\"','2018-02-12 11:24:49','2018-02-12 11:24:49',NULL),(7,'GDT-AGT-13','Time4vacations.com','time4vacationscom','Pankaj03111985@gmail.com','pankaj03111985@gmail.com','Pankaj','Owner',NULL,'INR',104,'Delhi','K-16,som bazar road,rajapuri.dwarka sector 5','110046','Asia/Calcutta','9891626955','9891626955',NULL,NULL,'undefined',0,0,NULL,NULL,'pending',NULL,NULL,NULL,0.00,0.00,NULL,NULL,'\"[object Object]\"','2018-02-26 12:41:17','2018-02-26 12:41:17',NULL);
/*!40000 ALTER TABLE `travel_agency_details` ENABLE KEYS */;
UNLOCK TABLES;
DROP TABLE IF EXISTS `types`;
/*!40101 SET @saved_cs_client     = @@character_set_client */;
/*!40101 SET character_set_client = utf8 */;
CREATE TABLE `types` (
  `id` int(10) unsigned NOT NULL AUTO_INCREMENT,
  `name` varchar(100) COLLATE utf8mb4_unicode_ci NOT NULL,
  PRIMARY KEY (`id`)
) ENGINE=InnoDB DEFAULT CHARSET=utf8mb4 COLLATE=utf8mb4_unicode_ci;
/*!40101 SET character_set_client = @saved_cs_client */;

LOCK TABLES `types` WRITE;
/*!40000 ALTER TABLE `types` DISABLE KEYS */;
/*!40000 ALTER TABLE `types` ENABLE KEYS */;
UNLOCK TABLES;
DROP TABLE IF EXISTS `user_has_roles`;
/*!40101 SET @saved_cs_client     = @@character_set_client */;
/*!40101 SET character_set_client = utf8 */;
CREATE TABLE `user_has_roles` (
  `id` int(10) unsigned NOT NULL AUTO_INCREMENT,
  `user_id` int(11) NOT NULL,
  `role_id` int(11) NOT NULL,
  PRIMARY KEY (`id`)
) ENGINE=InnoDB AUTO_INCREMENT=7 DEFAULT CHARSET=utf8mb4 COLLATE=utf8mb4_unicode_ci;
/*!40101 SET character_set_client = @saved_cs_client */;

LOCK TABLES `user_has_roles` WRITE;
/*!40000 ALTER TABLE `user_has_roles` DISABLE KEYS */;
INSERT INTO `user_has_roles` VALUES (1,1,1),(2,2,2),(3,3,3),(4,4,3),(6,5,4);
/*!40000 ALTER TABLE `user_has_roles` ENABLE KEYS */;
UNLOCK TABLES;
DROP TABLE IF EXISTS `users`;
/*!40101 SET @saved_cs_client     = @@character_set_client */;
/*!40101 SET character_set_client = utf8 */;
CREATE TABLE `users` (
  `id` int(10) unsigned NOT NULL AUTO_INCREMENT,
  `code` varchar(25) COLLATE utf8mb4_unicode_ci NOT NULL,
  `name` varchar(255) COLLATE utf8mb4_unicode_ci NOT NULL,
  `designation` varchar(150) COLLATE utf8mb4_unicode_ci DEFAULT NULL,
  `mobile` varchar(15) COLLATE utf8mb4_unicode_ci DEFAULT NULL,
  `telephone` varchar(20) COLLATE utf8mb4_unicode_ci DEFAULT NULL,
  `email` varchar(255) COLLATE utf8mb4_unicode_ci NOT NULL,
  `password` varchar(255) COLLATE utf8mb4_unicode_ci NOT NULL,
  `remember_token` varchar(100) COLLATE utf8mb4_unicode_ci DEFAULT NULL,
  `profile_pic_url` varchar(255) COLLATE utf8mb4_unicode_ci DEFAULT NULL,
  `is_confirmed` tinyint(1) NOT NULL DEFAULT '0',
  `status` varchar(30) COLLATE utf8mb4_unicode_ci NOT NULL DEFAULT 'in-active',
  `reason_for_suspending` varchar(500) COLLATE utf8mb4_unicode_ci DEFAULT NULL,
  `agency_id` int(11) NOT NULL DEFAULT '0',
  `distributor_id` int(11) NOT NULL DEFAULT '0',
  `owner_id` int(11) NOT NULL DEFAULT '0',
  `is_active` tinyint(1) NOT NULL DEFAULT '0',
  `is_suspended` tinyint(1) NOT NULL DEFAULT '0',
  `created_at` timestamp NULL DEFAULT NULL,
  `updated_at` timestamp NULL DEFAULT NULL,
  PRIMARY KEY (`id`),
  UNIQUE KEY `users_email_unique` (`email`)
) ENGINE=InnoDB AUTO_INCREMENT=6 DEFAULT CHARSET=utf8mb4 COLLATE=utf8mb4_unicode_ci;
/*!40101 SET character_set_client = @saved_cs_client */;

LOCK TABLES `users` WRITE;
/*!40000 ALTER TABLE `users` DISABLE KEYS */;
INSERT INTO `users` VALUES (1,'','Nways Solutions',NULL,NULL,NULL,'nways@nways.com','$2y$10$q9dD9l/yYWxX6JIJTZp7Se/0/r0LWIwC0yq3dh8JlAxxLzwAsHcLu',NULL,NULL,0,'in-active',NULL,0,0,0,0,0,'2017-05-30 08:10:29','2018-02-13 15:11:45'),(2,'','Dmc owner',NULL,NULL,NULL,'dmc@domain.com','$2y$10$xhavrkD/Z1fApVVN3E1OZe2NSCenlmDAsiSPQs6Ac1rd967TkxKyW',NULL,NULL,0,'in-active',NULL,0,0,0,0,0,'2017-05-30 08:10:29','2018-02-13 15:11:45'),(3,'','Kamalakar','MD','2424242424224','2424242','chagam@gmail.com','$2y$10$36ZpoLu0ze8lz3EJNVNCKuE3VZ6iVttcpv/ckwuk1.hQ/JXqF/VfC',NULL,NULL,0,'in-active',NULL,1,0,2,0,0,'2017-11-06 10:33:39','2017-11-06 18:25:22'),(4,'','Kamalakar','Sales Head','323232','212121','chagamkamalakar@gmail.com','$2y$10$J9koYZ/B4iVM4A9zu7v/eeRLtWyLz/8s2QwV3SQl7uKtEEkKtzHvG',NULL,NULL,0,'in-active',NULL,1,0,2,0,0,'2017-11-09 14:37:51','2017-11-09 14:37:51'),(5,'GDT-USR-132','Kamalakar','Sales Head','4564567','4545456789','chagamkamalakarmca@yahoo.co.in','$2y$10$dah.QQ2pSKzr4/JyeuFBl.fEdT/l3mJynAoVF12qeQAsLOsR2QH9a',NULL,NULL,0,'in-active',NULL,0,1,2,0,0,'2017-11-13 08:39:45','2017-11-13 11:42:26');
/*!40000 ALTER TABLE `users` ENABLE KEYS */;
UNLOCK TABLES;
DROP TABLE IF EXISTS `vehicle_brands`;
/*!40101 SET @saved_cs_client     = @@character_set_client */;
/*!40101 SET character_set_client = utf8 */;
CREATE TABLE `vehicle_brands` (
  `id` int(10) unsigned NOT NULL AUTO_INCREMENT,
  `name` varchar(255) COLLATE utf8mb4_unicode_ci NOT NULL,
  `slug` varchar(255) COLLATE utf8mb4_unicode_ci NOT NULL,
  PRIMARY KEY (`id`)
) ENGINE=InnoDB AUTO_INCREMENT=3 DEFAULT CHARSET=utf8mb4 COLLATE=utf8mb4_unicode_ci;
/*!40101 SET character_set_client = @saved_cs_client */;

LOCK TABLES `vehicle_brands` WRITE;
/*!40000 ALTER TABLE `vehicle_brands` DISABLE KEYS */;
INSERT INTO `vehicle_brands` VALUES (1,'Tyota','tyota'),(2,'Honda','honda');
/*!40000 ALTER TABLE `vehicle_brands` ENABLE KEYS */;
UNLOCK TABLES;
DROP TABLE IF EXISTS `vehicle_child_ages`;
/*!40101 SET @saved_cs_client     = @@character_set_client */;
/*!40101 SET character_set_client = utf8 */;
CREATE TABLE `vehicle_child_ages` (
  `id` int(10) unsigned NOT NULL AUTO_INCREMENT,
  `country_id` int(11) NOT NULL,
  `min_age` int(11) NOT NULL,
  `description` text COLLATE utf8mb4_unicode_ci,
  PRIMARY KEY (`id`)
) ENGINE=InnoDB AUTO_INCREMENT=3 DEFAULT CHARSET=utf8mb4 COLLATE=utf8mb4_unicode_ci;
/*!40101 SET character_set_client = @saved_cs_client */;

LOCK TABLES `vehicle_child_ages` WRITE;
/*!40000 ALTER TABLE `vehicle_child_ages` DISABLE KEYS */;
INSERT INTO `vehicle_child_ages` VALUES (1,104,4,'Above 4 yrs ar required to have adult tickets'),(2,8,5,'above 5 yers are required to have adults tickets');
/*!40000 ALTER TABLE `vehicle_child_ages` ENABLE KEYS */;
UNLOCK TABLES;
DROP TABLE IF EXISTS `vehicle_classes`;
/*!40101 SET @saved_cs_client     = @@character_set_client */;
/*!40101 SET character_set_client = utf8 */;
CREATE TABLE `vehicle_classes` (
  `id` int(10) unsigned NOT NULL AUTO_INCREMENT,
  `name` varchar(255) COLLATE utf8mb4_unicode_ci NOT NULL,
  `slug` varchar(255) COLLATE utf8mb4_unicode_ci NOT NULL,
  PRIMARY KEY (`id`)
) ENGINE=InnoDB AUTO_INCREMENT=4 DEFAULT CHARSET=utf8mb4 COLLATE=utf8mb4_unicode_ci;
/*!40101 SET character_set_client = @saved_cs_client */;

LOCK TABLES `vehicle_classes` WRITE;
/*!40000 ALTER TABLE `vehicle_classes` DISABLE KEYS */;
INSERT INTO `vehicle_classes` VALUES (1,'Premium','premium'),(2,'Standard','standard'),(3,'Luxury','luxury');
/*!40000 ALTER TABLE `vehicle_classes` ENABLE KEYS */;
UNLOCK TABLES;
DROP TABLE IF EXISTS `vehicle_disposal_pricings`;
/*!40101 SET @saved_cs_client     = @@character_set_client */;
/*!40101 SET character_set_client = utf8 */;
CREATE TABLE `vehicle_disposal_pricings` (
  `id` int(10) unsigned NOT NULL AUTO_INCREMENT,
  `date` date NOT NULL,
  `vehicle_disposal_id` int(11) NOT NULL,
  `vendor_id` int(11) NOT NULL,
  `vehicle_id` int(11) NOT NULL,
  `quantity` int(11) NOT NULL,
  `utilized` int(11) NOT NULL DEFAULT '0',
  `price` decimal(8,2) NOT NULL,
  `extra_km_price` decimal(8,2) NOT NULL DEFAULT '0.00',
  `status` smallint(6) NOT NULL DEFAULT '1',
  PRIMARY KEY (`id`),
  KEY `vehicle_disposal_pricings_date_index` (`date`),
  KEY `vehicle_disposal_pricings_vehicle_disposal_id_index` (`vehicle_disposal_id`),
  KEY `vehicle_disposal_pricings_vendor_id_index` (`vendor_id`),
  KEY `vehicle_disposal_pricings_vehicle_id_index` (`vehicle_id`)
) ENGINE=InnoDB DEFAULT CHARSET=utf8mb4 COLLATE=utf8mb4_unicode_ci;
/*!40101 SET character_set_client = @saved_cs_client */;

LOCK TABLES `vehicle_disposal_pricings` WRITE;
/*!40000 ALTER TABLE `vehicle_disposal_pricings` DISABLE KEYS */;
/*!40000 ALTER TABLE `vehicle_disposal_pricings` ENABLE KEYS */;
UNLOCK TABLES;
DROP TABLE IF EXISTS `vehicle_disposals`;
/*!40101 SET @saved_cs_client     = @@character_set_client */;
/*!40101 SET character_set_client = utf8 */;
CREATE TABLE `vehicle_disposals` (
  `id` int(10) unsigned NOT NULL AUTO_INCREMENT,
  `name` varchar(255) COLLATE utf8mb4_unicode_ci NOT NULL,
  `slug` varchar(255) COLLATE utf8mb4_unicode_ci NOT NULL,
  `code` varchar(255) COLLATE utf8mb4_unicode_ci NOT NULL,
  `country_id` varchar(255) COLLATE utf8mb4_unicode_ci NOT NULL,
  `city_id` varchar(255) COLLATE utf8mb4_unicode_ci NOT NULL,
  `hours` int(11) NOT NULL,
  PRIMARY KEY (`id`)
) ENGINE=InnoDB DEFAULT CHARSET=utf8mb4 COLLATE=utf8mb4_unicode_ci;
/*!40101 SET character_set_client = @saved_cs_client */;

LOCK TABLES `vehicle_disposals` WRITE;
/*!40000 ALTER TABLE `vehicle_disposals` DISABLE KEYS */;
/*!40000 ALTER TABLE `vehicle_disposals` ENABLE KEYS */;
UNLOCK TABLES;
DROP TABLE IF EXISTS `vehicle_types`;
/*!40101 SET @saved_cs_client     = @@character_set_client */;
/*!40101 SET character_set_client = utf8 */;
CREATE TABLE `vehicle_types` (
  `id` int(10) unsigned NOT NULL AUTO_INCREMENT,
  `name` varchar(255) COLLATE utf8mb4_unicode_ci NOT NULL,
  `slug` varchar(255) COLLATE utf8mb4_unicode_ci NOT NULL,
  PRIMARY KEY (`id`)
) ENGINE=InnoDB AUTO_INCREMENT=3 DEFAULT CHARSET=utf8mb4 COLLATE=utf8mb4_unicode_ci;
/*!40101 SET character_set_client = @saved_cs_client */;

LOCK TABLES `vehicle_types` WRITE;
/*!40000 ALTER TABLE `vehicle_types` DISABLE KEYS */;
INSERT INTO `vehicle_types` VALUES (1,'Sedan','sedan'),(2,'SUV','suv');
/*!40000 ALTER TABLE `vehicle_types` ENABLE KEYS */;
UNLOCK TABLES;
DROP TABLE IF EXISTS `vehicles`;
/*!40101 SET @saved_cs_client     = @@character_set_client */;
/*!40101 SET character_set_client = utf8 */;
CREATE TABLE `vehicles` (
  `id` int(10) unsigned NOT NULL AUTO_INCREMENT,
  `name` varchar(255) COLLATE utf8mb4_unicode_ci NOT NULL,
  `slug` varchar(255) COLLATE utf8mb4_unicode_ci NOT NULL,
  `country_id` int(11) NOT NULL,
  `vehicle_class_id` int(11) NOT NULL,
  `vehicle_brand_id` int(11) NOT NULL,
  `vehicle_type_id` int(11) NOT NULL,
  `seater` int(11) NOT NULL,
  `passengers_only` int(11) NOT NULL,
  `passengers_with_luggage` int(11) NOT NULL,
  `small_bags` int(11) NOT NULL,
  `small_bag_weight` int(11) NOT NULL,
  `large_bags` int(11) NOT NULL,
  `large_bag_weight` int(11) NOT NULL,
  `seater_baggage` int(11) DEFAULT NULL,
  `bags` int(11) DEFAULT NULL,
  `per_bag_weight` int(11) DEFAULT NULL,
  `passengers_with_luggage_notes` text COLLATE utf8mb4_unicode_ci,
  `description` text COLLATE utf8mb4_unicode_ci,
  PRIMARY KEY (`id`)
) ENGINE=InnoDB AUTO_INCREMENT=3 DEFAULT CHARSET=utf8mb4 COLLATE=utf8mb4_unicode_ci;
/*!40101 SET character_set_client = @saved_cs_client */;

LOCK TABLES `vehicles` WRITE;
/*!40000 ALTER TABLE `vehicles` DISABLE KEYS */;
INSERT INTO `vehicles` VALUES (1,'Previa','previa',8,1,1,2,7,7,4,4,10,8,30,NULL,NULL,NULL,'<p>seating capacity descriptin</p>','<p>this is previa description</p>'),(2,'Fortuner','fortuner',8,1,1,2,7,7,4,4,20,8,30,NULL,NULL,NULL,'<p>seating capacity info</p>','<p>Fortuner description</p>');
/*!40000 ALTER TABLE `vehicles` ENABLE KEYS */;
UNLOCK TABLES;
DROP TABLE IF EXISTS `vendor_contracts_api_data_mappings`;
/*!40101 SET @saved_cs_client     = @@character_set_client */;
/*!40101 SET character_set_client = utf8 */;
CREATE TABLE `vendor_contracts_api_data_mappings` (
  `id` int(10) unsigned NOT NULL AUTO_INCREMENT,
  `vendor_id` int(11) NOT NULL,
  `country_id` int(11) NOT NULL,
  `mappings` text COLLATE utf8mb4_unicode_ci,
  PRIMARY KEY (`id`)
) ENGINE=InnoDB DEFAULT CHARSET=utf8mb4 COLLATE=utf8mb4_unicode_ci;
/*!40101 SET character_set_client = @saved_cs_client */;

LOCK TABLES `vendor_contracts_api_data_mappings` WRITE;
/*!40000 ALTER TABLE `vendor_contracts_api_data_mappings` DISABLE KEYS */;
/*!40000 ALTER TABLE `vendor_contracts_api_data_mappings` ENABLE KEYS */;
UNLOCK TABLES;
DROP TABLE IF EXISTS `vendor_guide_title_availability`;
/*!40101 SET @saved_cs_client     = @@character_set_client */;
/*!40101 SET character_set_client = utf8 */;
CREATE TABLE `vendor_guide_title_availability` (
  `id` int(10) unsigned NOT NULL AUTO_INCREMENT,
  `city_id` int(11) NOT NULL,
  `vendor_id` int(11) NOT NULL,
  `guide_title_id` int(11) NOT NULL,
  `date` date NOT NULL,
  `allocation` int(11) NOT NULL,
  `price` decimal(8,2) NOT NULL,
  `is_available` tinyint(1) NOT NULL DEFAULT '0',
  `is_on_request` tinyint(1) NOT NULL DEFAULT '0',
  PRIMARY KEY (`id`),
  KEY `vendor_guide_title_availability_vendor_id_guide_title_id_index` (`vendor_id`,`guide_title_id`),
  KEY `vendor_guide_title_availability_city_id_index` (`city_id`),
  KEY `vendor_guide_title_availability_vendor_id_index` (`vendor_id`),
  KEY `vendor_guide_title_availability_guide_title_id_index` (`guide_title_id`),
  KEY `vendor_guide_title_availability_date_index` (`date`)
) ENGINE=InnoDB AUTO_INCREMENT=32 DEFAULT CHARSET=utf8mb4 COLLATE=utf8mb4_unicode_ci;
/*!40101 SET character_set_client = @saved_cs_client */;

LOCK TABLES `vendor_guide_title_availability` WRITE;
/*!40000 ALTER TABLE `vendor_guide_title_availability` DISABLE KEYS */;
INSERT INTO `vendor_guide_title_availability` VALUES (1,1,1,2,'2017-07-01',200,100.00,1,1),(2,1,1,2,'2017-07-02',200,100.00,1,1),(3,1,1,2,'2017-07-03',200,100.00,1,1),(4,1,1,2,'2017-07-04',200,100.00,1,1),(5,1,1,2,'2017-07-05',200,100.00,1,1),(6,1,1,2,'2017-07-06',200,100.00,1,1),(7,1,1,2,'2017-07-07',200,100.00,1,1),(8,1,1,2,'2017-07-08',200,100.00,1,1),(9,1,1,2,'2017-07-09',200,100.00,1,1),(10,1,1,2,'2017-07-10',200,100.00,1,1),(11,1,1,2,'2017-07-11',200,100.00,1,1),(12,1,1,2,'2017-07-12',200,100.00,1,1),(13,1,1,2,'2017-07-13',200,100.00,1,1),(14,1,1,2,'2017-07-14',200,100.00,1,1),(15,1,1,2,'2017-07-15',200,100.00,1,1),(16,1,1,2,'2017-07-16',200,100.00,1,1),(17,1,1,2,'2017-07-17',200,100.00,1,1),(18,1,1,2,'2017-07-18',200,100.00,1,1),(19,1,1,2,'2017-07-19',200,100.00,1,1),(20,1,1,2,'2017-07-20',200,100.00,1,1),(21,1,1,2,'2017-07-21',200,100.00,1,1),(22,1,1,2,'2017-07-22',200,100.00,1,1),(23,1,1,2,'2017-07-23',200,100.00,1,1),(24,1,1,2,'2017-07-24',200,100.00,1,1),(25,1,1,2,'2017-07-25',200,100.00,1,1),(26,1,1,2,'2017-07-26',200,100.00,1,1),(27,1,1,2,'2017-07-27',200,100.00,1,1),(28,1,1,2,'2017-07-28',200,100.00,1,1),(29,1,1,2,'2017-07-29',200,100.00,1,1),(30,1,1,2,'2017-07-30',200,100.00,1,1),(31,1,1,2,'2017-07-31',200,100.00,1,1);
/*!40000 ALTER TABLE `vendor_guide_title_availability` ENABLE KEYS */;
UNLOCK TABLES;
DROP TABLE IF EXISTS `vendor_guides`;
/*!40101 SET @saved_cs_client     = @@character_set_client */;
/*!40101 SET character_set_client = utf8 */;
CREATE TABLE `vendor_guides` (
  `id` int(10) unsigned NOT NULL AUTO_INCREMENT,
  `city_id` int(11) NOT NULL,
  `vendor_id` int(11) NOT NULL,
  `name` varchar(150) COLLATE utf8mb4_unicode_ci NOT NULL,
  `slug` varchar(150) COLLATE utf8mb4_unicode_ci NOT NULL,
  `code` varchar(20) COLLATE utf8mb4_unicode_ci NOT NULL,
  `language_ids` varchar(100) COLLATE utf8mb4_unicode_ci NOT NULL,
  `is_active` tinyint(1) NOT NULL DEFAULT '1',
  `pricing` varchar(255) COLLATE utf8mb4_unicode_ci DEFAULT NULL,
  `created_at` timestamp NULL DEFAULT NULL,
  `updated_at` timestamp NULL DEFAULT NULL,
  `deleted_at` timestamp NULL DEFAULT NULL,
  PRIMARY KEY (`id`),
  KEY `vendor_guides_city_id_index` (`city_id`),
  KEY `vendor_guides_vendor_id_index` (`vendor_id`)
) ENGINE=InnoDB AUTO_INCREMENT=3 DEFAULT CHARSET=utf8mb4 COLLATE=utf8mb4_unicode_ci;
/*!40101 SET character_set_client = @saved_cs_client */;

LOCK TABLES `vendor_guides` WRITE;
/*!40000 ALTER TABLE `vendor_guides` DISABLE KEYS */;
INSERT INTO `vendor_guides` VALUES (1,1,1,'Kamal','kamal','GDT-GUD114','[1,2,3]',1,NULL,'2017-07-01 11:30:47','2017-07-01 12:45:18',NULL),(2,1,1,'Das','das','GDT-GUD115','[2,3,5,6,7]',1,NULL,'2017-07-01 12:45:47','2017-07-01 12:45:47',NULL);
/*!40000 ALTER TABLE `vendor_guides` ENABLE KEYS */;
UNLOCK TABLES;
DROP TABLE IF EXISTS `vendor_service_mappings`;
/*!40101 SET @saved_cs_client     = @@character_set_client */;
/*!40101 SET character_set_client = utf8 */;
CREATE TABLE `vendor_service_mappings` (
  `id` int(10) unsigned NOT NULL AUTO_INCREMENT,
  `vendor_id` int(11) NOT NULL,
  `vendor_service_id` int(11) NOT NULL,
  `values` varchar(255) COLLATE utf8mb4_unicode_ci NOT NULL DEFAULT '',
  `credit_limit` decimal(8,2) DEFAULT NULL,
  PRIMARY KEY (`id`)
) ENGINE=InnoDB AUTO_INCREMENT=16 DEFAULT CHARSET=utf8mb4 COLLATE=utf8mb4_unicode_ci;
/*!40101 SET character_set_client = @saved_cs_client */;

LOCK TABLES `vendor_service_mappings` WRITE;
/*!40000 ALTER TABLE `vendor_service_mappings` DISABLE KEYS */;
INSERT INTO `vendor_service_mappings` VALUES (1,1,2,'[]',NULL),(2,1,1,'[]',NULL),(3,1,3,'[\"Unrated\"]',NULL),(4,1,5,'[\"Unrated\",1,2]',NULL),(5,1,9,'[]',NULL),(6,1,10,'[]',NULL),(7,1,22,'[]',NULL),(8,1,28,'[]',300.00),(9,1,18,'[]',NULL),(10,1,23,'[]',NULL),(11,1,31,'[]',NULL),(12,1,32,'[]',NULL),(13,1,33,'[]',NULL),(14,2,22,'[]',NULL),(15,2,23,'[]',NULL);
/*!40000 ALTER TABLE `vendor_service_mappings` ENABLE KEYS */;
UNLOCK TABLES;
DROP TABLE IF EXISTS `vendor_services`;
/*!40101 SET @saved_cs_client     = @@character_set_client */;
/*!40101 SET character_set_client = utf8 */;
CREATE TABLE `vendor_services` (
  `id` int(10) unsigned NOT NULL AUTO_INCREMENT,
  `name` varchar(255) COLLATE utf8mb4_unicode_ci NOT NULL,
  `slug` varchar(255) COLLATE utf8mb4_unicode_ci NOT NULL,
  `parent_id` int(11) DEFAULT NULL,
  `group_by_label` varchar(255) COLLATE utf8mb4_unicode_ci NOT NULL DEFAULT '',
  `values` varchar(255) COLLATE utf8mb4_unicode_ci NOT NULL DEFAULT '',
  PRIMARY KEY (`id`)
) ENGINE=InnoDB AUTO_INCREMENT=37 DEFAULT CHARSET=utf8mb4 COLLATE=utf8mb4_unicode_ci;
/*!40101 SET character_set_client = @saved_cs_client */;

LOCK TABLES `vendor_services` WRITE;
/*!40000 ALTER TABLE `vendor_services` DISABLE KEYS */;
INSERT INTO `vendor_services` VALUES (18,'Accommodation','accommodation',NULL,'','\"\"'),(19,'Hotel','hotel',18,'Type','[\"Unrated\",1,2,3,4,5,6]'),(20,'Hotel Apartments','hotel-apartments',18,'Type','[\"Unrated\",1,2,3,4,5,6]'),(21,'Villa','villa',18,'Type','[\"Unrated\",1,2,3,4,5,6]'),(22,'Visas','visas',NULL,'','\"\"'),(23,'Transfers','transfers',NULL,'','\"\"'),(24,'Airport Transfers','airport-transfers',23,'Type','\"\"'),(25,'Tour Transfers','tour-transfers',23,'Type','\"\"'),(26,'Meal Transfer','meal-transfer',23,'Type','\"\"'),(27,'Vehicle On Disposal-VOD','vehicle-on-disposal-vod',23,'Type','\"\"'),(28,'Tours','tours',NULL,'','\"\"'),(29,'SIC','sic',28,'Type','\"\"'),(30,'Private','private',28,'Type','\"\"'),(31,'Excursion Tickets','excursion-tickets',NULL,'','\"\"'),(32,'Meals','meals',NULL,'','\"\"'),(35,'Guides','guides',NULL,'','\"\"'),(36,'Packages','packages',NULL,'','\"\"');
/*!40000 ALTER TABLE `vendor_services` ENABLE KEYS */;
UNLOCK TABLES;
DROP TABLE IF EXISTS `vendor_tour_pricings`;
/*!40101 SET @saved_cs_client     = @@character_set_client */;
/*!40101 SET character_set_client = utf8 */;
CREATE TABLE `vendor_tour_pricings` (
  `id` int(10) unsigned NOT NULL AUTO_INCREMENT,
  `vendor_tour_id` int(11) NOT NULL,
  `date` date NOT NULL,
  `time_slots_with_pricing_details` text COLLATE utf8mb4_unicode_ci NOT NULL,
  `is_available` tinyint(1) NOT NULL DEFAULT '1',
  `is_on_request` tinyint(1) NOT NULL DEFAULT '0',
  `created_at` timestamp NULL DEFAULT NULL,
  `updated_at` timestamp NULL DEFAULT NULL,
  `deleted_at` timestamp NULL DEFAULT NULL,
  PRIMARY KEY (`id`),
  KEY `vendor_tour_pricings_vendor_tour_id_index` (`vendor_tour_id`),
  KEY `vendor_tour_pricings_date_index` (`date`),
  KEY `vendor_tour_pricings_vendor_tour_id_date_index` (`vendor_tour_id`,`date`)
) ENGINE=InnoDB DEFAULT CHARSET=utf8mb4 COLLATE=utf8mb4_unicode_ci;
/*!40101 SET character_set_client = @saved_cs_client */;

LOCK TABLES `vendor_tour_pricings` WRITE;
/*!40000 ALTER TABLE `vendor_tour_pricings` DISABLE KEYS */;
/*!40000 ALTER TABLE `vendor_tour_pricings` ENABLE KEYS */;
UNLOCK TABLES;
DROP TABLE IF EXISTS `vendor_tours`;
/*!40101 SET @saved_cs_client     = @@character_set_client */;
/*!40101 SET character_set_client = utf8 */;
CREATE TABLE `vendor_tours` (
  `id` int(10) unsigned NOT NULL AUTO_INCREMENT,
  `city_id` int(11) NOT NULL,
  `vendor_id` int(11) NOT NULL,
  `tour_id` int(11) NOT NULL,
  `code` varchar(30) COLLATE utf8mb4_unicode_ci NOT NULL,
  `is_sic` tinyint(1) NOT NULL,
  `is_private` tinyint(1) NOT NULL,
  `itinerary_details` varchar(255) COLLATE utf8mb4_unicode_ci DEFAULT '',
  `inclusions` varchar(255) COLLATE utf8mb4_unicode_ci DEFAULT '',
  `exclusions` varchar(255) COLLATE utf8mb4_unicode_ci DEFAULT '',
  `remarks` varchar(255) COLLATE utf8mb4_unicode_ci DEFAULT '',
  `terms_and_conditions` varchar(255) COLLATE utf8mb4_unicode_ci DEFAULT '',
  `cancellation_policies` varchar(255) COLLATE utf8mb4_unicode_ci DEFAULT '',
  `cancellation_policy_rules` varchar(255) COLLATE utf8mb4_unicode_ci DEFAULT '',
  `gallery` varchar(255) COLLATE utf8mb4_unicode_ci DEFAULT '',
  `filters` varchar(1000) COLLATE utf8mb4_unicode_ci DEFAULT NULL,
  `created_at` timestamp NULL DEFAULT NULL,
  `updated_at` timestamp NULL DEFAULT NULL,
  `deleted_at` timestamp NULL DEFAULT NULL,
  PRIMARY KEY (`id`),
  KEY `city_vendor_tour_index` (`city_id`,`vendor_id`,`tour_id`),
  KEY `vendor_tours_id_index` (`id`),
  KEY `vendor_tours_city_id_index` (`city_id`),
  KEY `vendor_tours_vendor_id_index` (`vendor_id`),
  KEY `vendor_tours_tour_id_index` (`tour_id`)
) ENGINE=InnoDB AUTO_INCREMENT=3 DEFAULT CHARSET=utf8mb4 COLLATE=utf8mb4_unicode_ci;
/*!40101 SET character_set_client = @saved_cs_client */;

LOCK TABLES `vendor_tours` WRITE;
/*!40000 ALTER TABLE `vendor_tours` DISABLE KEYS */;
INSERT INTO `vendor_tours` VALUES (1,1,1,1,'GDT-TRS118',1,0,'<p>this itinerary details</p>',NULL,NULL,'',NULL,NULL,NULL,NULL,'{\"category_filter\":1,\"tour_types\":{\"1\":[2,3]},\"traveler_types\":[1,2],\"guide_languages\":[1],\"durations\":[1],\"meals\":{\"1\":{\"meal_types\":[1,6],\"cuisines\":[1,2]}}}','2017-06-29 13:20:29','2017-06-29 14:48:18',NULL),(2,1,1,1,'GDT-TRS120',0,1,'<p>this is itineary details</p>',NULL,NULL,'',NULL,NULL,NULL,'','{\"category_filter\":null,\"tour_types\":{\"1\":[2,3]},\"traveler_types\":[],\"guide_languages\":[],\"durations\":[],\"meals\":[]}','2017-06-29 16:55:14','2017-06-29 16:55:14',NULL);
/*!40000 ALTER TABLE `vendor_tours` ENABLE KEYS */;
UNLOCK TABLES;
DROP TABLE IF EXISTS `vendor_vehicle_pricing`;
/*!40101 SET @saved_cs_client     = @@character_set_client */;
/*!40101 SET character_set_client = utf8 */;
CREATE TABLE `vendor_vehicle_pricing` (
  `id` int(10) unsigned NOT NULL AUTO_INCREMENT,
  `vendor_id` int(11) NOT NULL,
  `city_id` int(11) NOT NULL,
  `transfer_type_id` int(11) NOT NULL,
  `vehicle_id` int(11) NOT NULL,
  `brand_id` int(11) NOT NULL,
  `month` smallint(6) DEFAULT NULL,
  `pricing_details` text COLLATE utf8mb4_unicode_ci,
  PRIMARY KEY (`id`),
  KEY `vendor_vehicle_pricing_vendor_id_index` (`vendor_id`),
  KEY `vendor_vehicle_pricing_transfer_type_id_index` (`transfer_type_id`),
  KEY `vendor_vehicle_pricing_vehicle_id_index` (`vehicle_id`)
) ENGINE=InnoDB AUTO_INCREMENT=37 DEFAULT CHARSET=utf8mb4 COLLATE=utf8mb4_unicode_ci;
/*!40101 SET character_set_client = @saved_cs_client */;

LOCK TABLES `vendor_vehicle_pricing` WRITE;
/*!40000 ALTER TABLE `vendor_vehicle_pricing` DISABLE KEYS */;
INSERT INTO `vendor_vehicle_pricing` VALUES (25,1,1,1,1,1,0,NULL),(26,1,1,1,1,1,1,NULL),(27,1,1,1,1,1,2,NULL),(28,1,1,1,1,1,3,NULL),(29,1,1,1,1,1,4,NULL),(30,1,1,1,1,1,5,NULL),(31,1,1,1,1,1,6,NULL),(32,1,1,1,1,1,7,NULL),(33,1,1,1,1,1,8,NULL),(34,1,1,1,1,1,9,NULL),(35,1,1,1,1,1,10,NULL),(36,1,1,1,1,1,11,NULL);
/*!40000 ALTER TABLE `vendor_vehicle_pricing` ENABLE KEYS */;
UNLOCK TABLES;
DROP TABLE IF EXISTS `vendors`;
/*!40101 SET @saved_cs_client     = @@character_set_client */;
/*!40101 SET character_set_client = utf8 */;
CREATE TABLE `vendors` (
  `id` int(10) unsigned NOT NULL AUTO_INCREMENT,
  `country_id` int(11) NOT NULL,
  `region_id` int(11) NOT NULL DEFAULT '0',
  `city_id` int(11) NOT NULL DEFAULT '0',
  `name` varchar(255) COLLATE utf8mb4_unicode_ci NOT NULL,
  `code` varchar(20) COLLATE utf8mb4_unicode_ci NOT NULL DEFAULT '',
  `slug` varchar(255) COLLATE utf8mb4_unicode_ci NOT NULL,
  `description` varchar(500) COLLATE utf8mb4_unicode_ci NOT NULL DEFAULT '',
  `address` varchar(500) COLLATE utf8mb4_unicode_ci NOT NULL DEFAULT '',
  `contact_details` text COLLATE utf8mb4_unicode_ci,
  `bank_account_details` text COLLATE utf8mb4_unicode_ci,
  `license_details` varchar(1000) COLLATE utf8mb4_unicode_ci DEFAULT NULL,
  `module` varchar(50) COLLATE utf8mb4_unicode_ci NOT NULL DEFAULT 'contracts',
  `api_credentials` text COLLATE utf8mb4_unicode_ci,
  `api_vendor_countries` text COLLATE utf8mb4_unicode_ci,
  PRIMARY KEY (`id`),
  KEY `vendors_country_id_index` (`country_id`)
) ENGINE=InnoDB AUTO_INCREMENT=3 DEFAULT CHARSET=utf8mb4 COLLATE=utf8mb4_unicode_ci;
/*!40101 SET character_set_client = @saved_cs_client */;

LOCK TABLES `vendors` WRITE;
/*!40000 ALTER TABLE `vendors` DISABLE KEYS */;
INSERT INTO `vendors` VALUES (1,8,1,1,'Diwakar Travels','DT-DXB','Diwakar Travels','this is just description','Kachiguda \nLakdikapool','[{\"name\":\"Kamal\",\"email\":\"chagam@kamala.com\",\"mobile\":\"545454545\",\"department_name\":\"Technical Head\",\"designation\":\"Sr Software Developer\"},{\"name\":\"Kamal2\",\"email\":\"chagam@kamalakar.com\",\"mobile\":\"4545454\",\"department_name\":\"Sales\",\"designation\":\"Director Of Sales\"}]',NULL,NULL,'contracts',NULL,NULL),(2,8,1,1,'Dubai Travels Pvt Ltd','DTP-DXP','Dubai Travels Pvt Ltd','this is agent description','this is address',NULL,NULL,NULL,'contracts',NULL,NULL);
/*!40000 ALTER TABLE `vendors` ENABLE KEYS */;
UNLOCK TABLES;
DROP TABLE IF EXISTS `visa_allotments`;
/*!40101 SET @saved_cs_client     = @@character_set_client */;
/*!40101 SET character_set_client = utf8 */;
CREATE TABLE `visa_allotments` (
  `id` int(10) unsigned NOT NULL AUTO_INCREMENT,
  `visa_id` int(11) NOT NULL,
  `vendor_id` int(11) NOT NULL,
  `quantity` int(11) NOT NULL,
  PRIMARY KEY (`id`)
) ENGINE=InnoDB DEFAULT CHARSET=utf8mb4 COLLATE=utf8mb4_unicode_ci;
/*!40101 SET character_set_client = @saved_cs_client */;

LOCK TABLES `visa_allotments` WRITE;
/*!40000 ALTER TABLE `visa_allotments` DISABLE KEYS */;
/*!40000 ALTER TABLE `visa_allotments` ENABLE KEYS */;
UNLOCK TABLES;
DROP TABLE IF EXISTS `visa_bookings`;
/*!40101 SET @saved_cs_client     = @@character_set_client */;
/*!40101 SET character_set_client = utf8 */;
CREATE TABLE `visa_bookings` (
  `id` int(10) unsigned NOT NULL AUTO_INCREMENT,
  `booking_id` int(11) NOT NULL,
  `service_source` varchar(50) COLLATE utf8mb4_unicode_ci NOT NULL,
  `name` varchar(255) COLLATE utf8mb4_unicode_ci NOT NULL,
  `vendor_id` int(11) DEFAULT NULL,
  `no_of_adults` smallint(6) NOT NULL,
  `no_of_children` smallint(6) NOT NULL DEFAULT '0',
  `currency` varchar(10) COLLATE utf8mb4_unicode_ci NOT NULL,
  `total_price` decimal(8,2) NOT NULL,
  `status` varchar(20) COLLATE utf8mb4_unicode_ci NOT NULL,
  `country_code` varchar(5) COLLATE utf8mb4_unicode_ci NOT NULL,
  `payment_deadline_date` timestamp NULL DEFAULT NULL,
  `cancelled_date` timestamp NULL DEFAULT NULL,
  `visa_details` text COLLATE utf8mb4_unicode_ci NOT NULL,
  `voucher_details` text COLLATE utf8mb4_unicode_ci,
  `cancellation_details` text COLLATE utf8mb4_unicode_ci,
  PRIMARY KEY (`id`),
  KEY `visa_bookings_booking_id_index` (`booking_id`),
  KEY `visa_bookings_service_source_index` (`service_source`),
  KEY `visa_bookings_vendor_id_index` (`vendor_id`),
  KEY `visa_bookings_currency_index` (`currency`),
  KEY `visa_bookings_country_code_index` (`country_code`),
  KEY `visa_bookings_payment_deadline_date_index` (`payment_deadline_date`),
  KEY `visa_bookings_cancelled_date_index` (`cancelled_date`)
) ENGINE=InnoDB AUTO_INCREMENT=6 DEFAULT CHARSET=utf8mb4 COLLATE=utf8mb4_unicode_ci;
/*!40101 SET character_set_client = @saved_cs_client */;

LOCK TABLES `visa_bookings` WRITE;
/*!40000 ALTER TABLE `visa_bookings` DISABLE KEYS */;
INSERT INTO `visa_bookings` VALUES (1,47,'contracting','Single Entry Short Term Tourist Visa(30 DAYS)',1,2,1,'USD',5500.00,'available','ARE','2018-03-29 11:18:21',NULL,'{\"paxes\":[{\"title\":\"Mr\",\"name\":\"first name 7\",\"surname\":\"surname 2\",\"type\":\"AD\"},{\"title\":\"Mr\",\"name\":\"first name 4\",\"surname\":\"surname 6\",\"type\":\"AD\"},{\"title\":\"Mstr\",\"name\":\"first name 0\",\"surname\":\"surname 4\",\"type\":\"CH\",\"age\":1}],\"id\":1,\"visa_id\":1,\"min_days\":30,\"max_days\":60,\"processing_min_days\":4,\"processing_max_days\":7,\"validity\":3,\"validity_type\":\"MONTHS\",\"docs_required\":\"<p>documents required for processing this visa<\\/p>\",\"tcs\":\"<p>this is terms &amp; conditions<\\/p>\"}',NULL,NULL),(2,48,'contracting','Single Entry Short Term Tourist Visa(30 DAYS)',1,2,1,'USD',5500.00,'available','ARE','2018-03-29 12:19:18',NULL,'{\"paxes\":[{\"title\":\"Mr\",\"name\":\"first name 6\",\"surname\":\"surname 3\",\"type\":\"AD\"},{\"title\":\"Mr\",\"name\":\"first name 4\",\"surname\":\"surname 7\",\"type\":\"AD\"},{\"title\":\"Mstr\",\"name\":\"first name 0\",\"surname\":\"surname 6\",\"type\":\"CH\",\"age\":1}],\"id\":1,\"visa_id\":1,\"min_days\":30,\"max_days\":60,\"processing_min_days\":4,\"processing_max_days\":7,\"validity\":3,\"validity_type\":\"MONTHS\",\"docs_required\":\"<p>documents required for processing this visa<\\/p>\",\"tcs\":\"<p>this is terms &amp; conditions<\\/p>\"}',NULL,NULL),(3,49,'contracting','Single Entry Short Term Tourist Visa(30 DAYS)',1,2,1,'USD',5500.00,'available','ARE','2018-03-29 13:34:34',NULL,'{\"paxes\":[{\"title\":\"Mr\",\"name\":\"first name 2\",\"surname\":\"surname 9\",\"type\":\"AD\"},{\"title\":\"Mr\",\"name\":\"first name 8\",\"surname\":\"surname 3\",\"type\":\"AD\"},{\"title\":\"Mstr\",\"name\":\"first name 3\",\"surname\":\"surname 0\",\"type\":\"CH\",\"age\":1}],\"id\":1,\"visa_id\":1,\"min_days\":30,\"max_days\":60,\"processing_min_days\":4,\"processing_max_days\":7,\"validity\":3,\"validity_type\":\"MONTHS\",\"docs_required\":\"<p>documents required for processing this visa<\\/p>\",\"tcs\":\"<p>this is terms &amp; conditions<\\/p>\"}',NULL,NULL),(4,50,'contracting','Single Entry Short Term Tourist Visa(30 DAYS)',1,2,1,'USD',5500.00,'confirmed','ARE','2018-03-29 19:46:15',NULL,'{\"paxes\":[{\"title\":\"Mr\",\"name\":\"first name 9\",\"surname\":\"surname 2\",\"type\":\"AD\"},{\"title\":\"Mr\",\"name\":\"first name 6\",\"surname\":\"surname 0\",\"type\":\"AD\"},{\"title\":\"Mstr\",\"name\":\"first name 7\",\"surname\":\"surname 1\",\"type\":\"CH\",\"age\":1}],\"id\":1,\"visa_id\":1,\"min_days\":30,\"max_days\":60,\"processing_min_days\":4,\"processing_max_days\":7,\"validity\":3,\"validity_type\":\"MONTHS\",\"docs_required\":\"<p>documents required for processing this visa<\\/p>\",\"tcs\":\"<p>this is terms &amp; conditions<\\/p>\"}',NULL,NULL),(5,51,'contracting','Single Entry Short Term Tourist Visa(30 DAYS)',1,2,1,'USD',5500.00,'confirmed','ARE','2018-03-30 11:46:21',NULL,'{\"paxes\":[{\"title\":\"Mr\",\"name\":\"first name 6\",\"surname\":\"surname 4\",\"type\":\"AD\"},{\"title\":\"Mr\",\"name\":\"first name 9\",\"surname\":\"surname 8\",\"type\":\"AD\"},{\"title\":\"Mstr\",\"name\":\"first name 1\",\"surname\":\"surname 6\",\"type\":\"CH\",\"age\":1}],\"id\":1,\"visa_id\":1,\"min_days\":30,\"max_days\":60,\"processing_min_days\":4,\"processing_max_days\":7,\"validity\":3,\"validity_type\":\"MONTHS\",\"docs_required\":\"<p>documents required for processing this visa<\\/p>\",\"tcs\":\"<p>this is terms &amp; conditions<\\/p>\"}',NULL,NULL);
/*!40000 ALTER TABLE `visa_bookings` ENABLE KEYS */;
UNLOCK TABLES;
DROP TABLE IF EXISTS `visa_child_ages`;
/*!40101 SET @saved_cs_client     = @@character_set_client */;
/*!40101 SET character_set_client = utf8 */;
CREATE TABLE `visa_child_ages` (
  `id` int(10) unsigned NOT NULL AUTO_INCREMENT,
  `country_id` int(11) NOT NULL,
  `min_age` int(11) NOT NULL,
  `max_age` int(11) NOT NULL,
  PRIMARY KEY (`id`)
) ENGINE=InnoDB AUTO_INCREMENT=2 DEFAULT CHARSET=utf8mb4 COLLATE=utf8mb4_unicode_ci;
/*!40101 SET character_set_client = @saved_cs_client */;

LOCK TABLES `visa_child_ages` WRITE;
/*!40000 ALTER TABLE `visa_child_ages` DISABLE KEYS */;
INSERT INTO `visa_child_ages` VALUES (1,8,2,11);
/*!40000 ALTER TABLE `visa_child_ages` ENABLE KEYS */;
UNLOCK TABLES;
DROP TABLE IF EXISTS `visa_details`;
/*!40101 SET @saved_cs_client     = @@character_set_client */;
/*!40101 SET character_set_client = utf8 */;
CREATE TABLE `visa_details` (
  `id` int(10) unsigned NOT NULL AUTO_INCREMENT,
  `visa_id` int(11) NOT NULL,
  `min_days` int(11) NOT NULL,
  `max_days` int(11) NOT NULL,
  `processing_min_days` int(11) NOT NULL,
  `processing_max_days` int(11) NOT NULL,
  `validity` int(11) NOT NULL,
  `validity_type` varchar(255) COLLATE utf8mb4_unicode_ci NOT NULL,
  `docs_required` text COLLATE utf8mb4_unicode_ci,
  `tcs` text COLLATE utf8mb4_unicode_ci,
  PRIMARY KEY (`id`),
  UNIQUE KEY `visa_details_visa_id_unique` (`visa_id`)
) ENGINE=InnoDB AUTO_INCREMENT=2 DEFAULT CHARSET=utf8mb4 COLLATE=utf8mb4_unicode_ci;
/*!40101 SET character_set_client = @saved_cs_client */;

LOCK TABLES `visa_details` WRITE;
/*!40000 ALTER TABLE `visa_details` DISABLE KEYS */;
INSERT INTO `visa_details` VALUES (1,1,30,60,4,7,3,'MONTHS','<p>documents required for processing this visa</p>','<p>this is terms &amp; conditions</p>');
/*!40000 ALTER TABLE `visa_details` ENABLE KEYS */;
UNLOCK TABLES;
DROP TABLE IF EXISTS `visa_pricings`;
/*!40101 SET @saved_cs_client     = @@character_set_client */;
/*!40101 SET character_set_client = utf8 */;
CREATE TABLE `visa_pricings` (
  `id` int(10) unsigned NOT NULL AUTO_INCREMENT,
  `visa_id` int(11) NOT NULL,
  `date` date NOT NULL,
  `vendor_id` int(11) NOT NULL,
  `quantity` int(11) NOT NULL DEFAULT '0',
  `utilized` int(11) NOT NULL DEFAULT '0',
  `adult_price` double(8,2) NOT NULL,
  `child_details` json NOT NULL,
  `currency` varchar(6) COLLATE utf8mb4_unicode_ci NOT NULL DEFAULT 'USD',
  PRIMARY KEY (`id`),
  KEY `visa_pricings_visa_id_index` (`visa_id`),
  KEY `visa_pricings_date_index` (`date`)
) ENGINE=InnoDB AUTO_INCREMENT=2191 DEFAULT CHARSET=utf8mb4 COLLATE=utf8mb4_unicode_ci;
/*!40101 SET character_set_client = @saved_cs_client */;

LOCK TABLES `visa_pricings` WRITE;
/*!40000 ALTER TABLE `visa_pricings` DISABLE KEYS */;
INSERT INTO `visa_pricings` VALUES (366,1,'2018-01-01',1,30,0,2000.00,'[{\"price\": \"1500\", \"child_age_id\": 1}]','USD'),(367,1,'2018-01-02',1,30,0,2000.00,'[{\"price\": \"1500\", \"child_age_id\": 1}]','USD'),(368,1,'2018-01-03',1,30,0,2000.00,'[{\"price\": \"1500\", \"child_age_id\": 1}]','USD'),(369,1,'2018-01-04',1,30,0,2000.00,'[{\"price\": \"1500\", \"child_age_id\": 1}]','USD'),(370,1,'2018-01-05',1,30,0,2000.00,'[{\"price\": \"1500\", \"child_age_id\": 1}]','USD'),(371,1,'2018-01-06',1,30,0,2000.00,'[{\"price\": \"1500\", \"child_age_id\": 1}]','USD'),(372,1,'2018-01-07',1,30,0,2000.00,'[{\"price\": \"1500\", \"child_age_id\": 1}]','USD'),(373,1,'2018-01-08',1,30,0,2000.00,'[{\"price\": \"1500\", \"child_age_id\": 1}]','USD'),(374,1,'2018-01-09',1,30,0,2000.00,'[{\"price\": \"1500\", \"child_age_id\": 1}]','USD'),(375,1,'2018-01-10',1,30,0,2000.00,'[{\"price\": \"1500\", \"child_age_id\": 1}]','USD'),(376,1,'2018-01-11',1,30,0,2000.00,'[{\"price\": \"1500\", \"child_age_id\": 1}]','USD'),(377,1,'2018-01-12',1,30,0,2000.00,'[{\"price\": \"1500\", \"child_age_id\": 1}]','USD'),(378,1,'2018-01-13',1,30,0,2000.00,'[{\"price\": \"1500\", \"child_age_id\": 1}]','USD'),(379,1,'2018-01-14',1,30,0,2000.00,'[{\"price\": \"1500\", \"child_age_id\": 1}]','USD'),(380,1,'2018-01-15',1,30,0,2000.00,'[{\"price\": \"1500\", \"child_age_id\": 1}]','USD'),(381,1,'2018-01-16',1,30,0,2000.00,'[{\"price\": \"1500\", \"child_age_id\": 1}]','USD'),(382,1,'2018-01-17',1,30,0,2000.00,'[{\"price\": \"1500\", \"child_age_id\": 1}]','USD'),(383,1,'2018-01-18',1,30,0,2000.00,'[{\"price\": \"1500\", \"child_age_id\": 1}]','USD'),(384,1,'2018-01-19',1,30,0,2000.00,'[{\"price\": \"1500\", \"child_age_id\": 1}]','USD'),(385,1,'2018-01-20',1,30,0,2000.00,'[{\"price\": \"1500\", \"child_age_id\": 1}]','USD'),(386,1,'2018-01-21',1,30,0,2000.00,'[{\"price\": \"1500\", \"child_age_id\": 1}]','USD'),(387,1,'2018-01-22',1,30,0,2000.00,'[{\"price\": \"1500\", \"child_age_id\": 1}]','USD'),(388,1,'2018-01-23',1,30,0,2000.00,'[{\"price\": \"1500\", \"child_age_id\": 1}]','USD'),(389,1,'2018-01-24',1,30,0,2000.00,'[{\"price\": \"1500\", \"child_age_id\": 1}]','USD'),(390,1,'2018-01-25',1,30,0,2000.00,'[{\"price\": \"1500\", \"child_age_id\": 1}]','USD'),(391,1,'2018-01-26',1,30,0,2000.00,'[{\"price\": \"1500\", \"child_age_id\": 1}]','USD'),(392,1,'2018-01-27',1,30,0,2000.00,'[{\"price\": \"1500\", \"child_age_id\": 1}]','USD'),(393,1,'2018-01-28',1,30,0,2000.00,'[{\"price\": \"1500\", \"child_age_id\": 1}]','USD'),(394,1,'2018-01-29',1,30,0,2000.00,'[{\"price\": \"1500\", \"child_age_id\": 1}]','USD'),(395,1,'2018-01-30',1,30,0,2000.00,'[{\"price\": \"1500\", \"child_age_id\": 1}]','USD'),(396,1,'2018-01-31',1,30,0,2000.00,'[{\"price\": \"1500\", \"child_age_id\": 1}]','USD'),(397,1,'2018-02-01',1,30,0,2000.00,'[{\"price\": \"1500\", \"child_age_id\": 1}]','USD'),(398,1,'2018-02-02',1,30,0,2000.00,'[{\"price\": \"1500\", \"child_age_id\": 1}]','USD'),(399,1,'2018-02-03',1,30,0,2000.00,'[{\"price\": \"1500\", \"child_age_id\": 1}]','USD'),(400,1,'2018-02-04',1,30,0,2000.00,'[{\"price\": \"1500\", \"child_age_id\": 1}]','USD'),(401,1,'2018-02-05',1,30,0,2000.00,'[{\"price\": \"1500\", \"child_age_id\": 1}]','USD'),(402,1,'2018-02-06',1,30,0,2000.00,'[{\"price\": \"1500\", \"child_age_id\": 1}]','USD'),(403,1,'2018-02-07',1,30,0,2000.00,'[{\"price\": \"1500\", \"child_age_id\": 1}]','USD'),(404,1,'2018-02-08',1,30,0,2000.00,'[{\"price\": \"1500\", \"child_age_id\": 1}]','USD'),(405,1,'2018-02-09',1,30,0,2000.00,'[{\"price\": \"1500\", \"child_age_id\": 1}]','USD'),(406,1,'2018-02-10',1,30,0,2000.00,'[{\"price\": \"1500\", \"child_age_id\": 1}]','USD'),(407,1,'2018-02-11',1,30,0,2000.00,'[{\"price\": \"1500\", \"child_age_id\": 1}]','USD'),(408,1,'2018-02-12',1,30,0,2000.00,'[{\"price\": \"1500\", \"child_age_id\": 1}]','USD'),(409,1,'2018-02-13',1,30,0,2000.00,'[{\"price\": \"1500\", \"child_age_id\": 1}]','USD'),(410,1,'2018-02-14',1,30,0,2000.00,'[{\"price\": \"1500\", \"child_age_id\": 1}]','USD'),(411,1,'2018-02-15',1,30,0,2000.00,'[{\"price\": \"1500\", \"child_age_id\": 1}]','USD'),(412,1,'2018-02-16',1,30,0,2000.00,'[{\"price\": \"1500\", \"child_age_id\": 1}]','USD'),(413,1,'2018-02-17',1,30,0,2000.00,'[{\"price\": \"1500\", \"child_age_id\": 1}]','USD'),(414,1,'2018-02-18',1,30,0,2000.00,'[{\"price\": \"1500\", \"child_age_id\": 1}]','USD'),(415,1,'2018-02-19',1,30,0,2000.00,'[{\"price\": \"1500\", \"child_age_id\": 1}]','USD'),(416,1,'2018-02-20',1,30,0,2000.00,'[{\"price\": \"1500\", \"child_age_id\": 1}]','USD'),(417,1,'2018-02-21',1,30,0,2000.00,'[{\"price\": \"1500\", \"child_age_id\": 1}]','USD'),(418,1,'2018-02-22',1,30,0,2000.00,'[{\"price\": \"1500\", \"child_age_id\": 1}]','USD'),(419,1,'2018-02-23',1,30,0,2000.00,'[{\"price\": \"1500\", \"child_age_id\": 1}]','USD'),(420,1,'2018-02-24',1,30,0,2000.00,'[{\"price\": \"1500\", \"child_age_id\": 1}]','USD'),(421,1,'2018-02-25',1,30,0,2000.00,'[{\"price\": \"1500\", \"child_age_id\": 1}]','USD'),(422,1,'2018-02-26',1,30,0,2000.00,'[{\"price\": \"1500\", \"child_age_id\": 1}]','USD'),(423,1,'2018-02-27',1,30,0,2000.00,'[{\"price\": \"1500\", \"child_age_id\": 1}]','USD'),(424,1,'2018-02-28',1,30,0,2000.00,'[{\"price\": \"1500\", \"child_age_id\": 1}]','USD'),(425,1,'2018-03-01',1,30,0,2000.00,'[{\"price\": \"1500\", \"child_age_id\": 1}]','USD'),(426,1,'2018-03-02',1,30,0,2000.00,'[{\"price\": \"1500\", \"child_age_id\": 1}]','USD'),(427,1,'2018-03-03',1,30,0,2000.00,'[{\"price\": \"1500\", \"child_age_id\": 1}]','USD'),(428,1,'2018-03-04',1,30,0,2000.00,'[{\"price\": \"1500\", \"child_age_id\": 1}]','USD'),(429,1,'2018-03-05',1,30,0,2000.00,'[{\"price\": \"1500\", \"child_age_id\": 1}]','USD'),(430,1,'2018-03-06',1,30,0,2000.00,'[{\"price\": \"1500\", \"child_age_id\": 1}]','USD'),(431,1,'2018-03-07',1,30,0,2000.00,'[{\"price\": \"1500\", \"child_age_id\": 1}]','USD'),(432,1,'2018-03-08',1,30,0,2000.00,'[{\"price\": \"1500\", \"child_age_id\": 1}]','USD'),(433,1,'2018-03-09',1,30,0,2000.00,'[{\"price\": \"1500\", \"child_age_id\": 1}]','USD'),(434,1,'2018-03-10',1,30,0,2000.00,'[{\"price\": \"1500\", \"child_age_id\": 1}]','USD'),(435,1,'2018-03-11',1,30,0,2000.00,'[{\"price\": \"1500\", \"child_age_id\": 1}]','USD'),(436,1,'2018-03-12',1,30,0,2000.00,'[{\"price\": \"1500\", \"child_age_id\": 1}]','USD'),(437,1,'2018-03-13',1,30,0,2000.00,'[{\"price\": \"1500\", \"child_age_id\": 1}]','USD'),(438,1,'2018-03-14',1,30,0,2000.00,'[{\"price\": \"1500\", \"child_age_id\": 1}]','USD'),(439,1,'2018-03-15',1,30,0,2000.00,'[{\"price\": \"1500\", \"child_age_id\": 1}]','USD'),(440,1,'2018-03-16',1,30,0,2000.00,'[{\"price\": \"1500\", \"child_age_id\": 1}]','USD'),(441,1,'2018-03-17',1,30,0,2000.00,'[{\"price\": \"1500\", \"child_age_id\": 1}]','USD'),(442,1,'2018-03-18',1,30,0,2000.00,'[{\"price\": \"1500\", \"child_age_id\": 1}]','USD'),(443,1,'2018-03-19',1,30,0,2000.00,'[{\"price\": \"1500\", \"child_age_id\": 1}]','USD'),(444,1,'2018-03-20',1,30,0,2000.00,'[{\"price\": \"1500\", \"child_age_id\": 1}]','USD'),(445,1,'2018-03-21',1,30,0,2000.00,'[{\"price\": \"1500\", \"child_age_id\": 1}]','USD'),(446,1,'2018-03-22',1,30,0,2000.00,'[{\"price\": \"1500\", \"child_age_id\": 1}]','USD'),(447,1,'2018-03-23',1,30,0,2000.00,'[{\"price\": \"1500\", \"child_age_id\": 1}]','USD'),(448,1,'2018-03-24',1,30,0,2000.00,'[{\"price\": \"1500\", \"child_age_id\": 1}]','USD'),(449,1,'2018-03-25',1,30,0,2000.00,'[{\"price\": \"1500\", \"child_age_id\": 1}]','USD'),(450,1,'2018-03-26',1,30,0,2000.00,'[{\"price\": \"1500\", \"child_age_id\": 1}]','USD'),(451,1,'2018-03-27',1,30,0,2000.00,'[{\"price\": \"1500\", \"child_age_id\": 1}]','USD'),(452,1,'2018-03-28',1,30,0,2000.00,'[{\"price\": \"1500\", \"child_age_id\": 1}]','USD'),(453,1,'2018-03-29',1,30,0,2000.00,'[{\"price\": \"1500\", \"child_age_id\": 1}]','USD'),(454,1,'2018-03-30',1,30,0,2000.00,'[{\"price\": \"1500\", \"child_age_id\": 1}]','USD'),(455,1,'2018-03-31',1,30,0,2000.00,'[{\"price\": \"1500\", \"child_age_id\": 1}]','USD'),(456,1,'2018-04-01',1,30,0,2000.00,'[{\"price\": \"1500\", \"child_age_id\": 1}]','USD'),(457,1,'2018-04-02',1,30,0,2000.00,'[{\"price\": \"1500\", \"child_age_id\": 1}]','USD'),(458,1,'2018-04-03',1,30,0,2000.00,'[{\"price\": \"1500\", \"child_age_id\": 1}]','USD'),(459,1,'2018-04-04',1,30,0,2000.00,'[{\"price\": \"1500\", \"child_age_id\": 1}]','USD'),(460,1,'2018-04-05',1,30,0,2000.00,'[{\"price\": \"1500\", \"child_age_id\": 1}]','USD'),(461,1,'2018-04-06',1,30,0,2000.00,'[{\"price\": \"1500\", \"child_age_id\": 1}]','USD'),(462,1,'2018-04-07',1,30,0,2000.00,'[{\"price\": \"1500\", \"child_age_id\": 1}]','USD'),(463,1,'2018-04-08',1,30,0,2000.00,'[{\"price\": \"1500\", \"child_age_id\": 1}]','USD'),(464,1,'2018-04-09',1,30,0,2000.00,'[{\"price\": \"1500\", \"child_age_id\": 1}]','USD'),(465,1,'2018-04-10',1,30,0,2000.00,'[{\"price\": \"1500\", \"child_age_id\": 1}]','USD'),(466,1,'2018-04-11',1,30,0,2000.00,'[{\"price\": \"1500\", \"child_age_id\": 1}]','USD'),(467,1,'2018-04-12',1,30,0,2000.00,'[{\"price\": \"1500\", \"child_age_id\": 1}]','USD'),(468,1,'2018-04-13',1,30,0,2000.00,'[{\"price\": \"1500\", \"child_age_id\": 1}]','USD'),(469,1,'2018-04-14',1,30,0,2000.00,'[{\"price\": \"1500\", \"child_age_id\": 1}]','USD'),(470,1,'2018-04-15',1,30,0,2000.00,'[{\"price\": \"1500\", \"child_age_id\": 1}]','USD'),(471,1,'2018-04-16',1,30,0,2000.00,'[{\"price\": \"1500\", \"child_age_id\": 1}]','USD'),(472,1,'2018-04-17',1,30,0,2000.00,'[{\"price\": \"1500\", \"child_age_id\": 1}]','USD'),(473,1,'2018-04-18',1,30,0,2000.00,'[{\"price\": \"1500\", \"child_age_id\": 1}]','USD'),(474,1,'2018-04-19',1,30,0,2000.00,'[{\"price\": \"1500\", \"child_age_id\": 1}]','USD'),(475,1,'2018-04-20',1,30,0,2000.00,'[{\"price\": \"1500\", \"child_age_id\": 1}]','USD'),(476,1,'2018-04-21',1,30,0,2000.00,'[{\"price\": \"1500\", \"child_age_id\": 1}]','USD'),(477,1,'2018-04-22',1,30,0,2000.00,'[{\"price\": \"1500\", \"child_age_id\": 1}]','USD'),(478,1,'2018-04-23',1,30,0,2000.00,'[{\"price\": \"1500\", \"child_age_id\": 1}]','USD'),(479,1,'2018-04-24',1,30,0,2000.00,'[{\"price\": \"1500\", \"child_age_id\": 1}]','USD'),(480,1,'2018-04-25',1,30,0,2000.00,'[{\"price\": \"1500\", \"child_age_id\": 1}]','USD'),(481,1,'2018-04-26',1,30,0,2000.00,'[{\"price\": \"1500\", \"child_age_id\": 1}]','USD'),(482,1,'2018-04-27',1,30,0,2000.00,'[{\"price\": \"1500\", \"child_age_id\": 1}]','USD'),(483,1,'2018-04-28',1,30,0,2000.00,'[{\"price\": \"1500\", \"child_age_id\": 1}]','USD'),(484,1,'2018-04-29',1,30,0,2000.00,'[{\"price\": \"1500\", \"child_age_id\": 1}]','USD'),(485,1,'2018-04-30',1,30,0,2000.00,'[{\"price\": \"1500\", \"child_age_id\": 1}]','USD'),(486,1,'2018-05-01',1,30,0,2000.00,'[{\"price\": \"1500\", \"child_age_id\": 1}]','USD'),(487,1,'2018-05-02',1,30,0,2000.00,'[{\"price\": \"1500\", \"child_age_id\": 1}]','USD'),(488,1,'2018-05-03',1,30,0,2000.00,'[{\"price\": \"1500\", \"child_age_id\": 1}]','USD'),(489,1,'2018-05-04',1,30,0,2000.00,'[{\"price\": \"1500\", \"child_age_id\": 1}]','USD'),(490,1,'2018-05-05',1,30,0,2000.00,'[{\"price\": \"1500\", \"child_age_id\": 1}]','USD'),(491,1,'2018-05-06',1,30,0,2000.00,'[{\"price\": \"1500\", \"child_age_id\": 1}]','USD'),(492,1,'2018-05-07',1,30,0,2000.00,'[{\"price\": \"1500\", \"child_age_id\": 1}]','USD'),(493,1,'2018-05-08',1,30,0,2000.00,'[{\"price\": \"1500\", \"child_age_id\": 1}]','USD'),(494,1,'2018-05-09',1,30,0,2000.00,'[{\"price\": \"1500\", \"child_age_id\": 1}]','USD'),(495,1,'2018-05-10',1,30,0,2000.00,'[{\"price\": \"1500\", \"child_age_id\": 1}]','USD'),(496,1,'2018-05-11',1,30,0,2000.00,'[{\"price\": \"1500\", \"child_age_id\": 1}]','USD'),(497,1,'2018-05-12',1,30,0,2000.00,'[{\"price\": \"1500\", \"child_age_id\": 1}]','USD'),(498,1,'2018-05-13',1,30,0,2000.00,'[{\"price\": \"1500\", \"child_age_id\": 1}]','USD'),(499,1,'2018-05-14',1,30,0,2000.00,'[{\"price\": \"1500\", \"child_age_id\": 1}]','USD'),(500,1,'2018-05-15',1,30,0,2000.00,'[{\"price\": \"1500\", \"child_age_id\": 1}]','USD'),(501,1,'2018-05-16',1,30,0,2000.00,'[{\"price\": \"1500\", \"child_age_id\": 1}]','USD'),(502,1,'2018-05-17',1,30,0,2000.00,'[{\"price\": \"1500\", \"child_age_id\": 1}]','USD'),(503,1,'2018-05-18',1,30,0,2000.00,'[{\"price\": \"1500\", \"child_age_id\": 1}]','USD'),(504,1,'2018-05-19',1,30,0,2000.00,'[{\"price\": \"1500\", \"child_age_id\": 1}]','USD'),(505,1,'2018-05-20',1,30,0,2000.00,'[{\"price\": \"1500\", \"child_age_id\": 1}]','USD'),(506,1,'2018-05-21',1,30,0,2000.00,'[{\"price\": \"1500\", \"child_age_id\": 1}]','USD'),(507,1,'2018-05-22',1,30,0,2000.00,'[{\"price\": \"1500\", \"child_age_id\": 1}]','USD'),(508,1,'2018-05-23',1,30,0,2000.00,'[{\"price\": \"1500\", \"child_age_id\": 1}]','USD'),(509,1,'2018-05-24',1,30,0,2000.00,'[{\"price\": \"1500\", \"child_age_id\": 1}]','USD'),(510,1,'2018-05-25',1,30,0,2000.00,'[{\"price\": \"1500\", \"child_age_id\": 1}]','USD'),(511,1,'2018-05-26',1,30,0,2000.00,'[{\"price\": \"1500\", \"child_age_id\": 1}]','USD'),(512,1,'2018-05-27',1,30,0,2000.00,'[{\"price\": \"1500\", \"child_age_id\": 1}]','USD'),(513,1,'2018-05-28',1,30,0,2000.00,'[{\"price\": \"1500\", \"child_age_id\": 1}]','USD'),(514,1,'2018-05-29',1,30,0,2000.00,'[{\"price\": \"1500\", \"child_age_id\": 1}]','USD'),(515,1,'2018-05-30',1,30,0,2000.00,'[{\"price\": \"1500\", \"child_age_id\": 1}]','USD'),(516,1,'2018-05-31',1,30,0,2000.00,'[{\"price\": \"1500\", \"child_age_id\": 1}]','USD'),(517,1,'2018-06-01',1,30,0,2000.00,'[{\"price\": \"1500\", \"child_age_id\": 1}]','USD'),(518,1,'2018-06-02',1,30,0,2000.00,'[{\"price\": \"1500\", \"child_age_id\": 1}]','USD'),(519,1,'2018-06-03',1,30,0,2000.00,'[{\"price\": \"1500\", \"child_age_id\": 1}]','USD'),(520,1,'2018-06-04',1,30,0,2000.00,'[{\"price\": \"1500\", \"child_age_id\": 1}]','USD'),(521,1,'2018-06-05',1,30,0,2000.00,'[{\"price\": \"1500\", \"child_age_id\": 1}]','USD'),(522,1,'2018-06-06',1,30,0,2000.00,'[{\"price\": \"1500\", \"child_age_id\": 1}]','USD'),(523,1,'2018-06-07',1,30,0,2000.00,'[{\"price\": \"1500\", \"child_age_id\": 1}]','USD'),(524,1,'2018-06-08',1,30,0,2000.00,'[{\"price\": \"1500\", \"child_age_id\": 1}]','USD'),(525,1,'2018-06-09',1,30,0,2000.00,'[{\"price\": \"1500\", \"child_age_id\": 1}]','USD'),(526,1,'2018-06-10',1,30,0,2000.00,'[{\"price\": \"1500\", \"child_age_id\": 1}]','USD'),(527,1,'2018-06-11',1,30,0,2000.00,'[{\"price\": \"1500\", \"child_age_id\": 1}]','USD'),(528,1,'2018-06-12',1,30,0,2000.00,'[{\"price\": \"1500\", \"child_age_id\": 1}]','USD'),(529,1,'2018-06-13',1,30,0,2000.00,'[{\"price\": \"1500\", \"child_age_id\": 1}]','USD'),(530,1,'2018-06-14',1,30,0,2000.00,'[{\"price\": \"1500\", \"child_age_id\": 1}]','USD'),(531,1,'2018-06-15',1,30,0,2000.00,'[{\"price\": \"1500\", \"child_age_id\": 1}]','USD'),(532,1,'2018-06-16',1,30,0,2000.00,'[{\"price\": \"1500\", \"child_age_id\": 1}]','USD'),(533,1,'2018-06-17',1,30,0,2000.00,'[{\"price\": \"1500\", \"child_age_id\": 1}]','USD'),(534,1,'2018-06-18',1,30,0,2000.00,'[{\"price\": \"1500\", \"child_age_id\": 1}]','USD'),(535,1,'2018-06-19',1,30,0,2000.00,'[{\"price\": \"1500\", \"child_age_id\": 1}]','USD'),(536,1,'2018-06-20',1,30,0,2000.00,'[{\"price\": \"1500\", \"child_age_id\": 1}]','USD'),(537,1,'2018-06-21',1,30,0,2000.00,'[{\"price\": \"1500\", \"child_age_id\": 1}]','USD'),(538,1,'2018-06-22',1,30,0,2000.00,'[{\"price\": \"1500\", \"child_age_id\": 1}]','USD'),(539,1,'2018-06-23',1,30,0,2000.00,'[{\"price\": \"1500\", \"child_age_id\": 1}]','USD'),(540,1,'2018-06-24',1,30,0,2000.00,'[{\"price\": \"1500\", \"child_age_id\": 1}]','USD'),(541,1,'2018-06-25',1,30,0,2000.00,'[{\"price\": \"1500\", \"child_age_id\": 1}]','USD'),(542,1,'2018-06-26',1,30,0,2000.00,'[{\"price\": \"1500\", \"child_age_id\": 1}]','USD'),(543,1,'2018-06-27',1,30,0,2000.00,'[{\"price\": \"1500\", \"child_age_id\": 1}]','USD'),(544,1,'2018-06-28',1,30,0,2000.00,'[{\"price\": \"1500\", \"child_age_id\": 1}]','USD'),(545,1,'2018-06-29',1,30,0,2000.00,'[{\"price\": \"1500\", \"child_age_id\": 1}]','USD'),(546,1,'2018-06-30',1,30,0,2000.00,'[{\"price\": \"1500\", \"child_age_id\": 1}]','USD'),(547,1,'2018-07-01',1,30,0,2000.00,'[{\"price\": \"1500\", \"child_age_id\": 1}]','USD'),(548,1,'2018-07-02',1,30,0,2000.00,'[{\"price\": \"1500\", \"child_age_id\": 1}]','USD'),(549,1,'2018-07-03',1,30,0,2000.00,'[{\"price\": \"1500\", \"child_age_id\": 1}]','USD'),(550,1,'2018-07-04',1,30,0,2000.00,'[{\"price\": \"1500\", \"child_age_id\": 1}]','USD'),(551,1,'2018-07-05',1,30,0,2000.00,'[{\"price\": \"1500\", \"child_age_id\": 1}]','USD'),(552,1,'2018-07-06',1,30,0,2000.00,'[{\"price\": \"1500\", \"child_age_id\": 1}]','USD'),(553,1,'2018-07-07',1,30,0,2000.00,'[{\"price\": \"1500\", \"child_age_id\": 1}]','USD'),(554,1,'2018-07-08',1,30,0,2000.00,'[{\"price\": \"1500\", \"child_age_id\": 1}]','USD'),(555,1,'2018-07-09',1,30,0,2000.00,'[{\"price\": \"1500\", \"child_age_id\": 1}]','USD'),(556,1,'2018-07-10',1,30,0,2000.00,'[{\"price\": \"1500\", \"child_age_id\": 1}]','USD'),(557,1,'2018-07-11',1,30,0,2000.00,'[{\"price\": \"1500\", \"child_age_id\": 1}]','USD'),(558,1,'2018-07-12',1,30,0,2000.00,'[{\"price\": \"1500\", \"child_age_id\": 1}]','USD'),(559,1,'2018-07-13',1,30,0,2000.00,'[{\"price\": \"1500\", \"child_age_id\": 1}]','USD'),(560,1,'2018-07-14',1,30,0,2000.00,'[{\"price\": \"1500\", \"child_age_id\": 1}]','USD'),(561,1,'2018-07-15',1,30,0,2000.00,'[{\"price\": \"1500\", \"child_age_id\": 1}]','USD'),(562,1,'2018-07-16',1,30,0,2000.00,'[{\"price\": \"1500\", \"child_age_id\": 1}]','USD'),(563,1,'2018-07-17',1,30,0,2000.00,'[{\"price\": \"1500\", \"child_age_id\": 1}]','USD'),(564,1,'2018-07-18',1,30,0,2000.00,'[{\"price\": \"1500\", \"child_age_id\": 1}]','USD'),(565,1,'2018-07-19',1,30,0,2000.00,'[{\"price\": \"1500\", \"child_age_id\": 1}]','USD'),(566,1,'2018-07-20',1,30,0,2000.00,'[{\"price\": \"1500\", \"child_age_id\": 1}]','USD'),(567,1,'2018-07-21',1,30,0,2000.00,'[{\"price\": \"1500\", \"child_age_id\": 1}]','USD'),(568,1,'2018-07-22',1,30,0,2000.00,'[{\"price\": \"1500\", \"child_age_id\": 1}]','USD'),(569,1,'2018-07-23',1,30,0,2000.00,'[{\"price\": \"1500\", \"child_age_id\": 1}]','USD'),(570,1,'2018-07-24',1,30,0,2000.00,'[{\"price\": \"1500\", \"child_age_id\": 1}]','USD'),(571,1,'2018-07-25',1,30,0,2000.00,'[{\"price\": \"1500\", \"child_age_id\": 1}]','USD'),(572,1,'2018-07-26',1,30,0,2000.00,'[{\"price\": \"1500\", \"child_age_id\": 1}]','USD'),(573,1,'2018-07-27',1,30,0,2000.00,'[{\"price\": \"1500\", \"child_age_id\": 1}]','USD'),(574,1,'2018-07-28',1,30,0,2000.00,'[{\"price\": \"1500\", \"child_age_id\": 1}]','USD'),(575,1,'2018-07-29',1,30,0,2000.00,'[{\"price\": \"1500\", \"child_age_id\": 1}]','USD'),(576,1,'2018-07-30',1,30,0,2000.00,'[{\"price\": \"1500\", \"child_age_id\": 1}]','USD'),(577,1,'2018-07-31',1,30,0,2000.00,'[{\"price\": \"1500\", \"child_age_id\": 1}]','USD'),(578,1,'2018-08-01',1,30,0,2000.00,'[{\"price\": \"1500\", \"child_age_id\": 1}]','USD'),(579,1,'2018-08-02',1,30,0,2000.00,'[{\"price\": \"1500\", \"child_age_id\": 1}]','USD'),(580,1,'2018-08-03',1,30,0,2000.00,'[{\"price\": \"1500\", \"child_age_id\": 1}]','USD'),(581,1,'2018-08-04',1,30,0,2000.00,'[{\"price\": \"1500\", \"child_age_id\": 1}]','USD'),(582,1,'2018-08-05',1,30,0,2000.00,'[{\"price\": \"1500\", \"child_age_id\": 1}]','USD'),(583,1,'2018-08-06',1,30,0,2000.00,'[{\"price\": \"1500\", \"child_age_id\": 1}]','USD'),(584,1,'2018-08-07',1,30,0,2000.00,'[{\"price\": \"1500\", \"child_age_id\": 1}]','USD'),(585,1,'2018-08-08',1,30,0,2000.00,'[{\"price\": \"1500\", \"child_age_id\": 1}]','USD'),(586,1,'2018-08-09',1,30,0,2000.00,'[{\"price\": \"1500\", \"child_age_id\": 1}]','USD'),(587,1,'2018-08-10',1,30,0,2000.00,'[{\"price\": \"1500\", \"child_age_id\": 1}]','USD'),(588,1,'2018-08-11',1,30,0,2000.00,'[{\"price\": \"1500\", \"child_age_id\": 1}]','USD'),(589,1,'2018-08-12',1,30,0,2000.00,'[{\"price\": \"1500\", \"child_age_id\": 1}]','USD'),(590,1,'2018-08-13',1,30,0,2000.00,'[{\"price\": \"1500\", \"child_age_id\": 1}]','USD'),(591,1,'2018-08-14',1,30,0,2000.00,'[{\"price\": \"1500\", \"child_age_id\": 1}]','USD'),(592,1,'2018-08-15',1,30,0,2000.00,'[{\"price\": \"1500\", \"child_age_id\": 1}]','USD'),(593,1,'2018-08-16',1,30,0,2000.00,'[{\"price\": \"1500\", \"child_age_id\": 1}]','USD'),(594,1,'2018-08-17',1,30,0,2000.00,'[{\"price\": \"1500\", \"child_age_id\": 1}]','USD'),(595,1,'2018-08-18',1,30,0,2000.00,'[{\"price\": \"1500\", \"child_age_id\": 1}]','USD'),(596,1,'2018-08-19',1,30,0,2000.00,'[{\"price\": \"1500\", \"child_age_id\": 1}]','USD'),(597,1,'2018-08-20',1,30,0,2000.00,'[{\"price\": \"1500\", \"child_age_id\": 1}]','USD'),(598,1,'2018-08-21',1,30,0,2000.00,'[{\"price\": \"1500\", \"child_age_id\": 1}]','USD'),(599,1,'2018-08-22',1,30,0,2000.00,'[{\"price\": \"1500\", \"child_age_id\": 1}]','USD'),(600,1,'2018-08-23',1,30,0,2000.00,'[{\"price\": \"1500\", \"child_age_id\": 1}]','USD'),(601,1,'2018-08-24',1,30,0,2000.00,'[{\"price\": \"1500\", \"child_age_id\": 1}]','USD'),(602,1,'2018-08-25',1,30,0,2000.00,'[{\"price\": \"1500\", \"child_age_id\": 1}]','USD'),(603,1,'2018-08-26',1,30,0,2000.00,'[{\"price\": \"1500\", \"child_age_id\": 1}]','USD'),(604,1,'2018-08-27',1,30,0,2000.00,'[{\"price\": \"1500\", \"child_age_id\": 1}]','USD'),(605,1,'2018-08-28',1,30,0,2000.00,'[{\"price\": \"1500\", \"child_age_id\": 1}]','USD'),(606,1,'2018-08-29',1,30,0,2000.00,'[{\"price\": \"1500\", \"child_age_id\": 1}]','USD'),(607,1,'2018-08-30',1,30,0,2000.00,'[{\"price\": \"1500\", \"child_age_id\": 1}]','USD'),(608,1,'2018-08-31',1,30,0,2000.00,'[{\"price\": \"1500\", \"child_age_id\": 1}]','USD'),(609,1,'2018-09-01',1,30,0,2000.00,'[{\"price\": \"1500\", \"child_age_id\": 1}]','USD'),(610,1,'2018-09-02',1,30,0,2000.00,'[{\"price\": \"1500\", \"child_age_id\": 1}]','USD'),(611,1,'2018-09-03',1,30,0,2000.00,'[{\"price\": \"1500\", \"child_age_id\": 1}]','USD'),(612,1,'2018-09-04',1,30,0,2000.00,'[{\"price\": \"1500\", \"child_age_id\": 1}]','USD'),(613,1,'2018-09-05',1,30,0,2000.00,'[{\"price\": \"1500\", \"child_age_id\": 1}]','USD'),(614,1,'2018-09-06',1,30,0,2000.00,'[{\"price\": \"1500\", \"child_age_id\": 1}]','USD'),(615,1,'2018-09-07',1,30,0,2000.00,'[{\"price\": \"1500\", \"child_age_id\": 1}]','USD'),(616,1,'2018-09-08',1,30,0,2000.00,'[{\"price\": \"1500\", \"child_age_id\": 1}]','USD'),(617,1,'2018-09-09',1,30,0,2000.00,'[{\"price\": \"1500\", \"child_age_id\": 1}]','USD'),(618,1,'2018-09-10',1,30,0,2000.00,'[{\"price\": \"1500\", \"child_age_id\": 1}]','USD'),(619,1,'2018-09-11',1,30,0,2000.00,'[{\"price\": \"1500\", \"child_age_id\": 1}]','USD'),(620,1,'2018-09-12',1,30,0,2000.00,'[{\"price\": \"1500\", \"child_age_id\": 1}]','USD'),(621,1,'2018-09-13',1,30,0,2000.00,'[{\"price\": \"1500\", \"child_age_id\": 1}]','USD'),(622,1,'2018-09-14',1,30,0,2000.00,'[{\"price\": \"1500\", \"child_age_id\": 1}]','USD'),(623,1,'2018-09-15',1,30,0,2000.00,'[{\"price\": \"1500\", \"child_age_id\": 1}]','USD'),(624,1,'2018-09-16',1,30,0,2000.00,'[{\"price\": \"1500\", \"child_age_id\": 1}]','USD'),(625,1,'2018-09-17',1,30,0,2000.00,'[{\"price\": \"1500\", \"child_age_id\": 1}]','USD'),(626,1,'2018-09-18',1,30,0,2000.00,'[{\"price\": \"1500\", \"child_age_id\": 1}]','USD'),(627,1,'2018-09-19',1,30,0,2000.00,'[{\"price\": \"1500\", \"child_age_id\": 1}]','USD'),(628,1,'2018-09-20',1,30,0,2000.00,'[{\"price\": \"1500\", \"child_age_id\": 1}]','USD'),(629,1,'2018-09-21',1,30,0,2000.00,'[{\"price\": \"1500\", \"child_age_id\": 1}]','USD'),(630,1,'2018-09-22',1,30,0,2000.00,'[{\"price\": \"1500\", \"child_age_id\": 1}]','USD'),(631,1,'2018-09-23',1,30,0,2000.00,'[{\"price\": \"1500\", \"child_age_id\": 1}]','USD'),(632,1,'2018-09-24',1,30,0,2000.00,'[{\"price\": \"1500\", \"child_age_id\": 1}]','USD'),(633,1,'2018-09-25',1,30,0,2000.00,'[{\"price\": \"1500\", \"child_age_id\": 1}]','USD'),(634,1,'2018-09-26',1,30,0,2000.00,'[{\"price\": \"1500\", \"child_age_id\": 1}]','USD'),(635,1,'2018-09-27',1,30,0,2000.00,'[{\"price\": \"1500\", \"child_age_id\": 1}]','USD'),(636,1,'2018-09-28',1,30,0,2000.00,'[{\"price\": \"1500\", \"child_age_id\": 1}]','USD'),(637,1,'2018-09-29',1,30,0,2000.00,'[{\"price\": \"1500\", \"child_age_id\": 1}]','USD'),(638,1,'2018-09-30',1,30,0,2000.00,'[{\"price\": \"1500\", \"child_age_id\": 1}]','USD'),(639,1,'2018-10-01',1,30,0,2000.00,'[{\"price\": \"1500\", \"child_age_id\": 1}]','USD'),(640,1,'2018-10-02',1,30,0,2000.00,'[{\"price\": \"1500\", \"child_age_id\": 1}]','USD'),(641,1,'2018-10-03',1,30,0,2000.00,'[{\"price\": \"1500\", \"child_age_id\": 1}]','USD'),(642,1,'2018-10-04',1,30,0,2000.00,'[{\"price\": \"1500\", \"child_age_id\": 1}]','USD'),(643,1,'2018-10-05',1,30,0,2000.00,'[{\"price\": \"1500\", \"child_age_id\": 1}]','USD'),(644,1,'2018-10-06',1,30,0,2000.00,'[{\"price\": \"1500\", \"child_age_id\": 1}]','USD'),(645,1,'2018-10-07',1,30,0,2000.00,'[{\"price\": \"1500\", \"child_age_id\": 1}]','USD'),(646,1,'2018-10-08',1,30,0,2000.00,'[{\"price\": \"1500\", \"child_age_id\": 1}]','USD'),(647,1,'2018-10-09',1,30,0,2000.00,'[{\"price\": \"1500\", \"child_age_id\": 1}]','USD'),(648,1,'2018-10-10',1,30,0,2000.00,'[{\"price\": \"1500\", \"child_age_id\": 1}]','USD'),(649,1,'2018-10-11',1,30,0,2000.00,'[{\"price\": \"1500\", \"child_age_id\": 1}]','USD'),(650,1,'2018-10-12',1,30,0,2000.00,'[{\"price\": \"1500\", \"child_age_id\": 1}]','USD'),(651,1,'2018-10-13',1,30,0,2000.00,'[{\"price\": \"1500\", \"child_age_id\": 1}]','USD'),(652,1,'2018-10-14',1,30,0,2000.00,'[{\"price\": \"1500\", \"child_age_id\": 1}]','USD'),(653,1,'2018-10-15',1,30,0,2000.00,'[{\"price\": \"1500\", \"child_age_id\": 1}]','USD'),(654,1,'2018-10-16',1,30,0,2000.00,'[{\"price\": \"1500\", \"child_age_id\": 1}]','USD'),(655,1,'2018-10-17',1,30,0,2000.00,'[{\"price\": \"1500\", \"child_age_id\": 1}]','USD'),(656,1,'2018-10-18',1,30,0,2000.00,'[{\"price\": \"1500\", \"child_age_id\": 1}]','USD'),(657,1,'2018-10-19',1,30,0,2000.00,'[{\"price\": \"1500\", \"child_age_id\": 1}]','USD'),(658,1,'2018-10-20',1,30,0,2000.00,'[{\"price\": \"1500\", \"child_age_id\": 1}]','USD'),(659,1,'2018-10-21',1,30,0,2000.00,'[{\"price\": \"1500\", \"child_age_id\": 1}]','USD'),(660,1,'2018-10-22',1,30,0,2000.00,'[{\"price\": \"1500\", \"child_age_id\": 1}]','USD'),(661,1,'2018-10-23',1,30,0,2000.00,'[{\"price\": \"1500\", \"child_age_id\": 1}]','USD'),(662,1,'2018-10-24',1,30,0,2000.00,'[{\"price\": \"1500\", \"child_age_id\": 1}]','USD'),(663,1,'2018-10-25',1,30,0,2000.00,'[{\"price\": \"1500\", \"child_age_id\": 1}]','USD'),(664,1,'2018-10-26',1,30,0,2000.00,'[{\"price\": \"1500\", \"child_age_id\": 1}]','USD'),(665,1,'2018-10-27',1,30,0,2000.00,'[{\"price\": \"1500\", \"child_age_id\": 1}]','USD'),(666,1,'2018-10-28',1,30,0,2000.00,'[{\"price\": \"1500\", \"child_age_id\": 1}]','USD'),(667,1,'2018-10-29',1,30,0,2000.00,'[{\"price\": \"1500\", \"child_age_id\": 1}]','USD'),(668,1,'2018-10-30',1,30,0,2000.00,'[{\"price\": \"1500\", \"child_age_id\": 1}]','USD'),(669,1,'2018-10-31',1,30,0,2000.00,'[{\"price\": \"1500\", \"child_age_id\": 1}]','USD'),(670,1,'2018-11-01',1,30,0,2000.00,'[{\"price\": \"1500\", \"child_age_id\": 1}]','USD'),(671,1,'2018-11-02',1,30,0,2000.00,'[{\"price\": \"1500\", \"child_age_id\": 1}]','USD'),(672,1,'2018-11-03',1,30,0,2000.00,'[{\"price\": \"1500\", \"child_age_id\": 1}]','USD'),(673,1,'2018-11-04',1,30,0,2000.00,'[{\"price\": \"1500\", \"child_age_id\": 1}]','USD'),(674,1,'2018-11-05',1,30,0,2000.00,'[{\"price\": \"1500\", \"child_age_id\": 1}]','USD'),(675,1,'2018-11-06',1,30,0,2000.00,'[{\"price\": \"1500\", \"child_age_id\": 1}]','USD'),(676,1,'2018-11-07',1,30,0,2000.00,'[{\"price\": \"1500\", \"child_age_id\": 1}]','USD'),(677,1,'2018-11-08',1,30,0,2000.00,'[{\"price\": \"1500\", \"child_age_id\": 1}]','USD'),(678,1,'2018-11-09',1,30,0,2000.00,'[{\"price\": \"1500\", \"child_age_id\": 1}]','USD'),(679,1,'2018-11-10',1,30,0,2000.00,'[{\"price\": \"1500\", \"child_age_id\": 1}]','USD'),(680,1,'2018-11-11',1,30,0,2000.00,'[{\"price\": \"1500\", \"child_age_id\": 1}]','USD'),(681,1,'2018-11-12',1,30,0,2000.00,'[{\"price\": \"1500\", \"child_age_id\": 1}]','USD'),(682,1,'2018-11-13',1,30,0,2000.00,'[{\"price\": \"1500\", \"child_age_id\": 1}]','USD'),(683,1,'2018-11-14',1,30,0,2000.00,'[{\"price\": \"1500\", \"child_age_id\": 1}]','USD'),(684,1,'2018-11-15',1,30,0,2000.00,'[{\"price\": \"1500\", \"child_age_id\": 1}]','USD'),(685,1,'2018-11-16',1,30,0,2000.00,'[{\"price\": \"1500\", \"child_age_id\": 1}]','USD'),(686,1,'2018-11-17',1,30,0,2000.00,'[{\"price\": \"1500\", \"child_age_id\": 1}]','USD'),(687,1,'2018-11-18',1,30,0,2000.00,'[{\"price\": \"1500\", \"child_age_id\": 1}]','USD'),(688,1,'2018-11-19',1,30,0,2000.00,'[{\"price\": \"1500\", \"child_age_id\": 1}]','USD'),(689,1,'2018-11-20',1,30,0,2000.00,'[{\"price\": \"1500\", \"child_age_id\": 1}]','USD'),(690,1,'2018-11-21',1,30,0,2000.00,'[{\"price\": \"1500\", \"child_age_id\": 1}]','USD'),(691,1,'2018-11-22',1,30,0,2000.00,'[{\"price\": \"1500\", \"child_age_id\": 1}]','USD'),(692,1,'2018-11-23',1,30,0,2000.00,'[{\"price\": \"1500\", \"child_age_id\": 1}]','USD'),(693,1,'2018-11-24',1,30,0,2000.00,'[{\"price\": \"1500\", \"child_age_id\": 1}]','USD'),(694,1,'2018-11-25',1,30,0,2000.00,'[{\"price\": \"1500\", \"child_age_id\": 1}]','USD'),(695,1,'2018-11-26',1,30,0,2000.00,'[{\"price\": \"1500\", \"child_age_id\": 1}]','USD'),(696,1,'2018-11-27',1,30,0,2000.00,'[{\"price\": \"1500\", \"child_age_id\": 1}]','USD'),(697,1,'2018-11-28',1,30,0,2000.00,'[{\"price\": \"1500\", \"child_age_id\": 1}]','USD'),(698,1,'2018-11-29',1,30,0,2000.00,'[{\"price\": \"1500\", \"child_age_id\": 1}]','USD'),(699,1,'2018-11-30',1,30,0,2000.00,'[{\"price\": \"1500\", \"child_age_id\": 1}]','USD'),(700,1,'2018-12-01',1,30,0,2000.00,'[{\"price\": \"1500\", \"child_age_id\": 1}]','USD'),(701,1,'2018-12-02',1,30,0,2000.00,'[{\"price\": \"1500\", \"child_age_id\": 1}]','USD'),(702,1,'2018-12-03',1,30,0,2000.00,'[{\"price\": \"1500\", \"child_age_id\": 1}]','USD'),(703,1,'2018-12-04',1,30,0,2000.00,'[{\"price\": \"1500\", \"child_age_id\": 1}]','USD'),(704,1,'2018-12-05',1,30,0,2000.00,'[{\"price\": \"1500\", \"child_age_id\": 1}]','USD'),(705,1,'2018-12-06',1,30,0,2000.00,'[{\"price\": \"1500\", \"child_age_id\": 1}]','USD'),(706,1,'2018-12-07',1,30,0,2000.00,'[{\"price\": \"1500\", \"child_age_id\": 1}]','USD'),(707,1,'2018-12-08',1,30,0,2000.00,'[{\"price\": \"1500\", \"child_age_id\": 1}]','USD'),(708,1,'2018-12-09',1,30,0,2000.00,'[{\"price\": \"1500\", \"child_age_id\": 1}]','USD'),(709,1,'2018-12-10',1,30,0,2000.00,'[{\"price\": \"1500\", \"child_age_id\": 1}]','USD'),(710,1,'2018-12-11',1,30,0,2000.00,'[{\"price\": \"1500\", \"child_age_id\": 1}]','USD'),(711,1,'2018-12-12',1,30,0,2000.00,'[{\"price\": \"1500\", \"child_age_id\": 1}]','USD'),(712,1,'2018-12-13',1,30,0,2000.00,'[{\"price\": \"1500\", \"child_age_id\": 1}]','USD'),(713,1,'2018-12-14',1,30,0,2000.00,'[{\"price\": \"1500\", \"child_age_id\": 1}]','USD'),(714,1,'2018-12-15',1,30,0,2000.00,'[{\"price\": \"1500\", \"child_age_id\": 1}]','USD'),(715,1,'2018-12-16',1,30,0,2000.00,'[{\"price\": \"1500\", \"child_age_id\": 1}]','USD'),(716,1,'2018-12-17',1,30,0,2000.00,'[{\"price\": \"1500\", \"child_age_id\": 1}]','USD'),(717,1,'2018-12-18',1,30,0,2000.00,'[{\"price\": \"1500\", \"child_age_id\": 1}]','USD'),(718,1,'2018-12-19',1,30,0,2000.00,'[{\"price\": \"1500\", \"child_age_id\": 1}]','USD'),(719,1,'2018-12-20',1,30,0,2000.00,'[{\"price\": \"1500\", \"child_age_id\": 1}]','USD'),(720,1,'2018-12-21',1,30,0,2000.00,'[{\"price\": \"1500\", \"child_age_id\": 1}]','USD'),(721,1,'2018-12-22',1,30,0,2000.00,'[{\"price\": \"1500\", \"child_age_id\": 1}]','USD'),(722,1,'2018-12-23',1,30,0,2000.00,'[{\"price\": \"1500\", \"child_age_id\": 1}]','USD'),(723,1,'2018-12-24',1,30,0,2000.00,'[{\"price\": \"1500\", \"child_age_id\": 1}]','USD'),(724,1,'2018-12-25',1,30,0,2000.00,'[{\"price\": \"1500\", \"child_age_id\": 1}]','USD'),(725,1,'2018-12-26',1,30,0,2000.00,'[{\"price\": \"1500\", \"child_age_id\": 1}]','USD'),(726,1,'2018-12-27',1,30,0,2000.00,'[{\"price\": \"1500\", \"child_age_id\": 1}]','USD'),(727,1,'2018-12-28',1,30,0,2000.00,'[{\"price\": \"1500\", \"child_age_id\": 1}]','USD'),(728,1,'2018-12-29',1,30,0,2000.00,'[{\"price\": \"1500\", \"child_age_id\": 1}]','USD'),(729,1,'2018-12-30',1,30,0,2000.00,'[{\"price\": \"1500\", \"child_age_id\": 1}]','USD'),(730,1,'2018-12-31',1,30,0,2000.00,'[{\"price\": \"1500\", \"child_age_id\": 1}]','USD'),(1826,1,'2018-01-01',2,30,0,3000.00,'[]','INR'),(1827,1,'2018-01-02',2,30,0,3000.00,'[]','INR'),(1828,1,'2018-01-03',2,30,0,3000.00,'[]','INR'),(1829,1,'2018-01-04',2,30,0,3000.00,'[]','INR'),(1830,1,'2018-01-05',2,30,0,3000.00,'[]','INR'),(1831,1,'2018-01-06',2,30,0,3000.00,'[]','INR'),(1832,1,'2018-01-07',2,30,0,3000.00,'[]','INR'),(1833,1,'2018-01-08',2,30,0,3000.00,'[]','INR'),(1834,1,'2018-01-09',2,30,0,3000.00,'[]','INR'),(1835,1,'2018-01-10',2,30,0,3000.00,'[]','INR'),(1836,1,'2018-01-11',2,30,0,3000.00,'[]','INR'),(1837,1,'2018-01-12',2,30,0,3000.00,'[]','INR'),(1838,1,'2018-01-13',2,30,0,3000.00,'[]','INR'),(1839,1,'2018-01-14',2,30,0,3000.00,'[]','INR'),(1840,1,'2018-01-15',2,30,0,3000.00,'[]','INR'),(1841,1,'2018-01-16',2,30,0,3000.00,'[]','INR'),(1842,1,'2018-01-17',2,30,0,3000.00,'[]','INR'),(1843,1,'2018-01-18',2,30,0,3000.00,'[]','INR'),(1844,1,'2018-01-19',2,30,0,3000.00,'[]','INR'),(1845,1,'2018-01-20',2,30,0,3000.00,'[]','INR'),(1846,1,'2018-01-21',2,30,0,3000.00,'[]','INR'),(1847,1,'2018-01-22',2,30,0,3000.00,'[]','INR'),(1848,1,'2018-01-23',2,30,0,3000.00,'[]','INR'),(1849,1,'2018-01-24',2,30,0,3000.00,'[]','INR'),(1850,1,'2018-01-25',2,30,0,3000.00,'[]','INR'),(1851,1,'2018-01-26',2,30,0,3000.00,'[]','INR'),(1852,1,'2018-01-27',2,30,0,3000.00,'[]','INR'),(1853,1,'2018-01-28',2,30,0,3000.00,'[]','INR'),(1854,1,'2018-01-29',2,30,0,3000.00,'[]','INR'),(1855,1,'2018-01-30',2,30,0,3000.00,'[]','INR'),(1856,1,'2018-01-31',2,30,0,3000.00,'[]','INR'),(1857,1,'2018-02-01',2,30,0,3000.00,'[]','INR'),(1858,1,'2018-02-02',2,30,0,3000.00,'[]','INR'),(1859,1,'2018-02-03',2,30,0,3000.00,'[]','INR'),(1860,1,'2018-02-04',2,30,0,3000.00,'[]','INR'),(1861,1,'2018-02-05',2,30,0,3000.00,'[]','INR'),(1862,1,'2018-02-06',2,30,0,3000.00,'[]','INR'),(1863,1,'2018-02-07',2,30,0,3000.00,'[]','INR'),(1864,1,'2018-02-08',2,30,0,3000.00,'[]','INR'),(1865,1,'2018-02-09',2,30,0,3000.00,'[]','INR'),(1866,1,'2018-02-10',2,30,0,3000.00,'[]','INR'),(1867,1,'2018-02-11',2,30,0,3000.00,'[]','INR'),(1868,1,'2018-02-12',2,30,0,3000.00,'[]','INR'),(1869,1,'2018-02-13',2,30,0,3000.00,'[]','INR'),(1870,1,'2018-02-14',2,30,0,3000.00,'[]','INR'),(1871,1,'2018-02-15',2,30,0,3000.00,'[]','INR'),(1872,1,'2018-02-16',2,30,0,3000.00,'[]','INR'),(1873,1,'2018-02-17',2,30,0,3000.00,'[]','INR'),(1874,1,'2018-02-18',2,30,0,3000.00,'[]','INR'),(1875,1,'2018-02-19',2,30,0,3000.00,'[]','INR'),(1876,1,'2018-02-20',2,30,0,3000.00,'[]','INR'),(1877,1,'2018-02-21',2,30,0,3000.00,'[]','INR'),(1878,1,'2018-02-22',2,30,0,3000.00,'[]','INR'),(1879,1,'2018-02-23',2,30,0,3000.00,'[]','INR'),(1880,1,'2018-02-24',2,30,0,3000.00,'[]','INR'),(1881,1,'2018-02-25',2,30,0,3000.00,'[]','INR'),(1882,1,'2018-02-26',2,30,0,3000.00,'[]','INR'),(1883,1,'2018-02-27',2,30,0,3000.00,'[]','INR'),(1884,1,'2018-02-28',2,30,0,3000.00,'[]','INR'),(1885,1,'2018-03-01',2,30,0,3000.00,'[]','INR'),(1886,1,'2018-03-02',2,30,0,3000.00,'[]','INR'),(1887,1,'2018-03-03',2,30,0,3000.00,'[]','INR'),(1888,1,'2018-03-04',2,30,0,3000.00,'[]','INR'),(1889,1,'2018-03-05',2,30,0,3000.00,'[]','INR'),(1890,1,'2018-03-06',2,30,0,3000.00,'[]','INR'),(1891,1,'2018-03-07',2,30,0,3000.00,'[]','INR'),(1892,1,'2018-03-08',2,30,0,3000.00,'[]','INR'),(1893,1,'2018-03-09',2,30,0,3000.00,'[]','INR'),(1894,1,'2018-03-10',2,30,0,3000.00,'[]','INR'),(1895,1,'2018-03-11',2,30,0,3000.00,'[]','INR'),(1896,1,'2018-03-12',2,30,0,3000.00,'[]','INR'),(1897,1,'2018-03-13',2,30,0,3000.00,'[]','INR'),(1898,1,'2018-03-14',2,30,0,3000.00,'[]','INR'),(1899,1,'2018-03-15',2,30,0,3000.00,'[]','INR'),(1900,1,'2018-03-16',2,30,0,3000.00,'[]','INR'),(1901,1,'2018-03-17',2,30,0,3000.00,'[]','INR'),(1902,1,'2018-03-18',2,30,0,3000.00,'[]','INR'),(1903,1,'2018-03-19',2,30,0,3000.00,'[]','INR'),(1904,1,'2018-03-20',2,30,0,3000.00,'[]','INR'),(1905,1,'2018-03-21',2,30,0,3000.00,'[]','INR'),(1906,1,'2018-03-22',2,30,0,3000.00,'[]','INR'),(1907,1,'2018-03-23',2,30,0,3000.00,'[]','INR'),(1908,1,'2018-03-24',2,30,0,3000.00,'[]','INR'),(1909,1,'2018-03-25',2,30,0,3000.00,'[]','INR'),(1910,1,'2018-03-26',2,30,0,3000.00,'[]','INR'),(1911,1,'2018-03-27',2,30,0,3000.00,'[]','INR'),(1912,1,'2018-03-28',2,30,0,3000.00,'[]','INR'),(1913,1,'2018-03-29',2,30,0,3000.00,'[]','INR'),(1914,1,'2018-03-30',2,30,0,3000.00,'[]','INR'),(1915,1,'2018-03-31',2,30,0,3000.00,'[]','INR'),(1916,1,'2018-04-01',2,30,0,3000.00,'[]','INR'),(1917,1,'2018-04-02',2,30,0,3000.00,'[]','INR'),(1918,1,'2018-04-03',2,30,0,3000.00,'[]','INR'),(1919,1,'2018-04-04',2,30,0,3000.00,'[]','INR'),(1920,1,'2018-04-05',2,30,0,3000.00,'[]','INR'),(1921,1,'2018-04-06',2,30,0,3000.00,'[]','INR'),(1922,1,'2018-04-07',2,30,0,3000.00,'[]','INR'),(1923,1,'2018-04-08',2,30,0,3000.00,'[]','INR'),(1924,1,'2018-04-09',2,30,0,3000.00,'[]','INR'),(1925,1,'2018-04-10',2,30,0,3000.00,'[]','INR'),(1926,1,'2018-04-11',2,30,0,3000.00,'[]','INR'),(1927,1,'2018-04-12',2,30,0,3000.00,'[]','INR'),(1928,1,'2018-04-13',2,30,0,3000.00,'[]','INR'),(1929,1,'2018-04-14',2,30,0,3000.00,'[]','INR'),(1930,1,'2018-04-15',2,30,0,3000.00,'[]','INR'),(1931,1,'2018-04-16',2,30,0,3000.00,'[]','INR'),(1932,1,'2018-04-17',2,30,0,3000.00,'[]','INR'),(1933,1,'2018-04-18',2,30,0,3000.00,'[]','INR'),(1934,1,'2018-04-19',2,30,0,3000.00,'[]','INR'),(1935,1,'2018-04-20',2,30,0,3000.00,'[]','INR'),(1936,1,'2018-04-21',2,30,0,3000.00,'[]','INR'),(1937,1,'2018-04-22',2,30,0,3000.00,'[]','INR'),(1938,1,'2018-04-23',2,30,0,3000.00,'[]','INR'),(1939,1,'2018-04-24',2,30,0,3000.00,'[]','INR'),(1940,1,'2018-04-25',2,30,0,3000.00,'[]','INR'),(1941,1,'2018-04-26',2,30,0,3000.00,'[]','INR'),(1942,1,'2018-04-27',2,30,0,3000.00,'[]','INR'),(1943,1,'2018-04-28',2,30,0,3000.00,'[]','INR'),(1944,1,'2018-04-29',2,30,0,3000.00,'[]','INR'),(1945,1,'2018-04-30',2,30,0,3000.00,'[]','INR'),(1946,1,'2018-05-01',2,30,0,3000.00,'[]','INR'),(1947,1,'2018-05-02',2,30,0,3000.00,'[]','INR'),(1948,1,'2018-05-03',2,30,0,3000.00,'[]','INR'),(1949,1,'2018-05-04',2,30,0,3000.00,'[]','INR'),(1950,1,'2018-05-05',2,30,0,3000.00,'[]','INR'),(1951,1,'2018-05-06',2,30,0,3000.00,'[]','INR'),(1952,1,'2018-05-07',2,30,0,3000.00,'[]','INR'),(1953,1,'2018-05-08',2,30,0,3000.00,'[]','INR'),(1954,1,'2018-05-09',2,30,0,3000.00,'[]','INR'),(1955,1,'2018-05-10',2,30,0,3000.00,'[]','INR'),(1956,1,'2018-05-11',2,30,0,3000.00,'[]','INR'),(1957,1,'2018-05-12',2,30,0,3000.00,'[]','INR'),(1958,1,'2018-05-13',2,30,0,3000.00,'[]','INR'),(1959,1,'2018-05-14',2,30,0,3000.00,'[]','INR'),(1960,1,'2018-05-15',2,30,0,3000.00,'[]','INR'),(1961,1,'2018-05-16',2,30,0,3000.00,'[]','INR'),(1962,1,'2018-05-17',2,30,0,3000.00,'[]','INR'),(1963,1,'2018-05-18',2,30,0,3000.00,'[]','INR'),(1964,1,'2018-05-19',2,30,0,3000.00,'[]','INR'),(1965,1,'2018-05-20',2,30,0,3000.00,'[]','INR'),(1966,1,'2018-05-21',2,30,0,3000.00,'[]','INR'),(1967,1,'2018-05-22',2,30,0,3000.00,'[]','INR'),(1968,1,'2018-05-23',2,30,0,3000.00,'[]','INR'),(1969,1,'2018-05-24',2,30,0,3000.00,'[]','INR'),(1970,1,'2018-05-25',2,30,0,3000.00,'[]','INR'),(1971,1,'2018-05-26',2,30,0,3000.00,'[]','INR'),(1972,1,'2018-05-27',2,30,0,3000.00,'[]','INR'),(1973,1,'2018-05-28',2,30,0,3000.00,'[]','INR'),(1974,1,'2018-05-29',2,30,0,3000.00,'[]','INR'),(1975,1,'2018-05-30',2,30,0,3000.00,'[]','INR'),(1976,1,'2018-05-31',2,30,0,3000.00,'[]','INR'),(1977,1,'2018-06-01',2,30,0,3000.00,'[]','INR'),(1978,1,'2018-06-02',2,30,0,3000.00,'[]','INR'),(1979,1,'2018-06-03',2,30,0,3000.00,'[]','INR'),(1980,1,'2018-06-04',2,30,0,3000.00,'[]','INR'),(1981,1,'2018-06-05',2,30,0,3000.00,'[]','INR'),(1982,1,'2018-06-06',2,30,0,3000.00,'[]','INR'),(1983,1,'2018-06-07',2,30,0,3000.00,'[]','INR'),(1984,1,'2018-06-08',2,30,0,3000.00,'[]','INR'),(1985,1,'2018-06-09',2,30,0,3000.00,'[]','INR'),(1986,1,'2018-06-10',2,30,0,3000.00,'[]','INR'),(1987,1,'2018-06-11',2,30,0,3000.00,'[]','INR'),(1988,1,'2018-06-12',2,30,0,3000.00,'[]','INR'),(1989,1,'2018-06-13',2,30,0,3000.00,'[]','INR'),(1990,1,'2018-06-14',2,30,0,3000.00,'[]','INR'),(1991,1,'2018-06-15',2,30,0,3000.00,'[]','INR'),(1992,1,'2018-06-16',2,30,0,3000.00,'[]','INR'),(1993,1,'2018-06-17',2,30,0,3000.00,'[]','INR'),(1994,1,'2018-06-18',2,30,0,3000.00,'[]','INR'),(1995,1,'2018-06-19',2,30,0,3000.00,'[]','INR'),(1996,1,'2018-06-20',2,30,0,3000.00,'[]','INR'),(1997,1,'2018-06-21',2,30,0,3000.00,'[]','INR'),(1998,1,'2018-06-22',2,30,0,3000.00,'[]','INR'),(1999,1,'2018-06-23',2,30,0,3000.00,'[]','INR'),(2000,1,'2018-06-24',2,30,0,3000.00,'[]','INR'),(2001,1,'2018-06-25',2,30,0,3000.00,'[]','INR'),(2002,1,'2018-06-26',2,30,0,3000.00,'[]','INR'),(2003,1,'2018-06-27',2,30,0,3000.00,'[]','INR'),(2004,1,'2018-06-28',2,30,0,3000.00,'[]','INR'),(2005,1,'2018-06-29',2,30,0,3000.00,'[]','INR'),(2006,1,'2018-06-30',2,30,0,3000.00,'[]','INR'),(2007,1,'2018-07-01',2,30,0,3000.00,'[]','INR'),(2008,1,'2018-07-02',2,30,0,3000.00,'[]','INR'),(2009,1,'2018-07-03',2,30,0,3000.00,'[]','INR'),(2010,1,'2018-07-04',2,30,0,3000.00,'[]','INR'),(2011,1,'2018-07-05',2,30,0,3000.00,'[]','INR'),(2012,1,'2018-07-06',2,30,0,3000.00,'[]','INR'),(2013,1,'2018-07-07',2,30,0,3000.00,'[]','INR'),(2014,1,'2018-07-08',2,30,0,3000.00,'[]','INR'),(2015,1,'2018-07-09',2,30,0,3000.00,'[]','INR'),(2016,1,'2018-07-10',2,30,0,3000.00,'[]','INR'),(2017,1,'2018-07-11',2,30,0,3000.00,'[]','INR'),(2018,1,'2018-07-12',2,30,0,3000.00,'[]','INR'),(2019,1,'2018-07-13',2,30,0,3000.00,'[]','INR'),(2020,1,'2018-07-14',2,30,0,3000.00,'[]','INR'),(2021,1,'2018-07-15',2,30,0,3000.00,'[]','INR'),(2022,1,'2018-07-16',2,30,0,3000.00,'[]','INR'),(2023,1,'2018-07-17',2,30,0,3000.00,'[]','INR'),(2024,1,'2018-07-18',2,30,0,3000.00,'[]','INR'),(2025,1,'2018-07-19',2,30,0,3000.00,'[]','INR'),(2026,1,'2018-07-20',2,30,0,3000.00,'[]','INR'),(2027,1,'2018-07-21',2,30,0,3000.00,'[]','INR'),(2028,1,'2018-07-22',2,30,0,3000.00,'[]','INR'),(2029,1,'2018-07-23',2,30,0,3000.00,'[]','INR'),(2030,1,'2018-07-24',2,30,0,3000.00,'[]','INR'),(2031,1,'2018-07-25',2,30,0,3000.00,'[]','INR'),(2032,1,'2018-07-26',2,30,0,3000.00,'[]','INR'),(2033,1,'2018-07-27',2,30,0,3000.00,'[]','INR'),(2034,1,'2018-07-28',2,30,0,3000.00,'[]','INR'),(2035,1,'2018-07-29',2,30,0,3000.00,'[]','INR'),(2036,1,'2018-07-30',2,30,0,3000.00,'[]','INR'),(2037,1,'2018-07-31',2,30,0,3000.00,'[]','INR'),(2038,1,'2018-08-01',2,30,0,3000.00,'[]','INR'),(2039,1,'2018-08-02',2,30,0,3000.00,'[]','INR'),(2040,1,'2018-08-03',2,30,0,3000.00,'[]','INR'),(2041,1,'2018-08-04',2,30,0,3000.00,'[]','INR'),(2042,1,'2018-08-05',2,30,0,3000.00,'[]','INR'),(2043,1,'2018-08-06',2,30,0,3000.00,'[]','INR'),(2044,1,'2018-08-07',2,30,0,3000.00,'[]','INR'),(2045,1,'2018-08-08',2,30,0,3000.00,'[]','INR'),(2046,1,'2018-08-09',2,30,0,3000.00,'[]','INR'),(2047,1,'2018-08-10',2,30,0,3000.00,'[]','INR'),(2048,1,'2018-08-11',2,30,0,3000.00,'[]','INR'),(2049,1,'2018-08-12',2,30,0,3000.00,'[]','INR'),(2050,1,'2018-08-13',2,30,0,3000.00,'[]','INR'),(2051,1,'2018-08-14',2,30,0,3000.00,'[]','INR'),(2052,1,'2018-08-15',2,30,0,3000.00,'[]','INR'),(2053,1,'2018-08-16',2,30,0,3000.00,'[]','INR'),(2054,1,'2018-08-17',2,30,0,3000.00,'[]','INR'),(2055,1,'2018-08-18',2,30,0,3000.00,'[]','INR'),(2056,1,'2018-08-19',2,30,0,3000.00,'[]','INR'),(2057,1,'2018-08-20',2,30,0,3000.00,'[]','INR'),(2058,1,'2018-08-21',2,30,0,3000.00,'[]','INR'),(2059,1,'2018-08-22',2,30,0,3000.00,'[]','INR'),(2060,1,'2018-08-23',2,30,0,3000.00,'[]','INR'),(2061,1,'2018-08-24',2,30,0,3000.00,'[]','INR'),(2062,1,'2018-08-25',2,30,0,3000.00,'[]','INR'),(2063,1,'2018-08-26',2,30,0,3000.00,'[]','INR'),(2064,1,'2018-08-27',2,30,0,3000.00,'[]','INR'),(2065,1,'2018-08-28',2,30,0,3000.00,'[]','INR'),(2066,1,'2018-08-29',2,30,0,3000.00,'[]','INR'),(2067,1,'2018-08-30',2,30,0,3000.00,'[]','INR'),(2068,1,'2018-08-31',2,30,0,3000.00,'[]','INR'),(2069,1,'2018-09-01',2,30,0,3000.00,'[]','INR'),(2070,1,'2018-09-02',2,30,0,3000.00,'[]','INR'),(2071,1,'2018-09-03',2,30,0,3000.00,'[]','INR'),(2072,1,'2018-09-04',2,30,0,3000.00,'[]','INR'),(2073,1,'2018-09-05',2,30,0,3000.00,'[]','INR'),(2074,1,'2018-09-06',2,30,0,3000.00,'[]','INR'),(2075,1,'2018-09-07',2,30,0,3000.00,'[]','INR'),(2076,1,'2018-09-08',2,30,0,3000.00,'[]','INR'),(2077,1,'2018-09-09',2,30,0,3000.00,'[]','INR'),(2078,1,'2018-09-10',2,30,0,3000.00,'[]','INR'),(2079,1,'2018-09-11',2,30,0,3000.00,'[]','INR'),(2080,1,'2018-09-12',2,30,0,3000.00,'[]','INR'),(2081,1,'2018-09-13',2,30,0,3000.00,'[]','INR'),(2082,1,'2018-09-14',2,30,0,3000.00,'[]','INR'),(2083,1,'2018-09-15',2,30,0,3000.00,'[]','INR'),(2084,1,'2018-09-16',2,30,0,3000.00,'[]','INR'),(2085,1,'2018-09-17',2,30,0,3000.00,'[]','INR'),(2086,1,'2018-09-18',2,30,0,3000.00,'[]','INR'),(2087,1,'2018-09-19',2,30,0,3000.00,'[]','INR'),(2088,1,'2018-09-20',2,30,0,3000.00,'[]','INR'),(2089,1,'2018-09-21',2,30,0,3000.00,'[]','INR'),(2090,1,'2018-09-22',2,30,0,3000.00,'[]','INR'),(2091,1,'2018-09-23',2,30,0,3000.00,'[]','INR'),(2092,1,'2018-09-24',2,30,0,3000.00,'[]','INR'),(2093,1,'2018-09-25',2,30,0,3000.00,'[]','INR'),(2094,1,'2018-09-26',2,30,0,3000.00,'[]','INR'),(2095,1,'2018-09-27',2,30,0,3000.00,'[]','INR'),(2096,1,'2018-09-28',2,30,0,3000.00,'[]','INR'),(2097,1,'2018-09-29',2,30,0,3000.00,'[]','INR'),(2098,1,'2018-09-30',2,30,0,3000.00,'[]','INR'),(2099,1,'2018-10-01',2,30,0,3000.00,'[]','INR'),(2100,1,'2018-10-02',2,30,0,3000.00,'[]','INR'),(2101,1,'2018-10-03',2,30,0,3000.00,'[]','INR'),(2102,1,'2018-10-04',2,30,0,3000.00,'[]','INR'),(2103,1,'2018-10-05',2,30,0,3000.00,'[]','INR'),(2104,1,'2018-10-06',2,30,0,3000.00,'[]','INR'),(2105,1,'2018-10-07',2,30,0,3000.00,'[]','INR'),(2106,1,'2018-10-08',2,30,0,3000.00,'[]','INR'),(2107,1,'2018-10-09',2,30,0,3000.00,'[]','INR'),(2108,1,'2018-10-10',2,30,0,3000.00,'[]','INR'),(2109,1,'2018-10-11',2,30,0,3000.00,'[]','INR'),(2110,1,'2018-10-12',2,30,0,3000.00,'[]','INR'),(2111,1,'2018-10-13',2,30,0,3000.00,'[]','INR'),(2112,1,'2018-10-14',2,30,0,3000.00,'[]','INR'),(2113,1,'2018-10-15',2,30,0,3000.00,'[]','INR'),(2114,1,'2018-10-16',2,30,0,3000.00,'[]','INR'),(2115,1,'2018-10-17',2,30,0,3000.00,'[]','INR'),(2116,1,'2018-10-18',2,30,0,3000.00,'[]','INR'),(2117,1,'2018-10-19',2,30,0,3000.00,'[]','INR'),(2118,1,'2018-10-20',2,30,0,3000.00,'[]','INR'),(2119,1,'2018-10-21',2,30,0,3000.00,'[]','INR'),(2120,1,'2018-10-22',2,30,0,3000.00,'[]','INR'),(2121,1,'2018-10-23',2,30,0,3000.00,'[]','INR'),(2122,1,'2018-10-24',2,30,0,3000.00,'[]','INR'),(2123,1,'2018-10-25',2,30,0,3000.00,'[]','INR'),(2124,1,'2018-10-26',2,30,0,3000.00,'[]','INR'),(2125,1,'2018-10-27',2,30,0,3000.00,'[]','INR'),(2126,1,'2018-10-28',2,30,0,3000.00,'[]','INR'),(2127,1,'2018-10-29',2,30,0,3000.00,'[]','INR'),(2128,1,'2018-10-30',2,30,0,3000.00,'[]','INR'),(2129,1,'2018-10-31',2,30,0,3000.00,'[]','INR'),(2130,1,'2018-11-01',2,30,0,3000.00,'[]','INR'),(2131,1,'2018-11-02',2,30,0,3000.00,'[]','INR'),(2132,1,'2018-11-03',2,30,0,3000.00,'[]','INR'),(2133,1,'2018-11-04',2,30,0,3000.00,'[]','INR'),(2134,1,'2018-11-05',2,30,0,3000.00,'[]','INR'),(2135,1,'2018-11-06',2,30,0,3000.00,'[]','INR'),(2136,1,'2018-11-07',2,30,0,3000.00,'[]','INR'),(2137,1,'2018-11-08',2,30,0,3000.00,'[]','INR'),(2138,1,'2018-11-09',2,30,0,3000.00,'[]','INR'),(2139,1,'2018-11-10',2,30,0,3000.00,'[]','INR'),(2140,1,'2018-11-11',2,30,0,3000.00,'[]','INR'),(2141,1,'2018-11-12',2,30,0,3000.00,'[]','INR'),(2142,1,'2018-11-13',2,30,0,3000.00,'[]','INR'),(2143,1,'2018-11-14',2,30,0,3000.00,'[]','INR'),(2144,1,'2018-11-15',2,30,0,3000.00,'[]','INR'),(2145,1,'2018-11-16',2,30,0,3000.00,'[]','INR'),(2146,1,'2018-11-17',2,30,0,3000.00,'[]','INR'),(2147,1,'2018-11-18',2,30,0,3000.00,'[]','INR'),(2148,1,'2018-11-19',2,30,0,3000.00,'[]','INR'),(2149,1,'2018-11-20',2,30,0,3000.00,'[]','INR'),(2150,1,'2018-11-21',2,30,0,3000.00,'[]','INR'),(2151,1,'2018-11-22',2,30,0,3000.00,'[]','INR'),(2152,1,'2018-11-23',2,30,0,3000.00,'[]','INR'),(2153,1,'2018-11-24',2,30,0,3000.00,'[]','INR'),(2154,1,'2018-11-25',2,30,0,3000.00,'[]','INR'),(2155,1,'2018-11-26',2,30,0,3000.00,'[]','INR'),(2156,1,'2018-11-27',2,30,0,3000.00,'[]','INR'),(2157,1,'2018-11-28',2,30,0,3000.00,'[]','INR'),(2158,1,'2018-11-29',2,30,0,3000.00,'[]','INR'),(2159,1,'2018-11-30',2,30,0,3000.00,'[]','INR'),(2160,1,'2018-12-01',2,30,0,3000.00,'[]','INR'),(2161,1,'2018-12-02',2,30,0,3000.00,'[]','INR'),(2162,1,'2018-12-03',2,30,0,3000.00,'[]','INR'),(2163,1,'2018-12-04',2,30,0,3000.00,'[]','INR'),(2164,1,'2018-12-05',2,30,0,3000.00,'[]','INR'),(2165,1,'2018-12-06',2,30,0,3000.00,'[]','INR'),(2166,1,'2018-12-07',2,30,0,3000.00,'[]','INR'),(2167,1,'2018-12-08',2,30,0,3000.00,'[]','INR'),(2168,1,'2018-12-09',2,30,0,3000.00,'[]','INR'),(2169,1,'2018-12-10',2,30,0,3000.00,'[]','INR'),(2170,1,'2018-12-11',2,30,0,3000.00,'[]','INR'),(2171,1,'2018-12-12',2,30,0,3000.00,'[]','INR'),(2172,1,'2018-12-13',2,30,0,3000.00,'[]','INR'),(2173,1,'2018-12-14',2,30,0,3000.00,'[]','INR'),(2174,1,'2018-12-15',2,30,0,3000.00,'[]','INR'),(2175,1,'2018-12-16',2,30,0,3000.00,'[]','INR'),(2176,1,'2018-12-17',2,30,0,3000.00,'[]','INR'),(2177,1,'2018-12-18',2,30,0,3000.00,'[]','INR'),(2178,1,'2018-12-19',2,30,0,3000.00,'[]','INR'),(2179,1,'2018-12-20',2,30,0,3000.00,'[]','INR'),(2180,1,'2018-12-21',2,30,0,3000.00,'[]','INR'),(2181,1,'2018-12-22',2,30,0,3000.00,'[]','INR'),(2182,1,'2018-12-23',2,30,0,3000.00,'[]','INR'),(2183,1,'2018-12-24',2,30,0,3000.00,'[]','INR'),(2184,1,'2018-12-25',2,30,0,3000.00,'[]','INR'),(2185,1,'2018-12-26',2,30,0,3000.00,'[]','INR'),(2186,1,'2018-12-27',2,30,0,3000.00,'[]','INR'),(2187,1,'2018-12-28',2,30,0,3000.00,'[]','INR'),(2188,1,'2018-12-29',2,30,0,3000.00,'[]','INR'),(2189,1,'2018-12-30',2,30,0,3000.00,'[]','INR'),(2190,1,'2018-12-31',2,30,0,3000.00,'[]','INR');
/*!40000 ALTER TABLE `visa_pricings` ENABLE KEYS */;
UNLOCK TABLES;
DROP TABLE IF EXISTS `visa_types`;
/*!40101 SET @saved_cs_client     = @@character_set_client */;
/*!40101 SET character_set_client = utf8 */;
CREATE TABLE `visa_types` (
  `id` int(10) unsigned NOT NULL AUTO_INCREMENT,
  `name` varchar(255) COLLATE utf8mb4_unicode_ci NOT NULL,
  `slug` varchar(255) COLLATE utf8mb4_unicode_ci NOT NULL,
  PRIMARY KEY (`id`)
) ENGINE=InnoDB AUTO_INCREMENT=2 DEFAULT CHARSET=utf8mb4 COLLATE=utf8mb4_unicode_ci;
/*!40101 SET character_set_client = @saved_cs_client */;

LOCK TABLES `visa_types` WRITE;
/*!40000 ALTER TABLE `visa_types` DISABLE KEYS */;
INSERT INTO `visa_types` VALUES (1,'Visit Visa','visit-visa');
/*!40000 ALTER TABLE `visa_types` ENABLE KEYS */;
UNLOCK TABLES;
DROP TABLE IF EXISTS `visas`;
/*!40101 SET @saved_cs_client     = @@character_set_client */;
/*!40101 SET character_set_client = utf8 */;
CREATE TABLE `visas` (
  `id` int(10) unsigned NOT NULL AUTO_INCREMENT,
  `country_id` int(11) NOT NULL,
  `visa_type_id` int(11) NOT NULL,
  `name` varchar(255) COLLATE utf8mb4_unicode_ci NOT NULL,
  `slug` varchar(255) COLLATE utf8mb4_unicode_ci NOT NULL,
  PRIMARY KEY (`id`)
) ENGINE=InnoDB AUTO_INCREMENT=3 DEFAULT CHARSET=utf8mb4 COLLATE=utf8mb4_unicode_ci;
/*!40101 SET character_set_client = @saved_cs_client */;

LOCK TABLES `visas` WRITE;
/*!40000 ALTER TABLE `visas` DISABLE KEYS */;
INSERT INTO `visas` VALUES (1,8,1,'Single Entry Short Term Tourist Visa(30 DAYS)','single-entry-short-term-tourist-visa30-days'),(2,8,1,'Multiple Entry 90-Days Visa','multiple-entry-90-days-visa');
/*!40000 ALTER TABLE `visas` ENABLE KEYS */;
UNLOCK TABLES;
/*!40103 SET TIME_ZONE=@OLD_TIME_ZONE */;

/*!40101 SET SQL_MODE=@OLD_SQL_MODE */;
/*!40014 SET FOREIGN_KEY_CHECKS=@OLD_FOREIGN_KEY_CHECKS */;
/*!40014 SET UNIQUE_CHECKS=@OLD_UNIQUE_CHECKS */;
/*!40101 SET CHARACTER_SET_CLIENT=@OLD_CHARACTER_SET_CLIENT */;
/*!40101 SET CHARACTER_SET_RESULTS=@OLD_CHARACTER_SET_RESULTS */;
/*!40101 SET COLLATION_CONNECTION=@OLD_COLLATION_CONNECTION */;
/*!40111 SET SQL_NOTES=@OLD_SQL_NOTES */;

